
C:/Users/litas/CLionProjects/embedded-project-spring-26/cmake-build-debug/blink.elf:     file format elf32-littlearm

Sections:
Idx Name          Size      VMA       LMA       File off  Algn
  0 .boot2        00000100  10000000  10000000  00001000  2**0
                  CONTENTS, ALLOC, LOAD, READONLY, CODE
  1 .text         000054a8  10000100  10000100  00001100  2**3
                  CONTENTS, ALLOC, LOAD, READONLY, CODE
  2 .rodata       00000ce0  100055a8  100055a8  000065a8  2**3
                  CONTENTS, ALLOC, LOAD, READONLY, DATA
  3 .binary_info  00000028  10006288  10006288  00007288  2**2
                  CONTENTS, ALLOC, LOAD, READONLY, DATA
  4 .ram_vector_table 000000c0  20000000  20000000  00009000  2**2
                  ALLOC
  5 .uninitialized_data 00000000  200000c0  200000c0  00008848  2**0
                  CONTENTS
  6 .data         00000788  200000c0  100062b0  000080c0  2**4
                  CONTENTS, ALLOC, LOAD, READONLY, CODE
  7 .tdata        00000000  20000848  20000848  00008848  2**0
                  CONTENTS, ALLOC, LOAD, DATA, THREAD_LOCAL
  8 .tbss         00000000  20000848  20000848  00000000  2**0
                  ALLOC, THREAD_LOCAL
  9 .bss          00000590  20000848  10006a38  00008848  2**3
                  ALLOC
 10 .heap         00000800  20000dd8  10006a38  00008dd8  2**2
                  ALLOC, READONLY
 11 .scratch_x    00000000  20040000  20040000  00008848  2**0
                  CONTENTS
 12 .scratch_y    00000000  20041000  20041000  00008848  2**0
                  CONTENTS
 13 .stack_dummy  00000800  20041000  20041000  00009000  2**5
                  ALLOC, READONLY
 14 .ARM.attributes 00000028  00000000  00000000  00008848  2**0
                  CONTENTS, READONLY
 15 .comment      00000045  00000000  00000000  00008870  2**0
                  CONTENTS, READONLY
 16 .debug_info   0001aa84  00000000  00000000  000088b5  2**0
                  CONTENTS, READONLY, DEBUGGING, OCTETS
 17 .debug_abbrev 00005c13  00000000  00000000  00023339  2**0
                  CONTENTS, READONLY, DEBUGGING, OCTETS
 18 .debug_loclists 0000a779  00000000  00000000  00028f4c  2**0
                  CONTENTS, READONLY, DEBUGGING, OCTETS
 19 .debug_aranges 000010a8  00000000  00000000  000336c8  2**3
                  CONTENTS, READONLY, DEBUGGING, OCTETS
 20 .debug_rnglists 0000114b  00000000  00000000  00034770  2**0
                  CONTENTS, READONLY, DEBUGGING, OCTETS
 21 .debug_line   00010e45  00000000  00000000  000358bb  2**0
                  CONTENTS, READONLY, DEBUGGING, OCTETS
 22 .debug_str    00004cd5  00000000  00000000  00046700  2**0
                  CONTENTS, READONLY, DEBUGGING, OCTETS
 23 .debug_frame  00002630  00000000  00000000  0004b3d8  2**2
                  CONTENTS, READONLY, DEBUGGING, OCTETS
 24 .debug_line_str 000002e2  00000000  00000000  0004da08  2**0
                  CONTENTS, READONLY, DEBUGGING, OCTETS

C:/Users/litas/CLionProjects/embedded-project-spring-26/cmake-build-debug/blink.elf:     file format elf32-littlearm


Disassembly of section .boot2:

10000000 <__boot2_start__>:
10000000:	4b32b500 	.word	0x4b32b500
10000004:	60582021 	.word	0x60582021
10000008:	21026898 	.word	0x21026898
1000000c:	60984388 	.word	0x60984388
10000010:	611860d8 	.word	0x611860d8
10000014:	4b2e6158 	.word	0x4b2e6158
10000018:	60992100 	.word	0x60992100
1000001c:	61592102 	.word	0x61592102
10000020:	22f02101 	.word	0x22f02101
10000024:	492b5099 	.word	0x492b5099
10000028:	21016019 	.word	0x21016019
1000002c:	20356099 	.word	0x20356099
10000030:	f844f000 	.word	0xf844f000
10000034:	42902202 	.word	0x42902202
10000038:	2106d014 	.word	0x2106d014
1000003c:	f0006619 	.word	0xf0006619
10000040:	6e19f834 	.word	0x6e19f834
10000044:	66192101 	.word	0x66192101
10000048:	66182000 	.word	0x66182000
1000004c:	f000661a 	.word	0xf000661a
10000050:	6e19f82c 	.word	0x6e19f82c
10000054:	6e196e19 	.word	0x6e196e19
10000058:	f0002005 	.word	0xf0002005
1000005c:	2101f82f 	.word	0x2101f82f
10000060:	d1f94208 	.word	0xd1f94208
10000064:	60992100 	.word	0x60992100
10000068:	6019491b 	.word	0x6019491b
1000006c:	60592100 	.word	0x60592100
10000070:	481b491a 	.word	0x481b491a
10000074:	21016001 	.word	0x21016001
10000078:	21eb6099 	.word	0x21eb6099
1000007c:	21a06619 	.word	0x21a06619
10000080:	f0006619 	.word	0xf0006619
10000084:	2100f812 	.word	0x2100f812
10000088:	49166099 	.word	0x49166099
1000008c:	60014814 	.word	0x60014814
10000090:	60992101 	.word	0x60992101
10000094:	2800bc01 	.word	0x2800bc01
10000098:	4700d000 	.word	0x4700d000
1000009c:	49134812 	.word	0x49134812
100000a0:	c8036008 	.word	0xc8036008
100000a4:	8808f380 	.word	0x8808f380
100000a8:	b5034708 	.word	0xb5034708
100000ac:	20046a99 	.word	0x20046a99
100000b0:	d0fb4201 	.word	0xd0fb4201
100000b4:	42012001 	.word	0x42012001
100000b8:	bd03d1f8 	.word	0xbd03d1f8
100000bc:	6618b502 	.word	0x6618b502
100000c0:	f7ff6618 	.word	0xf7ff6618
100000c4:	6e18fff2 	.word	0x6e18fff2
100000c8:	bd026e18 	.word	0xbd026e18
100000cc:	40020000 	.word	0x40020000
100000d0:	18000000 	.word	0x18000000
100000d4:	00070000 	.word	0x00070000
100000d8:	005f0300 	.word	0x005f0300
100000dc:	00002221 	.word	0x00002221
100000e0:	180000f4 	.word	0x180000f4
100000e4:	a0002022 	.word	0xa0002022
100000e8:	10000100 	.word	0x10000100
100000ec:	e000ed08 	.word	0xe000ed08
	...
100000fc:	7a4eb274 	.word	0x7a4eb274

Disassembly of section .text:

10000100 <__VECTOR_TABLE>:
10000100:	20042000 	.word	0x20042000
10000104:	100001f7 	.word	0x100001f7
10000108:	100001cb 	.word	0x100001cb
1000010c:	100001cd 	.word	0x100001cd
10000110:	100001c9 	.word	0x100001c9
10000114:	100001c9 	.word	0x100001c9
10000118:	100001c9 	.word	0x100001c9
1000011c:	100001c9 	.word	0x100001c9
10000120:	100001c9 	.word	0x100001c9
10000124:	100001c9 	.word	0x100001c9
10000128:	100001c9 	.word	0x100001c9
1000012c:	100001cf 	.word	0x100001cf
10000130:	100001c9 	.word	0x100001c9
10000134:	100001c9 	.word	0x100001c9
10000138:	100001d1 	.word	0x100001d1
1000013c:	100001d3 	.word	0x100001d3
10000140:	100001c1 	.word	0x100001c1
10000144:	100001c1 	.word	0x100001c1
10000148:	100001c1 	.word	0x100001c1
1000014c:	100001c1 	.word	0x100001c1
10000150:	100001c1 	.word	0x100001c1
10000154:	100001c1 	.word	0x100001c1
10000158:	100001c1 	.word	0x100001c1
1000015c:	100001c1 	.word	0x100001c1
10000160:	100001c1 	.word	0x100001c1
10000164:	100001c1 	.word	0x100001c1
10000168:	100001c1 	.word	0x100001c1
1000016c:	100001c1 	.word	0x100001c1
10000170:	100001c1 	.word	0x100001c1
10000174:	100001c1 	.word	0x100001c1
10000178:	100001c1 	.word	0x100001c1
1000017c:	100001c1 	.word	0x100001c1
10000180:	100001c1 	.word	0x100001c1
10000184:	100001c1 	.word	0x100001c1
10000188:	100001c1 	.word	0x100001c1
1000018c:	100001c1 	.word	0x100001c1
10000190:	100001c1 	.word	0x100001c1
10000194:	100001c1 	.word	0x100001c1
10000198:	100001c1 	.word	0x100001c1
1000019c:	100001c1 	.word	0x100001c1
100001a0:	100001c1 	.word	0x100001c1
100001a4:	100001c1 	.word	0x100001c1
100001a8:	100001c1 	.word	0x100001c1
100001ac:	100001c1 	.word	0x100001c1
100001b0:	100001c1 	.word	0x100001c1
100001b4:	100001c1 	.word	0x100001c1
100001b8:	100001c1 	.word	0x100001c1
100001bc:	100001c1 	.word	0x100001c1

100001c0 <__unhandled_user_irq>:
100001c0:	f3ef 8005 	mrs	r0, IPSR
100001c4:	3810      	subs	r0, #16

100001c6 <unhandled_user_irq_num_in_r0>:
100001c6:	be00      	bkpt	0x0000

100001c8 <isr_invalid>:
100001c8:	be00      	bkpt	0x0000

100001ca <isr_nmi>:
100001ca:	be00      	bkpt	0x0000

100001cc <isr_hardfault>:
100001cc:	be00      	bkpt	0x0000

100001ce <isr_svcall>:
100001ce:	be00      	bkpt	0x0000

100001d0 <isr_pendsv>:
100001d0:	be00      	bkpt	0x0000

100001d2 <isr_systick>:
100001d2:	be00      	bkpt	0x0000

100001d4 <__default_isrs_end>:
100001d4:	7188ebf2 	.word	0x7188ebf2
100001d8:	10006288 	.word	0x10006288
100001dc:	100062b0 	.word	0x100062b0
100001e0:	10000238 	.word	0x10000238
100001e4:	e71aa390 	.word	0xe71aa390

100001e8 <_entry_point>:
100001e8:	481e      	ldr	r0, [pc, #120]	@ (10000264 <data_cpy_table+0x2c>)

100001ea <_enter_vtable_in_r0>:
100001ea:	491f      	ldr	r1, [pc, #124]	@ (10000268 <data_cpy_table+0x30>)
100001ec:	6008      	str	r0, [r1, #0]
100001ee:	c806      	ldmia	r0!, {r1, r2}
100001f0:	f381 8808 	msr	MSP, r1
100001f4:	4710      	bx	r2

100001f6 <_reset_handler>:
100001f6:	481d      	ldr	r0, [pc, #116]	@ (1000026c <data_cpy_table+0x34>)
100001f8:	6800      	ldr	r0, [r0, #0]
100001fa:	2800      	cmp	r0, #0
100001fc:	d001      	beq.n	10000202 <hold_non_core0_in_bootrom+0x4>

100001fe <hold_non_core0_in_bootrom>:
100001fe:	4819      	ldr	r0, [pc, #100]	@ (10000264 <data_cpy_table+0x2c>)
10000200:	e7f3      	b.n	100001ea <_enter_vtable_in_r0>
10000202:	a40d      	add	r4, pc, #52	@ (adr r4, 10000238 <data_cpy_table>)
10000204:	cc0e      	ldmia	r4!, {r1, r2, r3}
10000206:	2900      	cmp	r1, #0
10000208:	d002      	beq.n	10000210 <hold_non_core0_in_bootrom+0x12>
1000020a:	f000 f812 	bl	10000232 <data_cpy>
1000020e:	e7f9      	b.n	10000204 <hold_non_core0_in_bootrom+0x6>
10000210:	4917      	ldr	r1, [pc, #92]	@ (10000270 <data_cpy_table+0x38>)
10000212:	4a18      	ldr	r2, [pc, #96]	@ (10000274 <data_cpy_table+0x3c>)
10000214:	2000      	movs	r0, #0
10000216:	e000      	b.n	1000021a <bss_fill_test>

10000218 <bss_fill_loop>:
10000218:	c101      	stmia	r1!, {r0}

1000021a <bss_fill_test>:
1000021a:	4291      	cmp	r1, r2
1000021c:	d1fc      	bne.n	10000218 <bss_fill_loop>

1000021e <platform_entry>:
1000021e:	4916      	ldr	r1, [pc, #88]	@ (10000278 <data_cpy_table+0x40>)
10000220:	4788      	blx	r1
10000222:	4916      	ldr	r1, [pc, #88]	@ (1000027c <data_cpy_table+0x44>)
10000224:	4788      	blx	r1
10000226:	4916      	ldr	r1, [pc, #88]	@ (10000280 <data_cpy_table+0x48>)
10000228:	4788      	blx	r1
1000022a:	be00      	bkpt	0x0000
1000022c:	e7fd      	b.n	1000022a <platform_entry+0xc>

1000022e <data_cpy_loop>:
1000022e:	c901      	ldmia	r1!, {r0}
10000230:	c201      	stmia	r2!, {r0}

10000232 <data_cpy>:
10000232:	429a      	cmp	r2, r3
10000234:	d3fb      	bcc.n	1000022e <data_cpy_loop>
10000236:	4770      	bx	lr

10000238 <data_cpy_table>:
10000238:	100062b0 	.word	0x100062b0
1000023c:	200000c0 	.word	0x200000c0
10000240:	20000848 	.word	0x20000848
10000244:	10006a38 	.word	0x10006a38
10000248:	20040000 	.word	0x20040000
1000024c:	20040000 	.word	0x20040000
10000250:	10006a38 	.word	0x10006a38
10000254:	20041000 	.word	0x20041000
10000258:	20041000 	.word	0x20041000
1000025c:	00000000 	.word	0x00000000
10000260:	4770      	bx	lr
10000262:	0000      	.short	0x0000
10000264:	00000000 	.word	0x00000000
10000268:	e000ed08 	.word	0xe000ed08
1000026c:	d0000000 	.word	0xd0000000
10000270:	20000848 	.word	0x20000848
10000274:	20000dd8 	.word	0x20000dd8
10000278:	100040ad 	.word	0x100040ad
1000027c:	100002d5 	.word	0x100002d5
10000280:	1000406d 	.word	0x1000406d

10000284 <_init>:
10000284:	b5f8      	push	{r3, r4, r5, r6, r7, lr}
10000286:	46c0      	nop			@ (mov r8, r8)

10000288 <register_tm_clones>:
10000288:	4806      	ldr	r0, [pc, #24]	@ (100002a4 <register_tm_clones+0x1c>)
1000028a:	4907      	ldr	r1, [pc, #28]	@ (100002a8 <register_tm_clones+0x20>)
1000028c:	1a09      	subs	r1, r1, r0
1000028e:	108b      	asrs	r3, r1, #2
10000290:	0fc9      	lsrs	r1, r1, #31
10000292:	18c9      	adds	r1, r1, r3
10000294:	b510      	push	{r4, lr}
10000296:	1049      	asrs	r1, r1, #1
10000298:	d003      	beq.n	100002a2 <register_tm_clones+0x1a>
1000029a:	4b04      	ldr	r3, [pc, #16]	@ (100002ac <register_tm_clones+0x24>)
1000029c:	2b00      	cmp	r3, #0
1000029e:	d000      	beq.n	100002a2 <register_tm_clones+0x1a>
100002a0:	4798      	blx	r3
100002a2:	bd10      	pop	{r4, pc}
100002a4:	20000848 	.word	0x20000848
100002a8:	20000848 	.word	0x20000848
100002ac:	00000000 	.word	0x00000000

100002b0 <frame_dummy>:
100002b0:	4b05      	ldr	r3, [pc, #20]	@ (100002c8 <frame_dummy+0x18>)
100002b2:	b510      	push	{r4, lr}
100002b4:	2b00      	cmp	r3, #0
100002b6:	d003      	beq.n	100002c0 <frame_dummy+0x10>
100002b8:	4904      	ldr	r1, [pc, #16]	@ (100002cc <frame_dummy+0x1c>)
100002ba:	4805      	ldr	r0, [pc, #20]	@ (100002d0 <frame_dummy+0x20>)
100002bc:	e000      	b.n	100002c0 <frame_dummy+0x10>
100002be:	bf00      	nop
100002c0:	f7ff ffe2 	bl	10000288 <register_tm_clones>
100002c4:	bd10      	pop	{r4, pc}
100002c6:	46c0      	nop			@ (mov r8, r8)
100002c8:	00000000 	.word	0x00000000
100002cc:	20000b94 	.word	0x20000b94
100002d0:	100055a8 	.word	0x100055a8

100002d4 <main>:
100002d4:	b5f0      	push	{r4, r5, r6, r7, lr}
100002d6:	46c6      	mov	lr, r8
100002d8:	b500      	push	{lr}
100002da:	b0aa      	sub	sp, #168	@ 0xa8
100002dc:	f004 f804 	bl	100042e8 <stdio_init_all>
100002e0:	4993      	ldr	r1, [pc, #588]	@ (10000530 <main+0x25c>)
100002e2:	22a0      	movs	r2, #160	@ 0xa0
100002e4:	a802      	add	r0, sp, #8
100002e6:	f002 fda7 	bl	10002e38 <__wrap___aeabi_memcpy>
100002ea:	2102      	movs	r1, #2
100002ec:	2015      	movs	r0, #21
100002ee:	f000 f937 	bl	10000560 <gpio_set_mode>
100002f2:	2100      	movs	r1, #0
100002f4:	201b      	movs	r0, #27
100002f6:	f000 f933 	bl	10000560 <gpio_set_mode>
100002fa:	2100      	movs	r1, #0
100002fc:	201c      	movs	r0, #28
100002fe:	f000 f92f 	bl	10000560 <gpio_set_mode>
10000302:	2100      	movs	r1, #0
10000304:	2009      	movs	r0, #9
10000306:	f000 f92b 	bl	10000560 <gpio_set_mode>
1000030a:	2100      	movs	r1, #0
1000030c:	2007      	movs	r0, #7
1000030e:	f000 f927 	bl	10000560 <gpio_set_mode>
10000312:	2400      	movs	r4, #0
10000314:	e006      	b.n	10000324 <main+0x50>
10000316:	00a2      	lsls	r2, r4, #2
10000318:	ab02      	add	r3, sp, #8
1000031a:	58d0      	ldr	r0, [r2, r3]
1000031c:	2102      	movs	r1, #2
1000031e:	f000 f91f 	bl	10000560 <gpio_set_mode>
10000322:	3401      	adds	r4, #1
10000324:	2c03      	cmp	r4, #3
10000326:	ddf6      	ble.n	10000316 <main+0x42>
10000328:	f000 fbd0 	bl	10000acc <init_event>
1000032c:	4b81      	ldr	r3, [pc, #516]	@ (10000534 <main+0x260>)
1000032e:	2201      	movs	r2, #1
10000330:	2104      	movs	r1, #4
10000332:	2009      	movs	r0, #9
10000334:	f000 fcf6 	bl	10000d24 <gpio_set_irq_enabled_with_callback>
10000338:	2201      	movs	r2, #1
1000033a:	2104      	movs	r1, #4
1000033c:	2007      	movs	r0, #7
1000033e:	f000 fca5 	bl	10000c8c <gpio_set_irq_enabled>
10000342:	2201      	movs	r2, #1
10000344:	2104      	movs	r1, #4
10000346:	201b      	movs	r0, #27
10000348:	f000 fca0 	bl	10000c8c <gpio_set_irq_enabled>
1000034c:	f001 fd32 	bl	10001db4 <time_us_64>
10000350:	4e79      	ldr	r6, [pc, #484]	@ (10000538 <main+0x264>)
10000352:	2700      	movs	r7, #0
10000354:	1836      	adds	r6, r6, r0
10000356:	414f      	adcs	r7, r1
10000358:	2f00      	cmp	r7, #0
1000035a:	db18      	blt.n	1000038e <main+0xba>
1000035c:	2196      	movs	r1, #150	@ 0x96
1000035e:	0189      	lsls	r1, r1, #6
10000360:	4876      	ldr	r0, [pc, #472]	@ (1000053c <main+0x268>)
10000362:	f001 fe8b 	bl	1000207c <uart_init>
10000366:	2102      	movs	r1, #2
10000368:	2005      	movs	r0, #5
1000036a:	f000 fc59 	bl	10000c20 <gpio_set_function>
1000036e:	2102      	movs	r1, #2
10000370:	2004      	movs	r0, #4
10000372:	f000 fc55 	bl	10000c20 <gpio_set_function>
10000376:	466b      	mov	r3, sp
10000378:	2200      	movs	r2, #0
1000037a:	719a      	strb	r2, [r3, #6]
1000037c:	f000 fb0c 	bl	10000998 <connect_lora>
10000380:	2800      	cmp	r0, #0
10000382:	d108      	bne.n	10000396 <main+0xc2>
10000384:	2401      	movs	r4, #1
10000386:	2300      	movs	r3, #0
10000388:	4698      	mov	r8, r3
1000038a:	2500      	movs	r5, #0
1000038c:	e079      	b.n	10000482 <main+0x1ae>
1000038e:	2601      	movs	r6, #1
10000390:	4276      	negs	r6, r6
10000392:	4f6b      	ldr	r7, [pc, #428]	@ (10000540 <main+0x26c>)
10000394:	e7e2      	b.n	1000035c <main+0x88>
10000396:	496b      	ldr	r1, [pc, #428]	@ (10000544 <main+0x270>)
10000398:	466b      	mov	r3, sp
1000039a:	1d98      	adds	r0, r3, #6
1000039c:	f000 fb6c 	bl	10000a78 <send_message>
100003a0:	e7f0      	b.n	10000384 <main+0xb0>
100003a2:	466b      	mov	r3, sp
100003a4:	1dd8      	adds	r0, r3, #7
100003a6:	f000 fb9b 	bl	10000ae0 <get_event>
100003aa:	2800      	cmp	r0, #0
100003ac:	d00d      	beq.n	100003ca <main+0xf6>
100003ae:	ab02      	add	r3, sp, #8
100003b0:	7d1b      	ldrb	r3, [r3, #20]
100003b2:	2b00      	cmp	r3, #0
100003b4:	d104      	bne.n	100003c0 <main+0xec>
100003b6:	466a      	mov	r2, sp
100003b8:	3207      	adds	r2, #7
100003ba:	7812      	ldrb	r2, [r2, #0]
100003bc:	2a01      	cmp	r2, #1
100003be:	d028      	beq.n	10000412 <main+0x13e>
100003c0:	466a      	mov	r2, sp
100003c2:	3207      	adds	r2, #7
100003c4:	7812      	ldrb	r2, [r2, #0]
100003c6:	2a02      	cmp	r2, #2
100003c8:	d036      	beq.n	10000438 <main+0x164>
100003ca:	ab02      	add	r3, sp, #8
100003cc:	7d1b      	ldrb	r3, [r3, #20]
100003ce:	2b00      	cmp	r3, #0
100003d0:	d157      	bne.n	10000482 <main+0x1ae>
100003d2:	4b5d      	ldr	r3, [pc, #372]	@ (10000548 <main+0x274>)
100003d4:	6a5b      	ldr	r3, [r3, #36]	@ 0x24
100003d6:	429f      	cmp	r7, r3
100003d8:	d853      	bhi.n	10000482 <main+0x1ae>
100003da:	495b      	ldr	r1, [pc, #364]	@ (10000548 <main+0x274>)
100003dc:	6a89      	ldr	r1, [r1, #40]	@ 0x28
100003de:	42b1      	cmp	r1, r6
100003e0:	d201      	bcs.n	100003e6 <main+0x112>
100003e2:	429f      	cmp	r7, r3
100003e4:	d04d      	beq.n	10000482 <main+0x1ae>
100003e6:	2301      	movs	r3, #1
100003e8:	405d      	eors	r5, r3
100003ea:	b2ed      	uxtb	r5, r5
100003ec:	2d00      	cmp	r5, #0
100003ee:	d027      	beq.n	10000440 <main+0x16c>
100003f0:	23d0      	movs	r3, #208	@ 0xd0
100003f2:	061b      	lsls	r3, r3, #24
100003f4:	2280      	movs	r2, #128	@ 0x80
100003f6:	0392      	lsls	r2, r2, #14
100003f8:	615a      	str	r2, [r3, #20]
100003fa:	f001 fcdb 	bl	10001db4 <time_us_64>
100003fe:	4e4e      	ldr	r6, [pc, #312]	@ (10000538 <main+0x264>)
10000400:	2700      	movs	r7, #0
10000402:	1836      	adds	r6, r6, r0
10000404:	414f      	adcs	r7, r1
10000406:	2f00      	cmp	r7, #0
10000408:	da3b      	bge.n	10000482 <main+0x1ae>
1000040a:	2601      	movs	r6, #1
1000040c:	4276      	negs	r6, r6
1000040e:	4f4c      	ldr	r7, [pc, #304]	@ (10000540 <main+0x26c>)
10000410:	e037      	b.n	10000482 <main+0x1ae>
10000412:	a802      	add	r0, sp, #8
10000414:	f000 f90b 	bl	1000062e <calib>
10000418:	23d0      	movs	r3, #208	@ 0xd0
1000041a:	061b      	lsls	r3, r3, #24
1000041c:	2280      	movs	r2, #128	@ 0x80
1000041e:	0392      	lsls	r2, r2, #14
10000420:	615a      	str	r2, [r3, #20]
10000422:	466b      	mov	r3, sp
10000424:	3306      	adds	r3, #6
10000426:	781b      	ldrb	r3, [r3, #0]
10000428:	2b00      	cmp	r3, #0
1000042a:	d1ce      	bne.n	100003ca <main+0xf6>
1000042c:	4947      	ldr	r1, [pc, #284]	@ (1000054c <main+0x278>)
1000042e:	466b      	mov	r3, sp
10000430:	1d98      	adds	r0, r3, #6
10000432:	f000 fb21 	bl	10000a78 <send_message>
10000436:	e7c8      	b.n	100003ca <main+0xf6>
10000438:	2b00      	cmp	r3, #0
1000043a:	d0c6      	beq.n	100003ca <main+0xf6>
1000043c:	2402      	movs	r4, #2
1000043e:	e7c4      	b.n	100003ca <main+0xf6>
10000440:	23d0      	movs	r3, #208	@ 0xd0
10000442:	061b      	lsls	r3, r3, #24
10000444:	2280      	movs	r2, #128	@ 0x80
10000446:	0392      	lsls	r2, r2, #14
10000448:	619a      	str	r2, [r3, #24]
1000044a:	e7d6      	b.n	100003fa <main+0x126>
1000044c:	f000 fb6c 	bl	10000b28 <empty_gue>
10000450:	a902      	add	r1, sp, #8
10000452:	2001      	movs	r0, #1
10000454:	f000 f94c 	bl	100006f0 <run_motor_n_revolution>
10000458:	2800      	cmp	r0, #0
1000045a:	d026      	beq.n	100004aa <main+0x1d6>
1000045c:	466b      	mov	r3, sp
1000045e:	3306      	adds	r3, #6
10000460:	781b      	ldrb	r3, [r3, #0]
10000462:	2b00      	cmp	r3, #0
10000464:	d044      	beq.n	100004f0 <main+0x21c>
10000466:	2301      	movs	r3, #1
10000468:	469c      	mov	ip, r3
1000046a:	44e0      	add	r8, ip
1000046c:	f001 fca2 	bl	10001db4 <time_us_64>
10000470:	4e37      	ldr	r6, [pc, #220]	@ (10000550 <main+0x27c>)
10000472:	2700      	movs	r7, #0
10000474:	1836      	adds	r6, r6, r0
10000476:	414f      	adcs	r7, r1
10000478:	2f00      	cmp	r7, #0
1000047a:	db3f      	blt.n	100004fc <main+0x228>
1000047c:	4643      	mov	r3, r8
1000047e:	2b07      	cmp	r3, #7
10000480:	d040      	beq.n	10000504 <main+0x230>
10000482:	2c01      	cmp	r4, #1
10000484:	d08d      	beq.n	100003a2 <main+0xce>
10000486:	2c02      	cmp	r4, #2
10000488:	d1fb      	bne.n	10000482 <main+0x1ae>
1000048a:	23d0      	movs	r3, #208	@ 0xd0
1000048c:	061b      	lsls	r3, r3, #24
1000048e:	2280      	movs	r2, #128	@ 0x80
10000490:	0392      	lsls	r2, r2, #14
10000492:	619a      	str	r2, [r3, #24]
10000494:	4b2c      	ldr	r3, [pc, #176]	@ (10000548 <main+0x274>)
10000496:	6a5b      	ldr	r3, [r3, #36]	@ 0x24
10000498:	429f      	cmp	r7, r3
1000049a:	d8ef      	bhi.n	1000047c <main+0x1a8>
1000049c:	492a      	ldr	r1, [pc, #168]	@ (10000548 <main+0x274>)
1000049e:	6a89      	ldr	r1, [r1, #40]	@ 0x28
100004a0:	42b1      	cmp	r1, r6
100004a2:	d2d3      	bcs.n	1000044c <main+0x178>
100004a4:	429f      	cmp	r7, r3
100004a6:	d1d1      	bne.n	1000044c <main+0x178>
100004a8:	e7e8      	b.n	1000047c <main+0x1a8>
100004aa:	2600      	movs	r6, #0
100004ac:	e008      	b.n	100004c0 <main+0x1ec>
100004ae:	23d0      	movs	r3, #208	@ 0xd0
100004b0:	061b      	lsls	r3, r3, #24
100004b2:	2280      	movs	r2, #128	@ 0x80
100004b4:	0392      	lsls	r2, r2, #14
100004b6:	619a      	str	r2, [r3, #24]
100004b8:	2064      	movs	r0, #100	@ 0x64
100004ba:	f001 fb7f 	bl	10001bbc <sleep_ms>
100004be:	3601      	adds	r6, #1
100004c0:	2e05      	cmp	r6, #5
100004c2:	dc0a      	bgt.n	100004da <main+0x206>
100004c4:	2301      	movs	r3, #1
100004c6:	405d      	eors	r5, r3
100004c8:	b2ed      	uxtb	r5, r5
100004ca:	2d00      	cmp	r5, #0
100004cc:	d0ef      	beq.n	100004ae <main+0x1da>
100004ce:	23d0      	movs	r3, #208	@ 0xd0
100004d0:	061b      	lsls	r3, r3, #24
100004d2:	2280      	movs	r2, #128	@ 0x80
100004d4:	0392      	lsls	r2, r2, #14
100004d6:	615a      	str	r2, [r3, #20]
100004d8:	e7ee      	b.n	100004b8 <main+0x1e4>
100004da:	466b      	mov	r3, sp
100004dc:	3306      	adds	r3, #6
100004de:	781b      	ldrb	r3, [r3, #0]
100004e0:	2b00      	cmp	r3, #0
100004e2:	d1c0      	bne.n	10000466 <main+0x192>
100004e4:	491b      	ldr	r1, [pc, #108]	@ (10000554 <main+0x280>)
100004e6:	466b      	mov	r3, sp
100004e8:	1d98      	adds	r0, r3, #6
100004ea:	f000 fac5 	bl	10000a78 <send_message>
100004ee:	e7ba      	b.n	10000466 <main+0x192>
100004f0:	4919      	ldr	r1, [pc, #100]	@ (10000558 <main+0x284>)
100004f2:	466b      	mov	r3, sp
100004f4:	1d98      	adds	r0, r3, #6
100004f6:	f000 fabf 	bl	10000a78 <send_message>
100004fa:	e7b4      	b.n	10000466 <main+0x192>
100004fc:	2601      	movs	r6, #1
100004fe:	4276      	negs	r6, r6
10000500:	4f0f      	ldr	r7, [pc, #60]	@ (10000540 <main+0x26c>)
10000502:	e7bb      	b.n	1000047c <main+0x1a8>
10000504:	ab02      	add	r3, sp, #8
10000506:	2200      	movs	r2, #0
10000508:	751a      	strb	r2, [r3, #20]
1000050a:	466b      	mov	r3, sp
1000050c:	3306      	adds	r3, #6
1000050e:	781b      	ldrb	r3, [r3, #0]
10000510:	2b00      	cmp	r3, #0
10000512:	d003      	beq.n	1000051c <main+0x248>
10000514:	2401      	movs	r4, #1
10000516:	2300      	movs	r3, #0
10000518:	4698      	mov	r8, r3
1000051a:	e7b2      	b.n	10000482 <main+0x1ae>
1000051c:	490f      	ldr	r1, [pc, #60]	@ (1000055c <main+0x288>)
1000051e:	466b      	mov	r3, sp
10000520:	1d98      	adds	r0, r3, #6
10000522:	f000 faa9 	bl	10000a78 <send_message>
10000526:	2401      	movs	r4, #1
10000528:	2300      	movs	r3, #0
1000052a:	4698      	mov	r8, r3
1000052c:	e7a9      	b.n	10000482 <main+0x1ae>
1000052e:	46c0      	nop			@ (mov r8, r8)
10000530:	10005e34 	.word	0x10005e34
10000534:	10000af5 	.word	0x10000af5
10000538:	000f4240 	.word	0x000f4240
1000053c:	40038000 	.word	0x40038000
10000540:	7fffffff 	.word	0x7fffffff
10000544:	100055a8 	.word	0x100055a8
10000548:	40054000 	.word	0x40054000
1000054c:	100055b0 	.word	0x100055b0
10000550:	01c9c380 	.word	0x01c9c380
10000554:	100055bc 	.word	0x100055bc
10000558:	100055cc 	.word	0x100055cc
1000055c:	100055dc 	.word	0x100055dc

10000560 <gpio_set_mode>:
10000560:	b570      	push	{r4, r5, r6, lr}
10000562:	0005      	movs	r5, r0
10000564:	000c      	movs	r4, r1
10000566:	f000 fbf1 	bl	10000d4c <gpio_init>
1000056a:	2c02      	cmp	r4, #2
1000056c:	d022      	beq.n	100005b4 <gpio_set_mode+0x54>
1000056e:	d80e      	bhi.n	1000058e <gpio_set_mode+0x2e>
10000570:	2c00      	cmp	r4, #0
10000572:	d014      	beq.n	1000059e <gpio_set_mode+0x3e>
10000574:	2c01      	cmp	r4, #1
10000576:	d11c      	bne.n	100005b2 <gpio_set_mode+0x52>
10000578:	2301      	movs	r3, #1
1000057a:	40ab      	lsls	r3, r5
1000057c:	22d0      	movs	r2, #208	@ 0xd0
1000057e:	0612      	lsls	r2, r2, #24
10000580:	6293      	str	r3, [r2, #40]	@ 0x28
10000582:	2201      	movs	r2, #1
10000584:	2100      	movs	r1, #0
10000586:	0028      	movs	r0, r5
10000588:	f000 fb64 	bl	10000c54 <gpio_set_pulls>
1000058c:	e011      	b.n	100005b2 <gpio_set_mode+0x52>
1000058e:	2c03      	cmp	r4, #3
10000590:	d10f      	bne.n	100005b2 <gpio_set_mode+0x52>
10000592:	2301      	movs	r3, #1
10000594:	40ab      	lsls	r3, r5
10000596:	22d0      	movs	r2, #208	@ 0xd0
10000598:	0612      	lsls	r2, r2, #24
1000059a:	6293      	str	r3, [r2, #40]	@ 0x28
1000059c:	e009      	b.n	100005b2 <gpio_set_mode+0x52>
1000059e:	2301      	movs	r3, #1
100005a0:	40ab      	lsls	r3, r5
100005a2:	22d0      	movs	r2, #208	@ 0xd0
100005a4:	0612      	lsls	r2, r2, #24
100005a6:	6293      	str	r3, [r2, #40]	@ 0x28
100005a8:	2200      	movs	r2, #0
100005aa:	2101      	movs	r1, #1
100005ac:	0028      	movs	r0, r5
100005ae:	f000 fb51 	bl	10000c54 <gpio_set_pulls>
100005b2:	bd70      	pop	{r4, r5, r6, pc}
100005b4:	2301      	movs	r3, #1
100005b6:	40ab      	lsls	r3, r5
100005b8:	22d0      	movs	r2, #208	@ 0xd0
100005ba:	0612      	lsls	r2, r2, #24
100005bc:	6253      	str	r3, [r2, #36]	@ 0x24
100005be:	e7f8      	b.n	100005b2 <gpio_set_mode+0x52>

100005c0 <run_stepper_helper>:
100005c0:	b570      	push	{r4, r5, r6, lr}
100005c2:	000c      	movs	r4, r1
100005c4:	6983      	ldr	r3, [r0, #24]
100005c6:	3301      	adds	r3, #1
100005c8:	17d9      	asrs	r1, r3, #31
100005ca:	0f49      	lsrs	r1, r1, #29
100005cc:	185b      	adds	r3, r3, r1
100005ce:	2207      	movs	r2, #7
100005d0:	4013      	ands	r3, r2
100005d2:	1a5b      	subs	r3, r3, r1
100005d4:	6183      	str	r3, [r0, #24]
100005d6:	2200      	movs	r2, #0
100005d8:	e003      	b.n	100005e2 <run_stepper_helper+0x22>
100005da:	21d0      	movs	r1, #208	@ 0xd0
100005dc:	0609      	lsls	r1, r1, #24
100005de:	618b      	str	r3, [r1, #24]
100005e0:	3201      	adds	r2, #1
100005e2:	2a03      	cmp	r2, #3
100005e4:	dc10      	bgt.n	10000608 <run_stepper_helper+0x48>
100005e6:	0093      	lsls	r3, r2, #2
100005e8:	581d      	ldr	r5, [r3, r0]
100005ea:	6983      	ldr	r3, [r0, #24]
100005ec:	009b      	lsls	r3, r3, #2
100005ee:	189b      	adds	r3, r3, r2
100005f0:	3306      	adds	r3, #6
100005f2:	009b      	lsls	r3, r3, #2
100005f4:	18c3      	adds	r3, r0, r3
100005f6:	6859      	ldr	r1, [r3, #4]
100005f8:	2301      	movs	r3, #1
100005fa:	40ab      	lsls	r3, r5
100005fc:	2900      	cmp	r1, #0
100005fe:	d0ec      	beq.n	100005da <run_stepper_helper+0x1a>
10000600:	21d0      	movs	r1, #208	@ 0xd0
10000602:	0609      	lsls	r1, r1, #24
10000604:	614b      	str	r3, [r1, #20]
10000606:	e7eb      	b.n	100005e0 <run_stepper_helper+0x20>
10000608:	2001      	movs	r0, #1
1000060a:	f001 fad7 	bl	10001bbc <sleep_ms>
1000060e:	23d0      	movs	r3, #208	@ 0xd0
10000610:	061b      	lsls	r3, r3, #24
10000612:	685b      	ldr	r3, [r3, #4]
10000614:	2280      	movs	r2, #128	@ 0x80
10000616:	0552      	lsls	r2, r2, #21
10000618:	4013      	ands	r3, r2
1000061a:	2c01      	cmp	r4, #1
1000061c:	d001      	beq.n	10000622 <run_stepper_helper+0x62>
1000061e:	2000      	movs	r0, #0
10000620:	bd70      	pop	{r4, r5, r6, pc}
10000622:	2b00      	cmp	r3, #0
10000624:	d001      	beq.n	1000062a <run_stepper_helper+0x6a>
10000626:	2000      	movs	r0, #0
10000628:	e7fa      	b.n	10000620 <run_stepper_helper+0x60>
1000062a:	0020      	movs	r0, r4
1000062c:	e7f8      	b.n	10000620 <run_stepper_helper+0x60>

1000062e <calib>:
1000062e:	b5f0      	push	{r4, r5, r6, r7, lr}
10000630:	46c6      	mov	lr, r8
10000632:	b500      	push	{lr}
10000634:	0005      	movs	r5, r0
10000636:	2300      	movs	r3, #0
10000638:	6103      	str	r3, [r0, #16]
1000063a:	229c      	movs	r2, #156	@ 0x9c
1000063c:	5083      	str	r3, [r0, r2]
1000063e:	7503      	strb	r3, [r0, #20]
10000640:	23d0      	movs	r3, #208	@ 0xd0
10000642:	061b      	lsls	r3, r3, #24
10000644:	685b      	ldr	r3, [r3, #4]
10000646:	0f1b      	lsrs	r3, r3, #28
10000648:	2401      	movs	r4, #1
1000064a:	401c      	ands	r4, r3
1000064c:	2700      	movs	r7, #0
1000064e:	e005      	b.n	1000065c <calib+0x2e>
10000650:	23d0      	movs	r3, #208	@ 0xd0
10000652:	061b      	lsls	r3, r3, #24
10000654:	685b      	ldr	r3, [r3, #4]
10000656:	0f1b      	lsrs	r3, r3, #28
10000658:	2401      	movs	r4, #1
1000065a:	401c      	ands	r4, r3
1000065c:	2f00      	cmp	r7, #0
1000065e:	d136      	bne.n	100006ce <calib+0xa0>
10000660:	0021      	movs	r1, r4
10000662:	0028      	movs	r0, r5
10000664:	f7ff ffac 	bl	100005c0 <run_stepper_helper>
10000668:	2800      	cmp	r0, #0
1000066a:	d0f1      	beq.n	10000650 <calib+0x22>
1000066c:	2701      	movs	r7, #1
1000066e:	e7ef      	b.n	10000650 <calib+0x22>
10000670:	23d0      	movs	r3, #208	@ 0xd0
10000672:	061b      	lsls	r3, r3, #24
10000674:	685b      	ldr	r3, [r3, #4]
10000676:	0f1b      	lsrs	r3, r3, #28
10000678:	2401      	movs	r4, #1
1000067a:	401c      	ands	r4, r3
1000067c:	2600      	movs	r6, #0
1000067e:	e008      	b.n	10000692 <calib+0x64>
10000680:	692b      	ldr	r3, [r5, #16]
10000682:	3301      	adds	r3, #1
10000684:	612b      	str	r3, [r5, #16]
10000686:	23d0      	movs	r3, #208	@ 0xd0
10000688:	061b      	lsls	r3, r3, #24
1000068a:	685b      	ldr	r3, [r3, #4]
1000068c:	0f1b      	lsrs	r3, r3, #28
1000068e:	2401      	movs	r4, #1
10000690:	401c      	ands	r4, r3
10000692:	2e00      	cmp	r6, #0
10000694:	d10d      	bne.n	100006b2 <calib+0x84>
10000696:	0021      	movs	r1, r4
10000698:	0028      	movs	r0, r5
1000069a:	f7ff ff91 	bl	100005c0 <run_stepper_helper>
1000069e:	2800      	cmp	r0, #0
100006a0:	d000      	beq.n	100006a4 <calib+0x76>
100006a2:	003e      	movs	r6, r7
100006a4:	2c00      	cmp	r4, #0
100006a6:	d1eb      	bne.n	10000680 <calib+0x52>
100006a8:	229c      	movs	r2, #156	@ 0x9c
100006aa:	58ab      	ldr	r3, [r5, r2]
100006ac:	3301      	adds	r3, #1
100006ae:	50ab      	str	r3, [r5, r2]
100006b0:	e7e6      	b.n	10000680 <calib+0x52>
100006b2:	2301      	movs	r3, #1
100006b4:	469c      	mov	ip, r3
100006b6:	44e0      	add	r8, ip
100006b8:	4643      	mov	r3, r8
100006ba:	2b00      	cmp	r3, #0
100006bc:	ddd8      	ble.n	10000670 <calib+0x42>
100006be:	229c      	movs	r2, #156	@ 0x9c
100006c0:	58a9      	ldr	r1, [r5, r2]
100006c2:	0fcb      	lsrs	r3, r1, #31
100006c4:	185b      	adds	r3, r3, r1
100006c6:	105b      	asrs	r3, r3, #1
100006c8:	50ab      	str	r3, [r5, r2]
100006ca:	2600      	movs	r6, #0
100006cc:	e007      	b.n	100006de <calib+0xb0>
100006ce:	2300      	movs	r3, #0
100006d0:	4698      	mov	r8, r3
100006d2:	e7f1      	b.n	100006b8 <calib+0x8a>
100006d4:	0021      	movs	r1, r4
100006d6:	0028      	movs	r0, r5
100006d8:	f7ff ff72 	bl	100005c0 <run_stepper_helper>
100006dc:	3601      	adds	r6, #1
100006de:	239c      	movs	r3, #156	@ 0x9c
100006e0:	58eb      	ldr	r3, [r5, r3]
100006e2:	42b3      	cmp	r3, r6
100006e4:	dcf6      	bgt.n	100006d4 <calib+0xa6>
100006e6:	2301      	movs	r3, #1
100006e8:	752b      	strb	r3, [r5, #20]
100006ea:	bc80      	pop	{r7}
100006ec:	46b8      	mov	r8, r7
100006ee:	bdf0      	pop	{r4, r5, r6, r7, pc}

100006f0 <run_motor_n_revolution>:
100006f0:	b5f0      	push	{r4, r5, r6, r7, lr}
100006f2:	b083      	sub	sp, #12
100006f4:	000d      	movs	r5, r1
100006f6:	690a      	ldr	r2, [r1, #16]
100006f8:	17d1      	asrs	r1, r2, #31
100006fa:	2307      	movs	r3, #7
100006fc:	400b      	ands	r3, r1
100006fe:	189b      	adds	r3, r3, r2
10000700:	10df      	asrs	r7, r3, #3
10000702:	4347      	muls	r7, r0
10000704:	23d0      	movs	r3, #208	@ 0xd0
10000706:	061b      	lsls	r3, r3, #24
10000708:	685b      	ldr	r3, [r3, #4]
1000070a:	0f1b      	lsrs	r3, r3, #28
1000070c:	2401      	movs	r4, #1
1000070e:	401c      	ands	r4, r3
10000710:	2600      	movs	r6, #0
10000712:	2300      	movs	r3, #0
10000714:	9301      	str	r3, [sp, #4]
10000716:	e00a      	b.n	1000072e <run_motor_n_revolution+0x3e>
10000718:	0021      	movs	r1, r4
1000071a:	0028      	movs	r0, r5
1000071c:	f7ff ff50 	bl	100005c0 <run_stepper_helper>
10000720:	23d0      	movs	r3, #208	@ 0xd0
10000722:	061b      	lsls	r3, r3, #24
10000724:	685b      	ldr	r3, [r3, #4]
10000726:	0f1b      	lsrs	r3, r3, #28
10000728:	2401      	movs	r4, #1
1000072a:	401c      	ands	r4, r3
1000072c:	3601      	adds	r6, #1
1000072e:	42be      	cmp	r6, r7
10000730:	da0b      	bge.n	1000074a <run_motor_n_revolution+0x5a>
10000732:	4807      	ldr	r0, [pc, #28]	@ (10000750 <run_motor_n_revolution+0x60>)
10000734:	f000 f9d4 	bl	10000ae0 <get_event>
10000738:	2800      	cmp	r0, #0
1000073a:	d0ed      	beq.n	10000718 <run_motor_n_revolution+0x28>
1000073c:	4b04      	ldr	r3, [pc, #16]	@ (10000750 <run_motor_n_revolution+0x60>)
1000073e:	781b      	ldrb	r3, [r3, #0]
10000740:	2b03      	cmp	r3, #3
10000742:	d1e9      	bne.n	10000718 <run_motor_n_revolution+0x28>
10000744:	3b02      	subs	r3, #2
10000746:	9301      	str	r3, [sp, #4]
10000748:	e7e6      	b.n	10000718 <run_motor_n_revolution+0x28>
1000074a:	9801      	ldr	r0, [sp, #4]
1000074c:	b003      	add	sp, #12
1000074e:	bdf0      	pop	{r4, r5, r6, r7, pc}
10000750:	20000dd4 	.word	0x20000dd4

10000754 <uart_putc>:
10000754:	b510      	push	{r4, lr}
10000756:	b082      	sub	sp, #8
10000758:	000c      	movs	r4, r1
1000075a:	4b14      	ldr	r3, [pc, #80]	@ (100007ac <uart_putc+0x58>)
1000075c:	18c3      	adds	r3, r0, r3
1000075e:	425a      	negs	r2, r3
10000760:	4153      	adcs	r3, r2
10000762:	4a13      	ldr	r2, [pc, #76]	@ (100007b0 <uart_putc+0x5c>)
10000764:	005b      	lsls	r3, r3, #1
10000766:	5e9b      	ldrsh	r3, [r3, r2]
10000768:	428b      	cmp	r3, r1
1000076a:	d004      	beq.n	10000776 <uart_putc+0x22>
1000076c:	466b      	mov	r3, sp
1000076e:	1dda      	adds	r2, r3, #7
10000770:	7014      	strb	r4, [r2, #0]
10000772:	2100      	movs	r1, #0
10000774:	e015      	b.n	100007a2 <uart_putc+0x4e>
10000776:	466b      	mov	r3, sp
10000778:	1dda      	adds	r2, r3, #7
1000077a:	230d      	movs	r3, #13
1000077c:	7013      	strb	r3, [r2, #0]
1000077e:	2100      	movs	r1, #0
10000780:	2900      	cmp	r1, #0
10000782:	d1f3      	bne.n	1000076c <uart_putc+0x18>
10000784:	6983      	ldr	r3, [r0, #24]
10000786:	069b      	lsls	r3, r3, #26
10000788:	d4fc      	bmi.n	10000784 <uart_putc+0x30>
1000078a:	7813      	ldrb	r3, [r2, #0]
1000078c:	6003      	str	r3, [r0, #0]
1000078e:	3101      	adds	r1, #1
10000790:	3201      	adds	r2, #1
10000792:	e7f5      	b.n	10000780 <uart_putc+0x2c>
10000794:	6983      	ldr	r3, [r0, #24]
10000796:	069b      	lsls	r3, r3, #26
10000798:	d4fc      	bmi.n	10000794 <uart_putc+0x40>
1000079a:	7813      	ldrb	r3, [r2, #0]
1000079c:	6003      	str	r3, [r0, #0]
1000079e:	3101      	adds	r1, #1
100007a0:	3201      	adds	r2, #1
100007a2:	2900      	cmp	r1, #0
100007a4:	d0f6      	beq.n	10000794 <uart_putc+0x40>
100007a6:	b002      	add	sp, #8
100007a8:	bd10      	pop	{r4, pc}
100007aa:	46c0      	nop			@ (mov r8, r8)
100007ac:	bffc8000 	.word	0xbffc8000
100007b0:	20000dcc 	.word	0x20000dcc

100007b4 <uart_puts>:
100007b4:	b530      	push	{r4, r5, lr}
100007b6:	b083      	sub	sp, #12
100007b8:	0004      	movs	r4, r0
100007ba:	000d      	movs	r5, r1
100007bc:	2300      	movs	r3, #0
100007be:	e013      	b.n	100007e8 <uart_puts+0x34>
100007c0:	466b      	mov	r3, sp
100007c2:	1dda      	adds	r2, r3, #7
100007c4:	7011      	strb	r1, [r2, #0]
100007c6:	2000      	movs	r0, #0
100007c8:	e006      	b.n	100007d8 <uart_puts+0x24>
100007ca:	69a3      	ldr	r3, [r4, #24]
100007cc:	069b      	lsls	r3, r3, #26
100007ce:	d4fc      	bmi.n	100007ca <uart_puts+0x16>
100007d0:	7813      	ldrb	r3, [r2, #0]
100007d2:	6023      	str	r3, [r4, #0]
100007d4:	3001      	adds	r0, #1
100007d6:	3201      	adds	r2, #1
100007d8:	2800      	cmp	r0, #0
100007da:	d0f6      	beq.n	100007ca <uart_puts+0x16>
100007dc:	782b      	ldrb	r3, [r5, #0]
100007de:	3b0d      	subs	r3, #13
100007e0:	425a      	negs	r2, r3
100007e2:	4153      	adcs	r3, r2
100007e4:	b2db      	uxtb	r3, r3
100007e6:	3501      	adds	r5, #1
100007e8:	7829      	ldrb	r1, [r5, #0]
100007ea:	2900      	cmp	r1, #0
100007ec:	d005      	beq.n	100007fa <uart_puts+0x46>
100007ee:	2b00      	cmp	r3, #0
100007f0:	d1e6      	bne.n	100007c0 <uart_puts+0xc>
100007f2:	0020      	movs	r0, r4
100007f4:	f7ff ffae 	bl	10000754 <uart_putc>
100007f8:	e7f0      	b.n	100007dc <uart_puts+0x28>
100007fa:	b003      	add	sp, #12
100007fc:	bd30      	pop	{r4, r5, pc}

100007fe <uart_getc>:
100007fe:	b082      	sub	sp, #8
10000800:	2200      	movs	r2, #0
10000802:	466b      	mov	r3, sp
10000804:	1dd9      	adds	r1, r3, #7
10000806:	e006      	b.n	10000816 <uart_getc+0x18>
10000808:	6983      	ldr	r3, [r0, #24]
1000080a:	06db      	lsls	r3, r3, #27
1000080c:	d4fc      	bmi.n	10000808 <uart_getc+0xa>
1000080e:	6803      	ldr	r3, [r0, #0]
10000810:	700b      	strb	r3, [r1, #0]
10000812:	3201      	adds	r2, #1
10000814:	3101      	adds	r1, #1
10000816:	2a00      	cmp	r2, #0
10000818:	d0f6      	beq.n	10000808 <uart_getc+0xa>
1000081a:	466b      	mov	r3, sp
1000081c:	79d8      	ldrb	r0, [r3, #7]
1000081e:	b002      	add	sp, #8
10000820:	4770      	bx	lr
	...

10000824 <check_response>:
10000824:	b570      	push	{r4, r5, r6, lr}
10000826:	0004      	movs	r4, r0
10000828:	000d      	movs	r5, r1
1000082a:	4806      	ldr	r0, [pc, #24]	@ (10000844 <check_response+0x20>)
1000082c:	0021      	movs	r1, r4
1000082e:	f003 fd8f 	bl	10004350 <__wrap_printf>
10000832:	0029      	movs	r1, r5
10000834:	0020      	movs	r0, r4
10000836:	f004 fba5 	bl	10004f84 <strstr>
1000083a:	2800      	cmp	r0, #0
1000083c:	d000      	beq.n	10000840 <check_response+0x1c>
1000083e:	2001      	movs	r0, #1
10000840:	bd70      	pop	{r4, r5, r6, pc}
10000842:	46c0      	nop			@ (mov r8, r8)
10000844:	100055ec 	.word	0x100055ec

10000848 <check_join>:
10000848:	b5f0      	push	{r4, r5, r6, r7, lr}
1000084a:	46c6      	mov	lr, r8
1000084c:	b500      	push	{lr}
1000084e:	b08e      	sub	sp, #56	@ 0x38
10000850:	000f      	movs	r7, r1
10000852:	0016      	movs	r6, r2
10000854:	ab01      	add	r3, sp, #4
10000856:	2200      	movs	r2, #0
10000858:	701a      	strb	r2, [r3, #0]
1000085a:	0001      	movs	r1, r0
1000085c:	4826      	ldr	r0, [pc, #152]	@ (100008f8 <check_join+0xb0>)
1000085e:	f7ff ffa9 	bl	100007b4 <uart_puts>
10000862:	f001 faa7 	bl	10001db4 <time_us_64>
10000866:	0004      	movs	r4, r0
10000868:	000d      	movs	r5, r1
1000086a:	22fa      	movs	r2, #250	@ 0xfa
1000086c:	0092      	lsls	r2, r2, #2
1000086e:	2300      	movs	r3, #0
10000870:	0030      	movs	r0, r6
10000872:	2100      	movs	r1, #0
10000874:	f002 fa52 	bl	10002d1c <__wrap___aeabi_lmul>
10000878:	1824      	adds	r4, r4, r0
1000087a:	414d      	adcs	r5, r1
1000087c:	2d00      	cmp	r5, #0
1000087e:	db0b      	blt.n	10000898 <check_join+0x50>
10000880:	2300      	movs	r3, #0
10000882:	4698      	mov	r8, r3
10000884:	2600      	movs	r6, #0
10000886:	f001 fa95 	bl	10001db4 <time_us_64>
1000088a:	428d      	cmp	r5, r1
1000088c:	d81b      	bhi.n	100008c6 <check_join+0x7e>
1000088e:	d101      	bne.n	10000894 <check_join+0x4c>
10000890:	4284      	cmp	r4, r0
10000892:	d818      	bhi.n	100008c6 <check_join+0x7e>
10000894:	2000      	movs	r0, #0
10000896:	e02b      	b.n	100008f0 <check_join+0xa8>
10000898:	2401      	movs	r4, #1
1000089a:	4264      	negs	r4, r4
1000089c:	4d17      	ldr	r5, [pc, #92]	@ (100008fc <check_join+0xb4>)
1000089e:	e7ef      	b.n	10000880 <check_join+0x38>
100008a0:	2e00      	cmp	r6, #0
100008a2:	dd10      	ble.n	100008c6 <check_join+0x7e>
100008a4:	a801      	add	r0, sp, #4
100008a6:	2300      	movs	r3, #0
100008a8:	5583      	strb	r3, [r0, r6]
100008aa:	4915      	ldr	r1, [pc, #84]	@ (10000900 <check_join+0xb8>)
100008ac:	f004 fb6a 	bl	10004f84 <strstr>
100008b0:	2800      	cmp	r0, #0
100008b2:	d001      	beq.n	100008b8 <check_join+0x70>
100008b4:	2301      	movs	r3, #1
100008b6:	4698      	mov	r8, r3
100008b8:	0039      	movs	r1, r7
100008ba:	a801      	add	r0, sp, #4
100008bc:	f7ff ffb2 	bl	10000824 <check_response>
100008c0:	2800      	cmp	r0, #0
100008c2:	d111      	bne.n	100008e8 <check_join+0xa0>
100008c4:	2600      	movs	r6, #0
100008c6:	4b0c      	ldr	r3, [pc, #48]	@ (100008f8 <check_join+0xb0>)
100008c8:	699b      	ldr	r3, [r3, #24]
100008ca:	06db      	lsls	r3, r3, #27
100008cc:	d4db      	bmi.n	10000886 <check_join+0x3e>
100008ce:	480a      	ldr	r0, [pc, #40]	@ (100008f8 <check_join+0xb0>)
100008d0:	f7ff ff95 	bl	100007fe <uart_getc>
100008d4:	280a      	cmp	r0, #10
100008d6:	d0e3      	beq.n	100008a0 <check_join+0x58>
100008d8:	280d      	cmp	r0, #13
100008da:	d0e1      	beq.n	100008a0 <check_join+0x58>
100008dc:	2e30      	cmp	r6, #48	@ 0x30
100008de:	dcf2      	bgt.n	100008c6 <check_join+0x7e>
100008e0:	ab01      	add	r3, sp, #4
100008e2:	5598      	strb	r0, [r3, r6]
100008e4:	3601      	adds	r6, #1
100008e6:	e7ee      	b.n	100008c6 <check_join+0x7e>
100008e8:	2301      	movs	r3, #1
100008ea:	4642      	mov	r2, r8
100008ec:	405a      	eors	r2, r3
100008ee:	b2d0      	uxtb	r0, r2
100008f0:	b00e      	add	sp, #56	@ 0x38
100008f2:	bc80      	pop	{r7}
100008f4:	46b8      	mov	r8, r7
100008f6:	bdf0      	pop	{r4, r5, r6, r7, pc}
100008f8:	40038000 	.word	0x40038000
100008fc:	7fffffff 	.word	0x7fffffff
10000900:	100055f8 	.word	0x100055f8

10000904 <send_lora_command>:
10000904:	b5f0      	push	{r4, r5, r6, r7, lr}
10000906:	b08f      	sub	sp, #60	@ 0x3c
10000908:	000f      	movs	r7, r1
1000090a:	0016      	movs	r6, r2
1000090c:	ab01      	add	r3, sp, #4
1000090e:	2200      	movs	r2, #0
10000910:	701a      	strb	r2, [r3, #0]
10000912:	0001      	movs	r1, r0
10000914:	481e      	ldr	r0, [pc, #120]	@ (10000990 <send_lora_command+0x8c>)
10000916:	f7ff ff4d 	bl	100007b4 <uart_puts>
1000091a:	f001 fa4b 	bl	10001db4 <time_us_64>
1000091e:	0004      	movs	r4, r0
10000920:	000d      	movs	r5, r1
10000922:	22fa      	movs	r2, #250	@ 0xfa
10000924:	0092      	lsls	r2, r2, #2
10000926:	2300      	movs	r3, #0
10000928:	0030      	movs	r0, r6
1000092a:	2100      	movs	r1, #0
1000092c:	f002 f9f6 	bl	10002d1c <__wrap___aeabi_lmul>
10000930:	1824      	adds	r4, r4, r0
10000932:	414d      	adcs	r5, r1
10000934:	2d00      	cmp	r5, #0
10000936:	db0a      	blt.n	1000094e <send_lora_command+0x4a>
10000938:	2600      	movs	r6, #0
1000093a:	f001 fa3b 	bl	10001db4 <time_us_64>
1000093e:	428d      	cmp	r5, r1
10000940:	d80b      	bhi.n	1000095a <send_lora_command+0x56>
10000942:	d101      	bne.n	10000948 <send_lora_command+0x44>
10000944:	4284      	cmp	r4, r0
10000946:	d808      	bhi.n	1000095a <send_lora_command+0x56>
10000948:	2000      	movs	r0, #0
1000094a:	b00f      	add	sp, #60	@ 0x3c
1000094c:	bdf0      	pop	{r4, r5, r6, r7, pc}
1000094e:	2401      	movs	r4, #1
10000950:	4264      	negs	r4, r4
10000952:	4d10      	ldr	r5, [pc, #64]	@ (10000994 <send_lora_command+0x90>)
10000954:	e7f0      	b.n	10000938 <send_lora_command+0x34>
10000956:	2e00      	cmp	r6, #0
10000958:	dc10      	bgt.n	1000097c <send_lora_command+0x78>
1000095a:	4b0d      	ldr	r3, [pc, #52]	@ (10000990 <send_lora_command+0x8c>)
1000095c:	699b      	ldr	r3, [r3, #24]
1000095e:	06db      	lsls	r3, r3, #27
10000960:	d4eb      	bmi.n	1000093a <send_lora_command+0x36>
10000962:	480b      	ldr	r0, [pc, #44]	@ (10000990 <send_lora_command+0x8c>)
10000964:	f7ff ff4b 	bl	100007fe <uart_getc>
10000968:	280a      	cmp	r0, #10
1000096a:	d0f4      	beq.n	10000956 <send_lora_command+0x52>
1000096c:	280d      	cmp	r0, #13
1000096e:	d0f2      	beq.n	10000956 <send_lora_command+0x52>
10000970:	2e30      	cmp	r6, #48	@ 0x30
10000972:	dcf2      	bgt.n	1000095a <send_lora_command+0x56>
10000974:	ab01      	add	r3, sp, #4
10000976:	5598      	strb	r0, [r3, r6]
10000978:	3601      	adds	r6, #1
1000097a:	e7ee      	b.n	1000095a <send_lora_command+0x56>
1000097c:	a801      	add	r0, sp, #4
1000097e:	2300      	movs	r3, #0
10000980:	5583      	strb	r3, [r0, r6]
10000982:	0039      	movs	r1, r7
10000984:	f7ff ff4e 	bl	10000824 <check_response>
10000988:	2800      	cmp	r0, #0
1000098a:	d1de      	bne.n	1000094a <send_lora_command+0x46>
1000098c:	2600      	movs	r6, #0
1000098e:	e7e4      	b.n	1000095a <send_lora_command+0x56>
10000990:	40038000 	.word	0x40038000
10000994:	7fffffff 	.word	0x7fffffff

10000998 <connect_lora>:
10000998:	b510      	push	{r4, lr}
1000099a:	22fa      	movs	r2, #250	@ 0xfa
1000099c:	4927      	ldr	r1, [pc, #156]	@ (10000a3c <connect_lora+0xa4>)
1000099e:	4828      	ldr	r0, [pc, #160]	@ (10000a40 <connect_lora+0xa8>)
100009a0:	0052      	lsls	r2, r2, #1
100009a2:	f7ff ffaf 	bl	10000904 <send_lora_command>
100009a6:	2800      	cmp	r0, #0
100009a8:	d101      	bne.n	100009ae <connect_lora+0x16>
100009aa:	2000      	movs	r0, #0
100009ac:	bd10      	pop	{r4, pc}
100009ae:	22fa      	movs	r2, #250	@ 0xfa
100009b0:	4924      	ldr	r1, [pc, #144]	@ (10000a44 <connect_lora+0xac>)
100009b2:	4825      	ldr	r0, [pc, #148]	@ (10000a48 <connect_lora+0xb0>)
100009b4:	0052      	lsls	r2, r2, #1
100009b6:	f7ff ffa5 	bl	10000904 <send_lora_command>
100009ba:	2800      	cmp	r0, #0
100009bc:	d101      	bne.n	100009c2 <connect_lora+0x2a>
100009be:	2000      	movs	r0, #0
100009c0:	e7f4      	b.n	100009ac <connect_lora+0x14>
100009c2:	22fa      	movs	r2, #250	@ 0xfa
100009c4:	4921      	ldr	r1, [pc, #132]	@ (10000a4c <connect_lora+0xb4>)
100009c6:	4822      	ldr	r0, [pc, #136]	@ (10000a50 <connect_lora+0xb8>)
100009c8:	0052      	lsls	r2, r2, #1
100009ca:	f7ff ff9b 	bl	10000904 <send_lora_command>
100009ce:	2800      	cmp	r0, #0
100009d0:	d101      	bne.n	100009d6 <connect_lora+0x3e>
100009d2:	2000      	movs	r0, #0
100009d4:	e7ea      	b.n	100009ac <connect_lora+0x14>
100009d6:	22fa      	movs	r2, #250	@ 0xfa
100009d8:	491e      	ldr	r1, [pc, #120]	@ (10000a54 <connect_lora+0xbc>)
100009da:	481f      	ldr	r0, [pc, #124]	@ (10000a58 <connect_lora+0xc0>)
100009dc:	0052      	lsls	r2, r2, #1
100009de:	f7ff ff91 	bl	10000904 <send_lora_command>
100009e2:	2800      	cmp	r0, #0
100009e4:	d101      	bne.n	100009ea <connect_lora+0x52>
100009e6:	2000      	movs	r0, #0
100009e8:	e7e0      	b.n	100009ac <connect_lora+0x14>
100009ea:	22fa      	movs	r2, #250	@ 0xfa
100009ec:	491b      	ldr	r1, [pc, #108]	@ (10000a5c <connect_lora+0xc4>)
100009ee:	481c      	ldr	r0, [pc, #112]	@ (10000a60 <connect_lora+0xc8>)
100009f0:	0052      	lsls	r2, r2, #1
100009f2:	f7ff ff87 	bl	10000904 <send_lora_command>
100009f6:	2800      	cmp	r0, #0
100009f8:	d101      	bne.n	100009fe <connect_lora+0x66>
100009fa:	2000      	movs	r0, #0
100009fc:	e7d6      	b.n	100009ac <connect_lora+0x14>
100009fe:	22fa      	movs	r2, #250	@ 0xfa
10000a00:	4918      	ldr	r1, [pc, #96]	@ (10000a64 <connect_lora+0xcc>)
10000a02:	4819      	ldr	r0, [pc, #100]	@ (10000a68 <connect_lora+0xd0>)
10000a04:	0052      	lsls	r2, r2, #1
10000a06:	f7ff ff7d 	bl	10000904 <send_lora_command>
10000a0a:	2800      	cmp	r0, #0
10000a0c:	d101      	bne.n	10000a12 <connect_lora+0x7a>
10000a0e:	2000      	movs	r0, #0
10000a10:	e7cc      	b.n	100009ac <connect_lora+0x14>
10000a12:	4916      	ldr	r1, [pc, #88]	@ (10000a6c <connect_lora+0xd4>)
10000a14:	4816      	ldr	r0, [pc, #88]	@ (10000a70 <connect_lora+0xd8>)
10000a16:	4a17      	ldr	r2, [pc, #92]	@ (10000a74 <connect_lora+0xdc>)
10000a18:	f7ff ff16 	bl	10000848 <check_join>
10000a1c:	2800      	cmp	r0, #0
10000a1e:	d001      	beq.n	10000a24 <connect_lora+0x8c>
10000a20:	2001      	movs	r0, #1
10000a22:	e7c3      	b.n	100009ac <connect_lora+0x14>
10000a24:	4911      	ldr	r1, [pc, #68]	@ (10000a6c <connect_lora+0xd4>)
10000a26:	4812      	ldr	r0, [pc, #72]	@ (10000a70 <connect_lora+0xd8>)
10000a28:	4a12      	ldr	r2, [pc, #72]	@ (10000a74 <connect_lora+0xdc>)
10000a2a:	f7ff ff0d 	bl	10000848 <check_join>
10000a2e:	2800      	cmp	r0, #0
10000a30:	d001      	beq.n	10000a36 <connect_lora+0x9e>
10000a32:	2001      	movs	r0, #1
10000a34:	e7ba      	b.n	100009ac <connect_lora+0x14>
10000a36:	2000      	movs	r0, #0
10000a38:	e7b8      	b.n	100009ac <connect_lora+0x14>
10000a3a:	46c0      	nop			@ (mov r8, r8)
10000a3c:	1000560c 	.word	0x1000560c
10000a40:	10005610 	.word	0x10005610
10000a44:	10005618 	.word	0x10005618
10000a48:	10005620 	.word	0x10005620
10000a4c:	10005634 	.word	0x10005634
10000a50:	1000563c 	.word	0x1000563c
10000a54:	10005670 	.word	0x10005670
10000a58:	10005678 	.word	0x10005678
10000a5c:	10005688 	.word	0x10005688
10000a60:	10005690 	.word	0x10005690
10000a64:	1000569c 	.word	0x1000569c
10000a68:	100056a4 	.word	0x100056a4
10000a6c:	100056b0 	.word	0x100056b0
10000a70:	100056bc 	.word	0x100056bc
10000a74:	00004e20 	.word	0x00004e20

10000a78 <send_message>:
10000a78:	b510      	push	{r4, lr}
10000a7a:	b08e      	sub	sp, #56	@ 0x38
10000a7c:	0004      	movs	r4, r0
10000a7e:	000a      	movs	r2, r1
10000a80:	4b09      	ldr	r3, [pc, #36]	@ (10000aa8 <send_message+0x30>)
10000a82:	0019      	movs	r1, r3
10000a84:	a801      	add	r0, sp, #4
10000a86:	f003 faad 	bl	10003fe4 <__wrap_sprintf>
10000a8a:	22fa      	movs	r2, #250	@ 0xfa
10000a8c:	4907      	ldr	r1, [pc, #28]	@ (10000aac <send_message+0x34>)
10000a8e:	0052      	lsls	r2, r2, #1
10000a90:	a801      	add	r0, sp, #4
10000a92:	f7ff ff37 	bl	10000904 <send_lora_command>
10000a96:	2800      	cmp	r0, #0
10000a98:	d003      	beq.n	10000aa2 <send_message+0x2a>
10000a9a:	2300      	movs	r3, #0
10000a9c:	7023      	strb	r3, [r4, #0]
10000a9e:	b00e      	add	sp, #56	@ 0x38
10000aa0:	bd10      	pop	{r4, pc}
10000aa2:	2301      	movs	r3, #1
10000aa4:	7023      	strb	r3, [r4, #0]
10000aa6:	e7fa      	b.n	10000a9e <send_message+0x26>
10000aa8:	100056c8 	.word	0x100056c8
10000aac:	1000560c 	.word	0x1000560c

10000ab0 <queue_init>:
10000ab0:	b570      	push	{r4, r5, r6, lr}
10000ab2:	0004      	movs	r4, r0
10000ab4:	000d      	movs	r5, r1
10000ab6:	0016      	movs	r6, r2
10000ab8:	f000 f99c 	bl	10000df4 <next_striped_spin_lock_num>
10000abc:	0003      	movs	r3, r0
10000abe:	0032      	movs	r2, r6
10000ac0:	0029      	movs	r1, r5
10000ac2:	0020      	movs	r0, r4
10000ac4:	f001 fa32 	bl	10001f2c <queue_init_with_spinlock>
10000ac8:	bd70      	pop	{r4, r5, r6, pc}
	...

10000acc <init_event>:
10000acc:	b510      	push	{r4, lr}
10000ace:	4803      	ldr	r0, [pc, #12]	@ (10000adc <init_event+0x10>)
10000ad0:	220a      	movs	r2, #10
10000ad2:	2101      	movs	r1, #1
10000ad4:	f7ff ffec 	bl	10000ab0 <queue_init>
10000ad8:	bd10      	pop	{r4, pc}
10000ada:	46c0      	nop			@ (mov r8, r8)
10000adc:	20000b7c 	.word	0x20000b7c

10000ae0 <get_event>:
10000ae0:	b510      	push	{r4, lr}
10000ae2:	0001      	movs	r1, r0
10000ae4:	4b02      	ldr	r3, [pc, #8]	@ (10000af0 <get_event+0x10>)
10000ae6:	0018      	movs	r0, r3
10000ae8:	f001 fa37 	bl	10001f5a <queue_try_remove>
10000aec:	bd10      	pop	{r4, pc}
10000aee:	46c0      	nop			@ (mov r8, r8)
10000af0:	20000b7c 	.word	0x20000b7c

10000af4 <gpio_handler>:
10000af4:	b500      	push	{lr}
10000af6:	b083      	sub	sp, #12
10000af8:	2300      	movs	r3, #0
10000afa:	9301      	str	r3, [sp, #4]
10000afc:	2809      	cmp	r0, #9
10000afe:	d006      	beq.n	10000b0e <gpio_handler+0x1a>
10000b00:	2807      	cmp	r0, #7
10000b02:	d00c      	beq.n	10000b1e <gpio_handler+0x2a>
10000b04:	281b      	cmp	r0, #27
10000b06:	d104      	bne.n	10000b12 <gpio_handler+0x1e>
10000b08:	2303      	movs	r3, #3
10000b0a:	9301      	str	r3, [sp, #4]
10000b0c:	e001      	b.n	10000b12 <gpio_handler+0x1e>
10000b0e:	3301      	adds	r3, #1
10000b10:	9301      	str	r3, [sp, #4]
10000b12:	4804      	ldr	r0, [pc, #16]	@ (10000b24 <gpio_handler+0x30>)
10000b14:	a901      	add	r1, sp, #4
10000b16:	f001 fa1b 	bl	10001f50 <queue_try_add>
10000b1a:	b003      	add	sp, #12
10000b1c:	bd00      	pop	{pc}
10000b1e:	2302      	movs	r3, #2
10000b20:	9301      	str	r3, [sp, #4]
10000b22:	e7f6      	b.n	10000b12 <gpio_handler+0x1e>
10000b24:	20000b7c 	.word	0x20000b7c

10000b28 <empty_gue>:
10000b28:	b500      	push	{lr}
10000b2a:	b083      	sub	sp, #12
10000b2c:	466b      	mov	r3, sp
10000b2e:	1dd8      	adds	r0, r3, #7
10000b30:	f7ff ffd6 	bl	10000ae0 <get_event>
10000b34:	2800      	cmp	r0, #0
10000b36:	d1f9      	bne.n	10000b2c <empty_gue+0x4>
10000b38:	b003      	add	sp, #12
10000b3a:	bd00      	pop	{pc}

10000b3c <gpio_default_irq_handler>:
10000b3c:	b5f8      	push	{r3, r4, r5, r6, r7, lr}
10000b3e:	46ce      	mov	lr, r9
10000b40:	4647      	mov	r7, r8
10000b42:	b580      	push	{r7, lr}
10000b44:	23d0      	movs	r3, #208	@ 0xd0
10000b46:	061b      	lsls	r3, r3, #24
10000b48:	681f      	ldr	r7, [r3, #0]
10000b4a:	4b21      	ldr	r3, [pc, #132]	@ (10000bd0 <gpio_default_irq_handler+0x94>)
10000b4c:	00ba      	lsls	r2, r7, #2
10000b4e:	58d3      	ldr	r3, [r2, r3]
10000b50:	4698      	mov	r8, r3
10000b52:	2f00      	cmp	r7, #0
10000b54:	d003      	beq.n	10000b5e <gpio_default_irq_handler+0x22>
10000b56:	4b1f      	ldr	r3, [pc, #124]	@ (10000bd4 <gpio_default_irq_handler+0x98>)
10000b58:	4699      	mov	r9, r3
10000b5a:	2600      	movs	r6, #0
10000b5c:	e02a      	b.n	10000bb4 <gpio_default_irq_handler+0x78>
10000b5e:	4b1e      	ldr	r3, [pc, #120]	@ (10000bd8 <gpio_default_irq_handler+0x9c>)
10000b60:	4699      	mov	r9, r3
10000b62:	e7fa      	b.n	10000b5a <gpio_default_irq_handler+0x1e>
10000b64:	40eb      	lsrs	r3, r5
10000b66:	e012      	b.n	10000b8e <gpio_default_irq_handler+0x52>
10000b68:	0924      	lsrs	r4, r4, #4
10000b6a:	3501      	adds	r5, #1
10000b6c:	2c00      	cmp	r4, #0
10000b6e:	d020      	beq.n	10000bb2 <gpio_default_irq_handler+0x76>
10000b70:	0033      	movs	r3, r6
10000b72:	3308      	adds	r3, #8
10000b74:	42ab      	cmp	r3, r5
10000b76:	d91c      	bls.n	10000bb2 <gpio_default_irq_handler+0x76>
10000b78:	230f      	movs	r3, #15
10000b7a:	0019      	movs	r1, r3
10000b7c:	4021      	ands	r1, r4
10000b7e:	4223      	tst	r3, r4
10000b80:	d0f2      	beq.n	10000b68 <gpio_default_irq_handler+0x2c>
10000b82:	4b16      	ldr	r3, [pc, #88]	@ (10000bdc <gpio_default_irq_handler+0xa0>)
10000b84:	00ba      	lsls	r2, r7, #2
10000b86:	58d3      	ldr	r3, [r2, r3]
10000b88:	2d20      	cmp	r5, #32
10000b8a:	d4eb      	bmi.n	10000b64 <gpio_default_irq_handler+0x28>
10000b8c:	2300      	movs	r3, #0
10000b8e:	07db      	lsls	r3, r3, #31
10000b90:	d4ea      	bmi.n	10000b68 <gpio_default_irq_handler+0x2c>
10000b92:	2207      	movs	r2, #7
10000b94:	402a      	ands	r2, r5
10000b96:	0092      	lsls	r2, r2, #2
10000b98:	08eb      	lsrs	r3, r5, #3
10000b9a:	0008      	movs	r0, r1
10000b9c:	4090      	lsls	r0, r2
10000b9e:	333c      	adds	r3, #60	@ 0x3c
10000ba0:	009b      	lsls	r3, r3, #2
10000ba2:	4a0f      	ldr	r2, [pc, #60]	@ (10000be0 <gpio_default_irq_handler+0xa4>)
10000ba4:	5098      	str	r0, [r3, r2]
10000ba6:	4643      	mov	r3, r8
10000ba8:	2b00      	cmp	r3, #0
10000baa:	d0dd      	beq.n	10000b68 <gpio_default_irq_handler+0x2c>
10000bac:	0028      	movs	r0, r5
10000bae:	47c0      	blx	r8
10000bb0:	e7da      	b.n	10000b68 <gpio_default_irq_handler+0x2c>
10000bb2:	3608      	adds	r6, #8
10000bb4:	2e1d      	cmp	r6, #29
10000bb6:	d806      	bhi.n	10000bc6 <gpio_default_irq_handler+0x8a>
10000bb8:	08f3      	lsrs	r3, r6, #3
10000bba:	3308      	adds	r3, #8
10000bbc:	009b      	lsls	r3, r3, #2
10000bbe:	464a      	mov	r2, r9
10000bc0:	589c      	ldr	r4, [r3, r2]
10000bc2:	0035      	movs	r5, r6
10000bc4:	e7d2      	b.n	10000b6c <gpio_default_irq_handler+0x30>
10000bc6:	bcc0      	pop	{r6, r7}
10000bc8:	46b9      	mov	r9, r7
10000bca:	46b0      	mov	r8, r6
10000bcc:	bdf8      	pop	{r3, r4, r5, r6, r7, pc}
10000bce:	46c0      	nop			@ (mov r8, r8)
10000bd0:	20000b38 	.word	0x20000b38
10000bd4:	40014130 	.word	0x40014130
10000bd8:	40014100 	.word	0x40014100
10000bdc:	20000bbc 	.word	0x20000bbc
10000be0:	40014000 	.word	0x40014000

10000be4 <_gpio_set_irq_enabled>:
10000be4:	b530      	push	{r4, r5, lr}
10000be6:	2407      	movs	r4, #7
10000be8:	4004      	ands	r4, r0
10000bea:	00a4      	lsls	r4, r4, #2
10000bec:	08c0      	lsrs	r0, r0, #3
10000bee:	40a1      	lsls	r1, r4
10000bf0:	0004      	movs	r4, r0
10000bf2:	343c      	adds	r4, #60	@ 0x3c
10000bf4:	00a4      	lsls	r4, r4, #2
10000bf6:	4d09      	ldr	r5, [pc, #36]	@ (10000c1c <_gpio_set_irq_enabled+0x38>)
10000bf8:	5161      	str	r1, [r4, r5]
10000bfa:	0080      	lsls	r0, r0, #2
10000bfc:	181b      	adds	r3, r3, r0
10000bfe:	2a00      	cmp	r2, #0
10000c00:	d005      	beq.n	10000c0e <_gpio_set_irq_enabled+0x2a>
10000c02:	2280      	movs	r2, #128	@ 0x80
10000c04:	0192      	lsls	r2, r2, #6
10000c06:	4694      	mov	ip, r2
10000c08:	4463      	add	r3, ip
10000c0a:	6019      	str	r1, [r3, #0]
10000c0c:	bd30      	pop	{r4, r5, pc}
10000c0e:	22c0      	movs	r2, #192	@ 0xc0
10000c10:	0192      	lsls	r2, r2, #6
10000c12:	4694      	mov	ip, r2
10000c14:	4463      	add	r3, ip
10000c16:	6019      	str	r1, [r3, #0]
10000c18:	e7f8      	b.n	10000c0c <_gpio_set_irq_enabled+0x28>
10000c1a:	46c0      	nop			@ (mov r8, r8)
10000c1c:	40014000 	.word	0x40014000

10000c20 <gpio_set_function>:
10000c20:	b510      	push	{r4, lr}
10000c22:	0083      	lsls	r3, r0, #2
10000c24:	4a08      	ldr	r2, [pc, #32]	@ (10000c48 <gpio_set_function+0x28>)
10000c26:	189a      	adds	r2, r3, r2
10000c28:	6814      	ldr	r4, [r2, #0]
10000c2a:	2240      	movs	r2, #64	@ 0x40
10000c2c:	4054      	eors	r4, r2
10000c2e:	3280      	adds	r2, #128	@ 0x80
10000c30:	4022      	ands	r2, r4
10000c32:	4c06      	ldr	r4, [pc, #24]	@ (10000c4c <gpio_set_function+0x2c>)
10000c34:	46a4      	mov	ip, r4
10000c36:	4463      	add	r3, ip
10000c38:	601a      	str	r2, [r3, #0]
10000c3a:	00c0      	lsls	r0, r0, #3
10000c3c:	4b04      	ldr	r3, [pc, #16]	@ (10000c50 <gpio_set_function+0x30>)
10000c3e:	469c      	mov	ip, r3
10000c40:	4460      	add	r0, ip
10000c42:	6041      	str	r1, [r0, #4]
10000c44:	bd10      	pop	{r4, pc}
10000c46:	46c0      	nop			@ (mov r8, r8)
10000c48:	4001c004 	.word	0x4001c004
10000c4c:	4001d004 	.word	0x4001d004
10000c50:	40014000 	.word	0x40014000

10000c54 <gpio_set_pulls>:
10000c54:	0080      	lsls	r0, r0, #2
10000c56:	4b0c      	ldr	r3, [pc, #48]	@ (10000c88 <gpio_set_pulls+0x34>)
10000c58:	469c      	mov	ip, r3
10000c5a:	4460      	add	r0, ip
10000c5c:	2900      	cmp	r1, #0
10000c5e:	d00e      	beq.n	10000c7e <gpio_set_pulls+0x2a>
10000c60:	2308      	movs	r3, #8
10000c62:	2a00      	cmp	r2, #0
10000c64:	d00d      	beq.n	10000c82 <gpio_set_pulls+0x2e>
10000c66:	2204      	movs	r2, #4
10000c68:	4313      	orrs	r3, r2
10000c6a:	6802      	ldr	r2, [r0, #0]
10000c6c:	4053      	eors	r3, r2
10000c6e:	220c      	movs	r2, #12
10000c70:	4013      	ands	r3, r2
10000c72:	2280      	movs	r2, #128	@ 0x80
10000c74:	0152      	lsls	r2, r2, #5
10000c76:	4694      	mov	ip, r2
10000c78:	4460      	add	r0, ip
10000c7a:	6003      	str	r3, [r0, #0]
10000c7c:	4770      	bx	lr
10000c7e:	2300      	movs	r3, #0
10000c80:	e7ef      	b.n	10000c62 <gpio_set_pulls+0xe>
10000c82:	2200      	movs	r2, #0
10000c84:	e7f0      	b.n	10000c68 <gpio_set_pulls+0x14>
10000c86:	46c0      	nop			@ (mov r8, r8)
10000c88:	4001c004 	.word	0x4001c004

10000c8c <gpio_set_irq_enabled>:
10000c8c:	b570      	push	{r4, r5, r6, lr}
10000c8e:	0006      	movs	r6, r0
10000c90:	000d      	movs	r5, r1
10000c92:	1e14      	subs	r4, r2, #0
10000c94:	d10b      	bne.n	10000cae <gpio_set_irq_enabled+0x22>
10000c96:	23d0      	movs	r3, #208	@ 0xd0
10000c98:	061b      	lsls	r3, r3, #24
10000c9a:	681b      	ldr	r3, [r3, #0]
10000c9c:	2b00      	cmp	r3, #0
10000c9e:	d011      	beq.n	10000cc4 <gpio_set_irq_enabled+0x38>
10000ca0:	4b09      	ldr	r3, [pc, #36]	@ (10000cc8 <gpio_set_irq_enabled+0x3c>)
10000ca2:	0022      	movs	r2, r4
10000ca4:	0029      	movs	r1, r5
10000ca6:	0030      	movs	r0, r6
10000ca8:	f7ff ff9c 	bl	10000be4 <_gpio_set_irq_enabled>
10000cac:	bd70      	pop	{r4, r5, r6, pc}
10000cae:	200d      	movs	r0, #13
10000cb0:	f000 f96c 	bl	10000f8c <irq_has_handler>
10000cb4:	2800      	cmp	r0, #0
10000cb6:	d1ee      	bne.n	10000c96 <gpio_set_irq_enabled+0xa>
10000cb8:	4b04      	ldr	r3, [pc, #16]	@ (10000ccc <gpio_set_irq_enabled+0x40>)
10000cba:	4a05      	ldr	r2, [pc, #20]	@ (10000cd0 <gpio_set_irq_enabled+0x44>)
10000cbc:	4805      	ldr	r0, [pc, #20]	@ (10000cd4 <gpio_set_irq_enabled+0x48>)
10000cbe:	21bd      	movs	r1, #189	@ 0xbd
10000cc0:	f003 f9d8 	bl	10004074 <__assert_func>
10000cc4:	4b04      	ldr	r3, [pc, #16]	@ (10000cd8 <gpio_set_irq_enabled+0x4c>)
10000cc6:	e7ec      	b.n	10000ca2 <gpio_set_irq_enabled+0x16>
10000cc8:	40014130 	.word	0x40014130
10000ccc:	100056d8 	.word	0x100056d8
10000cd0:	10005ed4 	.word	0x10005ed4
10000cd4:	10005704 	.word	0x10005704
10000cd8:	40014100 	.word	0x40014100

10000cdc <gpio_set_irq_callback>:
10000cdc:	b570      	push	{r4, r5, r6, lr}
10000cde:	0004      	movs	r4, r0
10000ce0:	23d0      	movs	r3, #208	@ 0xd0
10000ce2:	061b      	lsls	r3, r3, #24
10000ce4:	681d      	ldr	r5, [r3, #0]
10000ce6:	4b0d      	ldr	r3, [pc, #52]	@ (10000d1c <gpio_set_irq_callback+0x40>)
10000ce8:	00aa      	lsls	r2, r5, #2
10000cea:	58d3      	ldr	r3, [r2, r3]
10000cec:	2b00      	cmp	r3, #0
10000cee:	d00a      	beq.n	10000d06 <gpio_set_irq_callback+0x2a>
10000cf0:	2800      	cmp	r0, #0
10000cf2:	d003      	beq.n	10000cfc <gpio_set_irq_callback+0x20>
10000cf4:	4b09      	ldr	r3, [pc, #36]	@ (10000d1c <gpio_set_irq_callback+0x40>)
10000cf6:	00ad      	lsls	r5, r5, #2
10000cf8:	50ec      	str	r4, [r5, r3]
10000cfa:	bd70      	pop	{r4, r5, r6, pc}
10000cfc:	4908      	ldr	r1, [pc, #32]	@ (10000d20 <gpio_set_irq_callback+0x44>)
10000cfe:	200d      	movs	r0, #13
10000d00:	f000 fa8a 	bl	10001218 <irq_remove_handler>
10000d04:	e7f6      	b.n	10000cf4 <gpio_set_irq_callback+0x18>
10000d06:	2800      	cmp	r0, #0
10000d08:	d0f7      	beq.n	10000cfa <gpio_set_irq_callback+0x1e>
10000d0a:	4b04      	ldr	r3, [pc, #16]	@ (10000d1c <gpio_set_irq_callback+0x40>)
10000d0c:	00ad      	lsls	r5, r5, #2
10000d0e:	50e8      	str	r0, [r5, r3]
10000d10:	4903      	ldr	r1, [pc, #12]	@ (10000d20 <gpio_set_irq_callback+0x44>)
10000d12:	2200      	movs	r2, #0
10000d14:	200d      	movs	r0, #13
10000d16:	f000 f973 	bl	10001000 <irq_add_shared_handler>
10000d1a:	e7ee      	b.n	10000cfa <gpio_set_irq_callback+0x1e>
10000d1c:	20000b38 	.word	0x20000b38
10000d20:	10000b3d 	.word	0x10000b3d

10000d24 <gpio_set_irq_enabled_with_callback>:
10000d24:	b570      	push	{r4, r5, r6, lr}
10000d26:	0005      	movs	r5, r0
10000d28:	000e      	movs	r6, r1
10000d2a:	0014      	movs	r4, r2
10000d2c:	0018      	movs	r0, r3
10000d2e:	f7ff ffd5 	bl	10000cdc <gpio_set_irq_callback>
10000d32:	0022      	movs	r2, r4
10000d34:	0031      	movs	r1, r6
10000d36:	0028      	movs	r0, r5
10000d38:	f7ff ffa8 	bl	10000c8c <gpio_set_irq_enabled>
10000d3c:	2c00      	cmp	r4, #0
10000d3e:	d100      	bne.n	10000d42 <gpio_set_irq_enabled_with_callback+0x1e>
10000d40:	bd70      	pop	{r4, r5, r6, pc}
10000d42:	2101      	movs	r1, #1
10000d44:	200d      	movs	r0, #13
10000d46:	f000 f90f 	bl	10000f68 <irq_set_enabled>
10000d4a:	e7f9      	b.n	10000d40 <gpio_set_irq_enabled_with_callback+0x1c>

10000d4c <gpio_init>:
10000d4c:	b510      	push	{r4, lr}
10000d4e:	2301      	movs	r3, #1
10000d50:	4083      	lsls	r3, r0
10000d52:	22d0      	movs	r2, #208	@ 0xd0
10000d54:	0612      	lsls	r2, r2, #24
10000d56:	6293      	str	r3, [r2, #40]	@ 0x28
10000d58:	6193      	str	r3, [r2, #24]
10000d5a:	2105      	movs	r1, #5
10000d5c:	f7ff ff60 	bl	10000c20 <gpio_set_function>
10000d60:	bd10      	pop	{r4, pc}
	...

10000d64 <panic>:
10000d64:	b40f      	push	{r0, r1, r2, r3}
10000d66:	b500      	push	{lr}
10000d68:	b083      	sub	sp, #12
10000d6a:	4808      	ldr	r0, [pc, #32]	@ (10000d8c <panic+0x28>)
10000d6c:	f003 fac1 	bl	100042f2 <__wrap_puts>
10000d70:	9b04      	ldr	r3, [sp, #16]
10000d72:	2b00      	cmp	r3, #0
10000d74:	d007      	beq.n	10000d86 <panic+0x22>
10000d76:	a905      	add	r1, sp, #20
10000d78:	9101      	str	r1, [sp, #4]
10000d7a:	0018      	movs	r0, r3
10000d7c:	f003 fac8 	bl	10004310 <__wrap_vprintf>
10000d80:	4803      	ldr	r0, [pc, #12]	@ (10000d90 <panic+0x2c>)
10000d82:	f003 fab6 	bl	100042f2 <__wrap_puts>
10000d86:	2001      	movs	r0, #1
10000d88:	f003 f952 	bl	10004030 <_exit>
10000d8c:	1000573c 	.word	0x1000573c
10000d90:	100056d4 	.word	0x100056d4

10000d94 <hw_claim_lock>:
10000d94:	f3ef 8010 	mrs	r0, PRIMASK
10000d98:	b672      	cpsid	i
10000d9a:	4b03      	ldr	r3, [pc, #12]	@ (10000da8 <hw_claim_lock+0x14>)
10000d9c:	681b      	ldr	r3, [r3, #0]
10000d9e:	2b00      	cmp	r3, #0
10000da0:	d0fb      	beq.n	10000d9a <hw_claim_lock+0x6>
10000da2:	f3bf 8f5f 	dmb	sy
10000da6:	4770      	bx	lr
10000da8:	d000012c 	.word	0xd000012c

10000dac <hw_claim_unlock>:
10000dac:	f3bf 8f5f 	dmb	sy
10000db0:	4b02      	ldr	r3, [pc, #8]	@ (10000dbc <hw_claim_unlock+0x10>)
10000db2:	2200      	movs	r2, #0
10000db4:	601a      	str	r2, [r3, #0]
10000db6:	f380 8810 	msr	PRIMASK, r0
10000dba:	4770      	bx	lr
10000dbc:	d000012c 	.word	0xd000012c

10000dc0 <hw_claim_or_assert>:
10000dc0:	b5f8      	push	{r3, r4, r5, r6, r7, lr}
10000dc2:	0006      	movs	r6, r0
10000dc4:	000c      	movs	r4, r1
10000dc6:	0015      	movs	r5, r2
10000dc8:	f7ff ffe4 	bl	10000d94 <hw_claim_lock>
10000dcc:	08e3      	lsrs	r3, r4, #3
10000dce:	18f7      	adds	r7, r6, r3
10000dd0:	5cf1      	ldrb	r1, [r6, r3]
10000dd2:	2207      	movs	r2, #7
10000dd4:	4022      	ands	r2, r4
10000dd6:	2301      	movs	r3, #1
10000dd8:	4093      	lsls	r3, r2
10000dda:	420b      	tst	r3, r1
10000ddc:	d105      	bne.n	10000dea <hw_claim_or_assert+0x2a>
10000dde:	b2db      	uxtb	r3, r3
10000de0:	430b      	orrs	r3, r1
10000de2:	703b      	strb	r3, [r7, #0]
10000de4:	f7ff ffe2 	bl	10000dac <hw_claim_unlock>
10000de8:	bdf8      	pop	{r3, r4, r5, r6, r7, pc}
10000dea:	0021      	movs	r1, r4
10000dec:	0028      	movs	r0, r5
10000dee:	f7ff ffb9 	bl	10000d64 <panic>
	...

10000df4 <next_striped_spin_lock_num>:
10000df4:	4a05      	ldr	r2, [pc, #20]	@ (10000e0c <next_striped_spin_lock_num+0x18>)
10000df6:	7810      	ldrb	r0, [r2, #0]
10000df8:	1c43      	adds	r3, r0, #1
10000dfa:	b2db      	uxtb	r3, r3
10000dfc:	7013      	strb	r3, [r2, #0]
10000dfe:	2b17      	cmp	r3, #23
10000e00:	d902      	bls.n	10000e08 <next_striped_spin_lock_num+0x14>
10000e02:	0013      	movs	r3, r2
10000e04:	2210      	movs	r2, #16
10000e06:	701a      	strb	r2, [r3, #0]
10000e08:	4770      	bx	lr
10000e0a:	46c0      	nop			@ (mov r8, r8)
10000e0c:	20000240 	.word	0x20000240

10000e10 <spin_locks_reset>:
10000e10:	2300      	movs	r3, #0
10000e12:	e007      	b.n	10000e24 <spin_locks_reset+0x14>
10000e14:	4a05      	ldr	r2, [pc, #20]	@ (10000e2c <spin_locks_reset+0x1c>)
10000e16:	189a      	adds	r2, r3, r2
10000e18:	0092      	lsls	r2, r2, #2
10000e1a:	f3bf 8f5f 	dmb	sy
10000e1e:	2100      	movs	r1, #0
10000e20:	6011      	str	r1, [r2, #0]
10000e22:	3301      	adds	r3, #1
10000e24:	2b1f      	cmp	r3, #31
10000e26:	d9f5      	bls.n	10000e14 <spin_locks_reset+0x4>
10000e28:	4770      	bx	lr
10000e2a:	46c0      	nop			@ (mov r8, r8)
10000e2c:	34000040 	.word	0x34000040

10000e30 <set_raw_irq_handler_and_unlock>:
10000e30:	4b07      	ldr	r3, [pc, #28]	@ (10000e50 <set_raw_irq_handler_and_unlock+0x20>)
10000e32:	689b      	ldr	r3, [r3, #8]
10000e34:	3010      	adds	r0, #16
10000e36:	0080      	lsls	r0, r0, #2
10000e38:	5019      	str	r1, [r3, r0]
10000e3a:	f3bf 8f5f 	dmb	sy
10000e3e:	f3bf 8f5f 	dmb	sy
10000e42:	4b04      	ldr	r3, [pc, #16]	@ (10000e54 <set_raw_irq_handler_and_unlock+0x24>)
10000e44:	2100      	movs	r1, #0
10000e46:	6019      	str	r1, [r3, #0]
10000e48:	f382 8810 	msr	PRIMASK, r2
10000e4c:	4770      	bx	lr
10000e4e:	46c0      	nop			@ (mov r8, r8)
10000e50:	e000ed00 	.word	0xe000ed00
10000e54:	d0000124 	.word	0xd0000124

10000e58 <nvic_ipr0>:
10000e58:	4800      	ldr	r0, [pc, #0]	@ (10000e5c <nvic_ipr0+0x4>)
10000e5a:	4770      	bx	lr
10000e5c:	e000e400 	.word	0xe000e400

10000e60 <runtime_init_per_core_irq_priorities>:
10000e60:	b510      	push	{r4, lr}
10000e62:	f7ff fff9 	bl	10000e58 <nvic_ipr0>
10000e66:	2300      	movs	r3, #0
10000e68:	e002      	b.n	10000e70 <runtime_init_per_core_irq_priorities+0x10>
10000e6a:	4a03      	ldr	r2, [pc, #12]	@ (10000e78 <runtime_init_per_core_irq_priorities+0x18>)
10000e6c:	c004      	stmia	r0!, {r2}
10000e6e:	3301      	adds	r3, #1
10000e70:	2b07      	cmp	r3, #7
10000e72:	d9fa      	bls.n	10000e6a <runtime_init_per_core_irq_priorities+0xa>
10000e74:	bd10      	pop	{r4, pc}
10000e76:	46c0      	nop			@ (mov r8, r8)
10000e78:	80808080 	.word	0x80808080

10000e7c <resolve_j_16>:
10000e7c:	b510      	push	{r4, lr}
10000e7e:	8803      	ldrh	r3, [r0, #0]
10000e80:	0ada      	lsrs	r2, r3, #11
10000e82:	2a1c      	cmp	r2, #28
10000e84:	d105      	bne.n	10000e92 <resolve_j_16+0x16>
10000e86:	055b      	lsls	r3, r3, #21
10000e88:	155b      	asrs	r3, r3, #21
10000e8a:	3302      	adds	r3, #2
10000e8c:	005b      	lsls	r3, r3, #1
10000e8e:	18c0      	adds	r0, r0, r3
10000e90:	bd10      	pop	{r4, pc}
10000e92:	4b03      	ldr	r3, [pc, #12]	@ (10000ea0 <resolve_j_16+0x24>)
10000e94:	4a03      	ldr	r2, [pc, #12]	@ (10000ea4 <resolve_j_16+0x28>)
10000e96:	218e      	movs	r1, #142	@ 0x8e
10000e98:	4803      	ldr	r0, [pc, #12]	@ (10000ea8 <resolve_j_16+0x2c>)
10000e9a:	0049      	lsls	r1, r1, #1
10000e9c:	f003 f8ea 	bl	10004074 <__assert_func>
10000ea0:	1000574c 	.word	0x1000574c
10000ea4:	10005f38 	.word	0x10005f38
10000ea8:	10005764 	.word	0x10005764

10000eac <make_j_16>:
10000eac:	b510      	push	{r4, lr}
10000eae:	1a09      	subs	r1, r1, r0
10000eb0:	1f0b      	subs	r3, r1, #4
10000eb2:	4a0a      	ldr	r2, [pc, #40]	@ (10000edc <make_j_16+0x30>)
10000eb4:	1888      	adds	r0, r1, r2
10000eb6:	4a0a      	ldr	r2, [pc, #40]	@ (10000ee0 <make_j_16+0x34>)
10000eb8:	4290      	cmp	r0, r2
10000eba:	d808      	bhi.n	10000ece <make_j_16+0x22>
10000ebc:	07c9      	lsls	r1, r1, #31
10000ebe:	d406      	bmi.n	10000ece <make_j_16+0x22>
10000ec0:	105b      	asrs	r3, r3, #1
10000ec2:	055b      	lsls	r3, r3, #21
10000ec4:	0d5b      	lsrs	r3, r3, #21
10000ec6:	4807      	ldr	r0, [pc, #28]	@ (10000ee4 <make_j_16+0x38>)
10000ec8:	4318      	orrs	r0, r3
10000eca:	b280      	uxth	r0, r0
10000ecc:	bd10      	pop	{r4, pc}
10000ece:	4b06      	ldr	r3, [pc, #24]	@ (10000ee8 <make_j_16+0x3c>)
10000ed0:	4a06      	ldr	r2, [pc, #24]	@ (10000eec <make_j_16+0x40>)
10000ed2:	2187      	movs	r1, #135	@ 0x87
10000ed4:	4806      	ldr	r0, [pc, #24]	@ (10000ef0 <make_j_16+0x44>)
10000ed6:	0049      	lsls	r1, r1, #1
10000ed8:	f003 f8cc 	bl	10004074 <__assert_func>
10000edc:	000007fc 	.word	0x000007fc
10000ee0:	00000ffe 	.word	0x00000ffe
10000ee4:	ffffe000 	.word	0xffffe000
10000ee8:	10005798 	.word	0x10005798
10000eec:	10005f2c 	.word	0x10005f2c
10000ef0:	10005764 	.word	0x10005764

10000ef4 <insert_bl_32>:
10000ef4:	b510      	push	{r4, lr}
10000ef6:	1a09      	subs	r1, r1, r0
10000ef8:	3904      	subs	r1, #4
10000efa:	084a      	lsrs	r2, r1, #1
10000efc:	0b09      	lsrs	r1, r1, #12
10000efe:	d108      	bne.n	10000f12 <insert_bl_32+0x1e>
10000f00:	0549      	lsls	r1, r1, #21
10000f02:	0d49      	lsrs	r1, r1, #21
10000f04:	4b06      	ldr	r3, [pc, #24]	@ (10000f20 <insert_bl_32+0x2c>)
10000f06:	430b      	orrs	r3, r1
10000f08:	8003      	strh	r3, [r0, #0]
10000f0a:	4b06      	ldr	r3, [pc, #24]	@ (10000f24 <insert_bl_32+0x30>)
10000f0c:	4313      	orrs	r3, r2
10000f0e:	8043      	strh	r3, [r0, #2]
10000f10:	bd10      	pop	{r4, pc}
10000f12:	4b05      	ldr	r3, [pc, #20]	@ (10000f28 <insert_bl_32+0x34>)
10000f14:	4a05      	ldr	r2, [pc, #20]	@ (10000f2c <insert_bl_32+0x38>)
10000f16:	218b      	movs	r1, #139	@ 0x8b
10000f18:	4805      	ldr	r0, [pc, #20]	@ (10000f30 <insert_bl_32+0x3c>)
10000f1a:	0049      	lsls	r1, r1, #1
10000f1c:	f003 f8aa 	bl	10004074 <__assert_func>
10000f20:	fffff000 	.word	0xfffff000
10000f24:	fffff800 	.word	0xfffff800
10000f28:	100057c8 	.word	0x100057c8
10000f2c:	10005f08 	.word	0x10005f08
10000f30:	10005764 	.word	0x10005764

10000f34 <irq_is_enabled>:
10000f34:	2301      	movs	r3, #1
10000f36:	4083      	lsls	r3, r0
10000f38:	4a03      	ldr	r2, [pc, #12]	@ (10000f48 <irq_is_enabled+0x14>)
10000f3a:	6810      	ldr	r0, [r2, #0]
10000f3c:	4018      	ands	r0, r3
10000f3e:	1e43      	subs	r3, r0, #1
10000f40:	4198      	sbcs	r0, r3
10000f42:	b2c0      	uxtb	r0, r0
10000f44:	4770      	bx	lr
10000f46:	46c0      	nop			@ (mov r8, r8)
10000f48:	e000e100 	.word	0xe000e100

10000f4c <irq_set_mask_n_enabled>:
10000f4c:	2a00      	cmp	r2, #0
10000f4e:	d005      	beq.n	10000f5c <irq_set_mask_n_enabled+0x10>
10000f50:	4b04      	ldr	r3, [pc, #16]	@ (10000f64 <irq_set_mask_n_enabled+0x18>)
10000f52:	22c0      	movs	r2, #192	@ 0xc0
10000f54:	0052      	lsls	r2, r2, #1
10000f56:	5099      	str	r1, [r3, r2]
10000f58:	6019      	str	r1, [r3, #0]
10000f5a:	4770      	bx	lr
10000f5c:	4a01      	ldr	r2, [pc, #4]	@ (10000f64 <irq_set_mask_n_enabled+0x18>)
10000f5e:	2380      	movs	r3, #128	@ 0x80
10000f60:	50d1      	str	r1, [r2, r3]
10000f62:	e7fa      	b.n	10000f5a <irq_set_mask_n_enabled+0xe>
10000f64:	e000e100 	.word	0xe000e100

10000f68 <irq_set_enabled>:
10000f68:	b510      	push	{r4, lr}
10000f6a:	000a      	movs	r2, r1
10000f6c:	231f      	movs	r3, #31
10000f6e:	4003      	ands	r3, r0
10000f70:	2101      	movs	r1, #1
10000f72:	4099      	lsls	r1, r3
10000f74:	0940      	lsrs	r0, r0, #5
10000f76:	f7ff ffe9 	bl	10000f4c <irq_set_mask_n_enabled>
10000f7a:	bd10      	pop	{r4, pc}

10000f7c <irq_get_vtable_handler>:
10000f7c:	4b02      	ldr	r3, [pc, #8]	@ (10000f88 <irq_get_vtable_handler+0xc>)
10000f7e:	689b      	ldr	r3, [r3, #8]
10000f80:	3010      	adds	r0, #16
10000f82:	0080      	lsls	r0, r0, #2
10000f84:	58c0      	ldr	r0, [r0, r3]
10000f86:	4770      	bx	lr
10000f88:	e000ed00 	.word	0xe000ed00

10000f8c <irq_has_handler>:
10000f8c:	b510      	push	{r4, lr}
10000f8e:	f7ff fff5 	bl	10000f7c <irq_get_vtable_handler>
10000f92:	2800      	cmp	r0, #0
10000f94:	d006      	beq.n	10000fa4 <irq_has_handler+0x18>
10000f96:	4b04      	ldr	r3, [pc, #16]	@ (10000fa8 <irq_has_handler+0x1c>)
10000f98:	4298      	cmp	r0, r3
10000f9a:	d001      	beq.n	10000fa0 <irq_has_handler+0x14>
10000f9c:	2001      	movs	r0, #1
10000f9e:	bd10      	pop	{r4, pc}
10000fa0:	2000      	movs	r0, #0
10000fa2:	e7fc      	b.n	10000f9e <irq_has_handler+0x12>
10000fa4:	2000      	movs	r0, #0
10000fa6:	e7fa      	b.n	10000f9e <irq_has_handler+0x12>
10000fa8:	100001c1 	.word	0x100001c1

10000fac <irq_set_exclusive_handler>:
10000fac:	b570      	push	{r4, r5, r6, lr}
10000fae:	0004      	movs	r4, r0
10000fb0:	000d      	movs	r5, r1
10000fb2:	f3ef 8610 	mrs	r6, PRIMASK
10000fb6:	b672      	cpsid	i
10000fb8:	4b0c      	ldr	r3, [pc, #48]	@ (10000fec <irq_set_exclusive_handler+0x40>)
10000fba:	681b      	ldr	r3, [r3, #0]
10000fbc:	2b00      	cmp	r3, #0
10000fbe:	d0fb      	beq.n	10000fb8 <irq_set_exclusive_handler+0xc>
10000fc0:	f3bf 8f5f 	dmb	sy
10000fc4:	0020      	movs	r0, r4
10000fc6:	f7ff ffd9 	bl	10000f7c <irq_get_vtable_handler>
10000fca:	4b09      	ldr	r3, [pc, #36]	@ (10000ff0 <irq_set_exclusive_handler+0x44>)
10000fcc:	4298      	cmp	r0, r3
10000fce:	d001      	beq.n	10000fd4 <irq_set_exclusive_handler+0x28>
10000fd0:	42a8      	cmp	r0, r5
10000fd2:	d105      	bne.n	10000fe0 <irq_set_exclusive_handler+0x34>
10000fd4:	0032      	movs	r2, r6
10000fd6:	0029      	movs	r1, r5
10000fd8:	0020      	movs	r0, r4
10000fda:	f7ff ff29 	bl	10000e30 <set_raw_irq_handler_and_unlock>
10000fde:	bd70      	pop	{r4, r5, r6, pc}
10000fe0:	4b04      	ldr	r3, [pc, #16]	@ (10000ff4 <irq_set_exclusive_handler+0x48>)
10000fe2:	4a05      	ldr	r2, [pc, #20]	@ (10000ff8 <irq_set_exclusive_handler+0x4c>)
10000fe4:	4805      	ldr	r0, [pc, #20]	@ (10000ffc <irq_set_exclusive_handler+0x50>)
10000fe6:	21ed      	movs	r1, #237	@ 0xed
10000fe8:	f003 f844 	bl	10004074 <__assert_func>
10000fec:	d0000124 	.word	0xd0000124
10000ff0:	100001c1 	.word	0x100001c1
10000ff4:	100057d8 	.word	0x100057d8
10000ff8:	10005f60 	.word	0x10005f60
10000ffc:	10005764 	.word	0x10005764

10001000 <irq_add_shared_handler>:
10001000:	b5f0      	push	{r4, r5, r6, r7, lr}
10001002:	46de      	mov	lr, fp
10001004:	4657      	mov	r7, sl
10001006:	464e      	mov	r6, r9
10001008:	4645      	mov	r5, r8
1000100a:	b5e0      	push	{r5, r6, r7, lr}
1000100c:	b089      	sub	sp, #36	@ 0x24
1000100e:	4681      	mov	r9, r0
10001010:	9101      	str	r1, [sp, #4]
10001012:	0015      	movs	r5, r2
10001014:	f3ef 8b10 	mrs	fp, PRIMASK
10001018:	b672      	cpsid	i
1000101a:	4b6f      	ldr	r3, [pc, #444]	@ (100011d8 <irq_add_shared_handler+0x1d8>)
1000101c:	681b      	ldr	r3, [r3, #0]
1000101e:	2b00      	cmp	r3, #0
10001020:	d0fb      	beq.n	1000101a <irq_add_shared_handler+0x1a>
10001022:	f3bf 8f5f 	dmb	sy
10001026:	4b6d      	ldr	r3, [pc, #436]	@ (100011dc <irq_add_shared_handler+0x1dc>)
10001028:	2600      	movs	r6, #0
1000102a:	579e      	ldrsb	r6, [r3, r6]
1000102c:	2e00      	cmp	r6, #0
1000102e:	db40      	blt.n	100010b2 <irq_add_shared_handler+0xb2>
10001030:	0074      	lsls	r4, r6, #1
10001032:	19a4      	adds	r4, r4, r6
10001034:	00a4      	lsls	r4, r4, #2
10001036:	486a      	ldr	r0, [pc, #424]	@ (100011e0 <irq_add_shared_handler+0x1e0>)
10001038:	1824      	adds	r4, r4, r0
1000103a:	2206      	movs	r2, #6
1000103c:	56a2      	ldrsb	r2, [r4, r2]
1000103e:	4b67      	ldr	r3, [pc, #412]	@ (100011dc <irq_add_shared_handler+0x1dc>)
10001040:	701a      	strb	r2, [r3, #0]
10001042:	4b68      	ldr	r3, [pc, #416]	@ (100011e4 <irq_add_shared_handler+0x1e4>)
10001044:	689a      	ldr	r2, [r3, #8]
10001046:	464b      	mov	r3, r9
10001048:	3310      	adds	r3, #16
1000104a:	009b      	lsls	r3, r3, #2
1000104c:	58d3      	ldr	r3, [r2, r3]
1000104e:	4698      	mov	r8, r3
10001050:	1a1b      	subs	r3, r3, r0
10001052:	2b2f      	cmp	r3, #47	@ 0x2f
10001054:	d93b      	bls.n	100010ce <irq_add_shared_handler+0xce>
10001056:	4b64      	ldr	r3, [pc, #400]	@ (100011e8 <irq_add_shared_handler+0x1e8>)
10001058:	4598      	cmp	r8, r3
1000105a:	d131      	bne.n	100010c0 <irq_add_shared_handler+0xc0>
1000105c:	af05      	add	r7, sp, #20
1000105e:	4b63      	ldr	r3, [pc, #396]	@ (100011ec <irq_add_shared_handler+0x1ec>)
10001060:	803b      	strh	r3, [r7, #0]
10001062:	4963      	ldr	r1, [pc, #396]	@ (100011f0 <irq_add_shared_handler+0x1f0>)
10001064:	0073      	lsls	r3, r6, #1
10001066:	469a      	mov	sl, r3
10001068:	1998      	adds	r0, r3, r6
1000106a:	0080      	lsls	r0, r0, #2
1000106c:	4b5c      	ldr	r3, [pc, #368]	@ (100011e0 <irq_add_shared_handler+0x1e0>)
1000106e:	4698      	mov	r8, r3
10001070:	4440      	add	r0, r8
10001072:	3002      	adds	r0, #2
10001074:	f7ff ff1a 	bl	10000eac <make_j_16>
10001078:	8078      	strh	r0, [r7, #2]
1000107a:	4b5e      	ldr	r3, [pc, #376]	@ (100011f4 <irq_add_shared_handler+0x1f4>)
1000107c:	80bb      	strh	r3, [r7, #4]
1000107e:	23ff      	movs	r3, #255	@ 0xff
10001080:	71bb      	strb	r3, [r7, #6]
10001082:	71fd      	strb	r5, [r7, #7]
10001084:	9b01      	ldr	r3, [sp, #4]
10001086:	9307      	str	r3, [sp, #28]
10001088:	0033      	movs	r3, r6
1000108a:	4453      	add	r3, sl
1000108c:	009b      	lsls	r3, r3, #2
1000108e:	4443      	add	r3, r8
10001090:	cf07      	ldmia	r7!, {r0, r1, r2}
10001092:	c307      	stmia	r3!, {r0, r1, r2}
10001094:	2301      	movs	r3, #1
10001096:	431c      	orrs	r4, r3
10001098:	46a0      	mov	r8, r4
1000109a:	465a      	mov	r2, fp
1000109c:	4641      	mov	r1, r8
1000109e:	4648      	mov	r0, r9
100010a0:	f7ff fec6 	bl	10000e30 <set_raw_irq_handler_and_unlock>
100010a4:	b009      	add	sp, #36	@ 0x24
100010a6:	bcf0      	pop	{r4, r5, r6, r7}
100010a8:	46bb      	mov	fp, r7
100010aa:	46b2      	mov	sl, r6
100010ac:	46a9      	mov	r9, r5
100010ae:	46a0      	mov	r8, r4
100010b0:	bdf0      	pop	{r4, r5, r6, r7, pc}
100010b2:	4b51      	ldr	r3, [pc, #324]	@ (100011f8 <irq_add_shared_handler+0x1f8>)
100010b4:	4a51      	ldr	r2, [pc, #324]	@ (100011fc <irq_add_shared_handler+0x1fc>)
100010b6:	21be      	movs	r1, #190	@ 0xbe
100010b8:	4851      	ldr	r0, [pc, #324]	@ (10001200 <irq_add_shared_handler+0x200>)
100010ba:	0049      	lsls	r1, r1, #1
100010bc:	f002 ffda 	bl	10004074 <__assert_func>
100010c0:	4b50      	ldr	r3, [pc, #320]	@ (10001204 <irq_add_shared_handler+0x204>)
100010c2:	4a4e      	ldr	r2, [pc, #312]	@ (100011fc <irq_add_shared_handler+0x1fc>)
100010c4:	2184      	movs	r1, #132	@ 0x84
100010c6:	484e      	ldr	r0, [pc, #312]	@ (10001200 <irq_add_shared_handler+0x200>)
100010c8:	31ff      	adds	r1, #255	@ 0xff
100010ca:	f002 ffd3 	bl	10004074 <__assert_func>
100010ce:	2301      	movs	r3, #1
100010d0:	4642      	mov	r2, r8
100010d2:	439a      	bics	r2, r3
100010d4:	4692      	mov	sl, r2
100010d6:	1a10      	subs	r0, r2, r0
100010d8:	210c      	movs	r1, #12
100010da:	f001 fa89 	bl	100025f0 <__wrap___aeabi_uidiv>
100010de:	2900      	cmp	r1, #0
100010e0:	d10f      	bne.n	10001102 <irq_add_shared_handler+0x102>
100010e2:	4653      	mov	r3, sl
100010e4:	2700      	movs	r7, #0
100010e6:	79da      	ldrb	r2, [r3, #7]
100010e8:	42aa      	cmp	r2, r5
100010ea:	d912      	bls.n	10001112 <irq_add_shared_handler+0x112>
100010ec:	2106      	movs	r1, #6
100010ee:	5659      	ldrsb	r1, [r3, r1]
100010f0:	2900      	cmp	r1, #0
100010f2:	db0d      	blt.n	10001110 <irq_add_shared_handler+0x110>
100010f4:	004a      	lsls	r2, r1, #1
100010f6:	1852      	adds	r2, r2, r1
100010f8:	0092      	lsls	r2, r2, #2
100010fa:	4939      	ldr	r1, [pc, #228]	@ (100011e0 <irq_add_shared_handler+0x1e0>)
100010fc:	001f      	movs	r7, r3
100010fe:	188b      	adds	r3, r1, r2
10001100:	e7f1      	b.n	100010e6 <irq_add_shared_handler+0xe6>
10001102:	4b41      	ldr	r3, [pc, #260]	@ (10001208 <irq_add_shared_handler+0x208>)
10001104:	4a3d      	ldr	r2, [pc, #244]	@ (100011fc <irq_add_shared_handler+0x1fc>)
10001106:	21ca      	movs	r1, #202	@ 0xca
10001108:	483d      	ldr	r0, [pc, #244]	@ (10001200 <irq_add_shared_handler+0x200>)
1000110a:	0049      	lsls	r1, r1, #1
1000110c:	f002 ffb2 	bl	10004074 <__assert_func>
10001110:	001f      	movs	r7, r3
10001112:	2f00      	cmp	r7, #0
10001114:	d02e      	beq.n	10001174 <irq_add_shared_handler+0x174>
10001116:	ab05      	add	r3, sp, #20
10001118:	4a3c      	ldr	r2, [pc, #240]	@ (1000120c <irq_add_shared_handler+0x20c>)
1000111a:	801a      	strh	r2, [r3, #0]
1000111c:	3a81      	subs	r2, #129	@ 0x81
1000111e:	805a      	strh	r2, [r3, #2]
10001120:	2306      	movs	r3, #6
10001122:	56fb      	ldrsb	r3, [r7, r3]
10001124:	9302      	str	r3, [sp, #8]
10001126:	2b00      	cmp	r3, #0
10001128:	da17      	bge.n	1000115a <irq_add_shared_handler+0x15a>
1000112a:	4839      	ldr	r0, [pc, #228]	@ (10001210 <irq_add_shared_handler+0x210>)
1000112c:	ab05      	add	r3, sp, #20
1000112e:	469a      	mov	sl, r3
10001130:	8098      	strh	r0, [r3, #4]
10001132:	9a02      	ldr	r2, [sp, #8]
10001134:	719a      	strb	r2, [r3, #6]
10001136:	71dd      	strb	r5, [r3, #7]
10001138:	9a01      	ldr	r2, [sp, #4]
1000113a:	9207      	str	r2, [sp, #28]
1000113c:	1d38      	adds	r0, r7, #4
1000113e:	0021      	movs	r1, r4
10001140:	f7ff feb4 	bl	10000eac <make_j_16>
10001144:	80b8      	strh	r0, [r7, #4]
10001146:	71be      	strb	r6, [r7, #6]
10001148:	4b25      	ldr	r3, [pc, #148]	@ (100011e0 <irq_add_shared_handler+0x1e0>)
1000114a:	0072      	lsls	r2, r6, #1
1000114c:	1992      	adds	r2, r2, r6
1000114e:	0092      	lsls	r2, r2, #2
10001150:	189b      	adds	r3, r3, r2
10001152:	4652      	mov	r2, sl
10001154:	ca13      	ldmia	r2!, {r0, r1, r4}
10001156:	c313      	stmia	r3!, {r0, r1, r4}
10001158:	e79f      	b.n	1000109a <irq_add_shared_handler+0x9a>
1000115a:	1d38      	adds	r0, r7, #4
1000115c:	f7ff fe8e 	bl	10000e7c <resolve_j_16>
10001160:	0001      	movs	r1, r0
10001162:	0070      	lsls	r0, r6, #1
10001164:	1980      	adds	r0, r0, r6
10001166:	0080      	lsls	r0, r0, #2
10001168:	4b1d      	ldr	r3, [pc, #116]	@ (100011e0 <irq_add_shared_handler+0x1e0>)
1000116a:	18c0      	adds	r0, r0, r3
1000116c:	3004      	adds	r0, #4
1000116e:	f7ff fe9d 	bl	10000eac <make_j_16>
10001172:	e7db      	b.n	1000112c <irq_add_shared_handler+0x12c>
10001174:	af05      	add	r7, sp, #20
10001176:	4b1d      	ldr	r3, [pc, #116]	@ (100011ec <irq_add_shared_handler+0x1ec>)
10001178:	803b      	strh	r3, [r7, #0]
1000117a:	491d      	ldr	r1, [pc, #116]	@ (100011f0 <irq_add_shared_handler+0x1f0>)
1000117c:	0073      	lsls	r3, r6, #1
1000117e:	9302      	str	r3, [sp, #8]
10001180:	199b      	adds	r3, r3, r6
10001182:	009b      	lsls	r3, r3, #2
10001184:	4a16      	ldr	r2, [pc, #88]	@ (100011e0 <irq_add_shared_handler+0x1e0>)
10001186:	4690      	mov	r8, r2
10001188:	001a      	movs	r2, r3
1000118a:	4442      	add	r2, r8
1000118c:	9203      	str	r2, [sp, #12]
1000118e:	1c90      	adds	r0, r2, #2
10001190:	f7ff fe8c 	bl	10000eac <make_j_16>
10001194:	8078      	strh	r0, [r7, #2]
10001196:	9a03      	ldr	r2, [sp, #12]
10001198:	1d10      	adds	r0, r2, #4
1000119a:	4651      	mov	r1, sl
1000119c:	f7ff fe86 	bl	10000eac <make_j_16>
100011a0:	80b8      	strh	r0, [r7, #4]
100011a2:	4b1c      	ldr	r3, [pc, #112]	@ (10001214 <irq_add_shared_handler+0x214>)
100011a4:	4652      	mov	r2, sl
100011a6:	4641      	mov	r1, r8
100011a8:	1a52      	subs	r2, r2, r1
100011aa:	4152      	adcs	r2, r2
100011ac:	4353      	muls	r3, r2
100011ae:	0d1b      	lsrs	r3, r3, #20
100011b0:	71bb      	strb	r3, [r7, #6]
100011b2:	71fd      	strb	r5, [r7, #7]
100011b4:	9a01      	ldr	r2, [sp, #4]
100011b6:	9207      	str	r2, [sp, #28]
100011b8:	9b02      	ldr	r3, [sp, #8]
100011ba:	199b      	adds	r3, r3, r6
100011bc:	009b      	lsls	r3, r3, #2
100011be:	4443      	add	r3, r8
100011c0:	cf07      	ldmia	r7!, {r0, r1, r2}
100011c2:	c307      	stmia	r3!, {r0, r1, r2}
100011c4:	4b11      	ldr	r3, [pc, #68]	@ (1000120c <irq_add_shared_handler+0x20c>)
100011c6:	4652      	mov	r2, sl
100011c8:	8013      	strh	r3, [r2, #0]
100011ca:	3b81      	subs	r3, #129	@ 0x81
100011cc:	8053      	strh	r3, [r2, #2]
100011ce:	2301      	movs	r3, #1
100011d0:	431c      	orrs	r4, r3
100011d2:	46a0      	mov	r8, r4
100011d4:	e761      	b.n	1000109a <irq_add_shared_handler+0x9a>
100011d6:	46c0      	nop			@ (mov r8, r8)
100011d8:	d0000124 	.word	0xd0000124
100011dc:	20000dd5 	.word	0x20000dd5
100011e0:	20000244 	.word	0x20000244
100011e4:	e000ed00 	.word	0xe000ed00
100011e8:	100001c1 	.word	0x100001c1
100011ec:	ffffa100 	.word	0xffffa100
100011f0:	20000274 	.word	0x20000274
100011f4:	ffffbd01 	.word	0xffffbd01
100011f8:	10005810 	.word	0x10005810
100011fc:	10005f48 	.word	0x10005f48
10001200:	10005764 	.word	0x10005764
10001204:	10005838 	.word	0x10005838
10001208:	10005860 	.word	0x10005860
1000120c:	00004801 	.word	0x00004801
10001210:	0000bd01 	.word	0x0000bd01
10001214:	0000aaaa 	.word	0x0000aaaa

10001218 <irq_remove_handler>:
10001218:	b5f0      	push	{r4, r5, r6, r7, lr}
1000121a:	46ce      	mov	lr, r9
1000121c:	4647      	mov	r7, r8
1000121e:	b580      	push	{r7, lr}
10001220:	b083      	sub	sp, #12
10001222:	0006      	movs	r6, r0
10001224:	000d      	movs	r5, r1
10001226:	f3ef 8810 	mrs	r8, PRIMASK
1000122a:	b672      	cpsid	i
1000122c:	4b4f      	ldr	r3, [pc, #316]	@ (1000136c <irq_remove_handler+0x154>)
1000122e:	681b      	ldr	r3, [r3, #0]
10001230:	2b00      	cmp	r3, #0
10001232:	d0fb      	beq.n	1000122c <irq_remove_handler+0x14>
10001234:	f3bf 8f5f 	dmb	sy
10001238:	4b4d      	ldr	r3, [pc, #308]	@ (10001370 <irq_remove_handler+0x158>)
1000123a:	689a      	ldr	r2, [r3, #8]
1000123c:	0034      	movs	r4, r6
1000123e:	3410      	adds	r4, #16
10001240:	00a3      	lsls	r3, r4, #2
10001242:	58d7      	ldr	r7, [r2, r3]
10001244:	4b4b      	ldr	r3, [pc, #300]	@ (10001374 <irq_remove_handler+0x15c>)
10001246:	429f      	cmp	r7, r3
10001248:	d007      	beq.n	1000125a <irq_remove_handler+0x42>
1000124a:	42af      	cmp	r7, r5
1000124c:	d100      	bne.n	10001250 <irq_remove_handler+0x38>
1000124e:	e08a      	b.n	10001366 <irq_remove_handler+0x14e>
10001250:	9701      	str	r7, [sp, #4]
10001252:	4b49      	ldr	r3, [pc, #292]	@ (10001378 <irq_remove_handler+0x160>)
10001254:	1afb      	subs	r3, r7, r3
10001256:	2b2f      	cmp	r3, #47	@ 0x2f
10001258:	d909      	bls.n	1000126e <irq_remove_handler+0x56>
1000125a:	4642      	mov	r2, r8
1000125c:	0039      	movs	r1, r7
1000125e:	0030      	movs	r0, r6
10001260:	f7ff fde6 	bl	10000e30 <set_raw_irq_handler_and_unlock>
10001264:	b003      	add	sp, #12
10001266:	bcc0      	pop	{r6, r7}
10001268:	46b9      	mov	r9, r7
1000126a:	46b0      	mov	r8, r6
1000126c:	bdf0      	pop	{r4, r5, r6, r7, pc}
1000126e:	0030      	movs	r0, r6
10001270:	f7ff fe60 	bl	10000f34 <irq_is_enabled>
10001274:	4681      	mov	r9, r0
10001276:	2100      	movs	r1, #0
10001278:	0030      	movs	r0, r6
1000127a:	f7ff fe75 	bl	10000f68 <irq_set_enabled>
1000127e:	f3bf 8f5f 	dmb	sy
10001282:	f3ef 8105 	mrs	r1, IPSR
10001286:	2900      	cmp	r1, #0
10001288:	d001      	beq.n	1000128e <irq_remove_handler+0x76>
1000128a:	428c      	cmp	r4, r1
1000128c:	d111      	bne.n	100012b2 <irq_remove_handler+0x9a>
1000128e:	2301      	movs	r3, #1
10001290:	9c01      	ldr	r4, [sp, #4]
10001292:	439c      	bics	r4, r3
10001294:	2000      	movs	r0, #0
10001296:	68a3      	ldr	r3, [r4, #8]
10001298:	429d      	cmp	r5, r3
1000129a:	d011      	beq.n	100012c0 <irq_remove_handler+0xa8>
1000129c:	2206      	movs	r2, #6
1000129e:	56a2      	ldrsb	r2, [r4, r2]
100012a0:	2a00      	cmp	r2, #0
100012a2:	db0c      	blt.n	100012be <irq_remove_handler+0xa6>
100012a4:	0053      	lsls	r3, r2, #1
100012a6:	189b      	adds	r3, r3, r2
100012a8:	009b      	lsls	r3, r3, #2
100012aa:	4a33      	ldr	r2, [pc, #204]	@ (10001378 <irq_remove_handler+0x160>)
100012ac:	0020      	movs	r0, r4
100012ae:	18d4      	adds	r4, r2, r3
100012b0:	e7f1      	b.n	10001296 <irq_remove_handler+0x7e>
100012b2:	4b32      	ldr	r3, [pc, #200]	@ (1000137c <irq_remove_handler+0x164>)
100012b4:	4a32      	ldr	r2, [pc, #200]	@ (10001380 <irq_remove_handler+0x168>)
100012b6:	4833      	ldr	r0, [pc, #204]	@ (10001384 <irq_remove_handler+0x16c>)
100012b8:	4933      	ldr	r1, [pc, #204]	@ (10001388 <irq_remove_handler+0x170>)
100012ba:	f002 fedb 	bl	10004074 <__assert_func>
100012be:	0020      	movs	r0, r4
100012c0:	429d      	cmp	r5, r3
100012c2:	d149      	bne.n	10001358 <irq_remove_handler+0x140>
100012c4:	2506      	movs	r5, #6
100012c6:	5765      	ldrsb	r5, [r4, r5]
100012c8:	2d00      	cmp	r5, #0
100012ca:	db2b      	blt.n	10001324 <irq_remove_handler+0x10c>
100012cc:	4b2a      	ldr	r3, [pc, #168]	@ (10001378 <irq_remove_handler+0x160>)
100012ce:	006a      	lsls	r2, r5, #1
100012d0:	1952      	adds	r2, r2, r5
100012d2:	0092      	lsls	r2, r2, #2
100012d4:	189b      	adds	r3, r3, r2
100012d6:	689a      	ldr	r2, [r3, #8]
100012d8:	60a2      	str	r2, [r4, #8]
100012da:	79da      	ldrb	r2, [r3, #7]
100012dc:	71e2      	strb	r2, [r4, #7]
100012de:	799b      	ldrb	r3, [r3, #6]
100012e0:	b25b      	sxtb	r3, r3
100012e2:	71a3      	strb	r3, [r4, #6]
100012e4:	2b00      	cmp	r3, #0
100012e6:	da0f      	bge.n	10001308 <irq_remove_handler+0xf0>
100012e8:	4828      	ldr	r0, [pc, #160]	@ (1000138c <irq_remove_handler+0x174>)
100012ea:	80a0      	strh	r0, [r4, #4]
100012ec:	4b22      	ldr	r3, [pc, #136]	@ (10001378 <irq_remove_handler+0x160>)
100012ee:	006a      	lsls	r2, r5, #1
100012f0:	1952      	adds	r2, r2, r5
100012f2:	0092      	lsls	r2, r2, #2
100012f4:	189b      	adds	r3, r3, r2
100012f6:	4a26      	ldr	r2, [pc, #152]	@ (10001390 <irq_remove_handler+0x178>)
100012f8:	7811      	ldrb	r1, [r2, #0]
100012fa:	7199      	strb	r1, [r3, #6]
100012fc:	7015      	strb	r5, [r2, #0]
100012fe:	4649      	mov	r1, r9
10001300:	0030      	movs	r0, r6
10001302:	f7ff fe31 	bl	10000f68 <irq_set_enabled>
10001306:	e7a8      	b.n	1000125a <irq_remove_handler+0x42>
10001308:	0068      	lsls	r0, r5, #1
1000130a:	1940      	adds	r0, r0, r5
1000130c:	0080      	lsls	r0, r0, #2
1000130e:	4b1a      	ldr	r3, [pc, #104]	@ (10001378 <irq_remove_handler+0x160>)
10001310:	18c0      	adds	r0, r0, r3
10001312:	3004      	adds	r0, #4
10001314:	f7ff fdb2 	bl	10000e7c <resolve_j_16>
10001318:	0001      	movs	r1, r0
1000131a:	1d23      	adds	r3, r4, #4
1000131c:	0018      	movs	r0, r3
1000131e:	f7ff fdc5 	bl	10000eac <make_j_16>
10001322:	e7e2      	b.n	100012ea <irq_remove_handler+0xd2>
10001324:	2900      	cmp	r1, #0
10001326:	d112      	bne.n	1000134e <irq_remove_handler+0x136>
10001328:	2800      	cmp	r0, #0
1000132a:	d00e      	beq.n	1000134a <irq_remove_handler+0x132>
1000132c:	23ff      	movs	r3, #255	@ 0xff
1000132e:	7183      	strb	r3, [r0, #6]
10001330:	4b18      	ldr	r3, [pc, #96]	@ (10001394 <irq_remove_handler+0x17c>)
10001332:	8083      	strh	r3, [r0, #4]
10001334:	4916      	ldr	r1, [pc, #88]	@ (10001390 <irq_remove_handler+0x178>)
10001336:	780b      	ldrb	r3, [r1, #0]
10001338:	71a3      	strb	r3, [r4, #6]
1000133a:	4a0f      	ldr	r2, [pc, #60]	@ (10001378 <irq_remove_handler+0x160>)
1000133c:	4b16      	ldr	r3, [pc, #88]	@ (10001398 <irq_remove_handler+0x180>)
1000133e:	1aa4      	subs	r4, r4, r2
10001340:	4164      	adcs	r4, r4
10001342:	4363      	muls	r3, r4
10001344:	0d1b      	lsrs	r3, r3, #20
10001346:	700b      	strb	r3, [r1, #0]
10001348:	e7d9      	b.n	100012fe <irq_remove_handler+0xe6>
1000134a:	4f0a      	ldr	r7, [pc, #40]	@ (10001374 <irq_remove_handler+0x15c>)
1000134c:	e7f2      	b.n	10001334 <irq_remove_handler+0x11c>
1000134e:	4913      	ldr	r1, [pc, #76]	@ (1000139c <irq_remove_handler+0x184>)
10001350:	1d20      	adds	r0, r4, #4
10001352:	f7ff fdcf 	bl	10000ef4 <insert_bl_32>
10001356:	e7d2      	b.n	100012fe <irq_remove_handler+0xe6>
10001358:	4b11      	ldr	r3, [pc, #68]	@ (100013a0 <irq_remove_handler+0x188>)
1000135a:	4a09      	ldr	r2, [pc, #36]	@ (10001380 <irq_remove_handler+0x168>)
1000135c:	2191      	movs	r1, #145	@ 0x91
1000135e:	4809      	ldr	r0, [pc, #36]	@ (10001384 <irq_remove_handler+0x16c>)
10001360:	0089      	lsls	r1, r1, #2
10001362:	f002 fe87 	bl	10004074 <__assert_func>
10001366:	4f03      	ldr	r7, [pc, #12]	@ (10001374 <irq_remove_handler+0x15c>)
10001368:	e777      	b.n	1000125a <irq_remove_handler+0x42>
1000136a:	46c0      	nop			@ (mov r8, r8)
1000136c:	d0000124 	.word	0xd0000124
10001370:	e000ed00 	.word	0xe000ed00
10001374:	100001c1 	.word	0x100001c1
10001378:	20000244 	.word	0x20000244
1000137c:	100058e4 	.word	0x100058e4
10001380:	10005f18 	.word	0x10005f18
10001384:	10005764 	.word	0x10005764
10001388:	00000202 	.word	0x00000202
1000138c:	0000bd01 	.word	0x0000bd01
10001390:	20000dd5 	.word	0x20000dd5
10001394:	ffffbd01 	.word	0xffffbd01
10001398:	0000aaaa 	.word	0x0000aaaa
1000139c:	2000027e 	.word	0x2000027e
100013a0:	10005918 	.word	0x10005918

100013a4 <irq_add_tail_to_free_list>:
100013a4:	b5f8      	push	{r3, r4, r5, r6, r7, lr}
100013a6:	2201      	movs	r2, #1
100013a8:	4302      	orrs	r2, r0
100013aa:	4b2c      	ldr	r3, [pc, #176]	@ (1000145c <irq_add_tail_to_free_list+0xb8>)
100013ac:	1ad3      	subs	r3, r2, r3
100013ae:	2b2f      	cmp	r3, #47	@ 0x2f
100013b0:	d828      	bhi.n	10001404 <irq_add_tail_to_free_list+0x60>
100013b2:	f3ef 8305 	mrs	r3, IPSR
100013b6:	2b00      	cmp	r3, #0
100013b8:	d02a      	beq.n	10001410 <irq_add_tail_to_free_list+0x6c>
100013ba:	f3ef 8410 	mrs	r4, PRIMASK
100013be:	b672      	cpsid	i
100013c0:	4927      	ldr	r1, [pc, #156]	@ (10001460 <irq_add_tail_to_free_list+0xbc>)
100013c2:	6809      	ldr	r1, [r1, #0]
100013c4:	2900      	cmp	r1, #0
100013c6:	d0fb      	beq.n	100013c0 <irq_add_tail_to_free_list+0x1c>
100013c8:	f3bf 8f5f 	dmb	sy
100013cc:	4d23      	ldr	r5, [pc, #140]	@ (1000145c <irq_add_tail_to_free_list+0xb8>)
100013ce:	4925      	ldr	r1, [pc, #148]	@ (10001464 <irq_add_tail_to_free_list+0xc0>)
100013d0:	0006      	movs	r6, r0
100013d2:	1b76      	subs	r6, r6, r5
100013d4:	4176      	adcs	r6, r6
100013d6:	4371      	muls	r1, r6
100013d8:	0d09      	lsrs	r1, r1, #20
100013da:	b24d      	sxtb	r5, r1
100013dc:	4922      	ldr	r1, [pc, #136]	@ (10001468 <irq_add_tail_to_free_list+0xc4>)
100013de:	6889      	ldr	r1, [r1, #8]
100013e0:	009b      	lsls	r3, r3, #2
100013e2:	58c9      	ldr	r1, [r1, r3]
100013e4:	4291      	cmp	r1, r2
100013e6:	d019      	beq.n	1000141c <irq_add_tail_to_free_list+0x78>
100013e8:	2100      	movs	r1, #0
100013ea:	2903      	cmp	r1, #3
100013ec:	d830      	bhi.n	10001450 <irq_add_tail_to_free_list+0xac>
100013ee:	4b1b      	ldr	r3, [pc, #108]	@ (1000145c <irq_add_tail_to_free_list+0xb8>)
100013f0:	004a      	lsls	r2, r1, #1
100013f2:	1852      	adds	r2, r2, r1
100013f4:	0092      	lsls	r2, r2, #2
100013f6:	189b      	adds	r3, r3, r2
100013f8:	799b      	ldrb	r3, [r3, #6]
100013fa:	b25b      	sxtb	r3, r3
100013fc:	42ab      	cmp	r3, r5
100013fe:	d01d      	beq.n	1000143c <irq_add_tail_to_free_list+0x98>
10001400:	3101      	adds	r1, #1
10001402:	e7f2      	b.n	100013ea <irq_add_tail_to_free_list+0x46>
10001404:	4b19      	ldr	r3, [pc, #100]	@ (1000146c <irq_add_tail_to_free_list+0xc8>)
10001406:	4a1a      	ldr	r2, [pc, #104]	@ (10001470 <irq_add_tail_to_free_list+0xcc>)
10001408:	481a      	ldr	r0, [pc, #104]	@ (10001474 <irq_add_tail_to_free_list+0xd0>)
1000140a:	491b      	ldr	r1, [pc, #108]	@ (10001478 <irq_add_tail_to_free_list+0xd4>)
1000140c:	f002 fe32 	bl	10004074 <__assert_func>
10001410:	4b1a      	ldr	r3, [pc, #104]	@ (1000147c <irq_add_tail_to_free_list+0xd8>)
10001412:	4a17      	ldr	r2, [pc, #92]	@ (10001470 <irq_add_tail_to_free_list+0xcc>)
10001414:	4817      	ldr	r0, [pc, #92]	@ (10001474 <irq_add_tail_to_free_list+0xd0>)
10001416:	491a      	ldr	r1, [pc, #104]	@ (10001480 <irq_add_tail_to_free_list+0xdc>)
10001418:	f002 fe2c 	bl	10004074 <__assert_func>
1000141c:	4a12      	ldr	r2, [pc, #72]	@ (10001468 <irq_add_tail_to_free_list+0xc4>)
1000141e:	6892      	ldr	r2, [r2, #8]
10001420:	4918      	ldr	r1, [pc, #96]	@ (10001484 <irq_add_tail_to_free_list+0xe0>)
10001422:	50d1      	str	r1, [r2, r3]
10001424:	4b18      	ldr	r3, [pc, #96]	@ (10001488 <irq_add_tail_to_free_list+0xe4>)
10001426:	781a      	ldrb	r2, [r3, #0]
10001428:	7182      	strb	r2, [r0, #6]
1000142a:	701d      	strb	r5, [r3, #0]
1000142c:	f3bf 8f5f 	dmb	sy
10001430:	4b0b      	ldr	r3, [pc, #44]	@ (10001460 <irq_add_tail_to_free_list+0xbc>)
10001432:	2200      	movs	r2, #0
10001434:	601a      	str	r2, [r3, #0]
10001436:	f384 8810 	msr	PRIMASK, r4
1000143a:	bdf8      	pop	{r3, r4, r5, r6, r7, pc}
1000143c:	4b07      	ldr	r3, [pc, #28]	@ (1000145c <irq_add_tail_to_free_list+0xb8>)
1000143e:	004a      	lsls	r2, r1, #1
10001440:	1856      	adds	r6, r2, r1
10001442:	00b6      	lsls	r6, r6, #2
10001444:	199e      	adds	r6, r3, r6
10001446:	27ff      	movs	r7, #255	@ 0xff
10001448:	71b7      	strb	r7, [r6, #6]
1000144a:	4a10      	ldr	r2, [pc, #64]	@ (1000148c <irq_add_tail_to_free_list+0xe8>)
1000144c:	80b2      	strh	r2, [r6, #4]
1000144e:	e7e9      	b.n	10001424 <irq_add_tail_to_free_list+0x80>
10001450:	4b0f      	ldr	r3, [pc, #60]	@ (10001490 <irq_add_tail_to_free_list+0xec>)
10001452:	4a07      	ldr	r2, [pc, #28]	@ (10001470 <irq_add_tail_to_free_list+0xcc>)
10001454:	4807      	ldr	r0, [pc, #28]	@ (10001474 <irq_add_tail_to_free_list+0xd0>)
10001456:	490f      	ldr	r1, [pc, #60]	@ (10001494 <irq_add_tail_to_free_list+0xf0>)
10001458:	f002 fe0c 	bl	10004074 <__assert_func>
1000145c:	20000244 	.word	0x20000244
10001460:	d0000124 	.word	0xd0000124
10001464:	0000aaaa 	.word	0x0000aaaa
10001468:	e000ed00 	.word	0xe000ed00
1000146c:	10005920 	.word	0x10005920
10001470:	10005eec 	.word	0x10005eec
10001474:	10005764 	.word	0x10005764
10001478:	0000027f 	.word	0x0000027f
1000147c:	10005948 	.word	0x10005948
10001480:	00000282 	.word	0x00000282
10001484:	100001c1 	.word	0x100001c1
10001488:	20000dd5 	.word	0x20000dd5
1000148c:	ffffbd01 	.word	0xffffbd01
10001490:	10005954 	.word	0x10005954
10001494:	00000293 	.word	0x00000293

10001498 <lock_init>:
10001498:	4b02      	ldr	r3, [pc, #8]	@ (100014a4 <lock_init+0xc>)
1000149a:	469c      	mov	ip, r3
1000149c:	4461      	add	r1, ip
1000149e:	0089      	lsls	r1, r1, #2
100014a0:	6001      	str	r1, [r0, #0]
100014a2:	4770      	bx	lr
100014a4:	34000040 	.word	0x34000040

100014a8 <mutex_init>:
100014a8:	b510      	push	{r4, lr}
100014aa:	0004      	movs	r4, r0
100014ac:	f7ff fca2 	bl	10000df4 <next_striped_spin_lock_num>
100014b0:	0001      	movs	r1, r0
100014b2:	0020      	movs	r0, r4
100014b4:	f7ff fff0 	bl	10001498 <lock_init>
100014b8:	23ff      	movs	r3, #255	@ 0xff
100014ba:	7123      	strb	r3, [r4, #4]
100014bc:	f3bf 8f5f 	dmb	sy
100014c0:	bd10      	pop	{r4, pc}

100014c2 <recursive_mutex_init>:
100014c2:	b510      	push	{r4, lr}
100014c4:	0004      	movs	r4, r0
100014c6:	f7ff fc95 	bl	10000df4 <next_striped_spin_lock_num>
100014ca:	0001      	movs	r1, r0
100014cc:	0020      	movs	r0, r4
100014ce:	f7ff ffe3 	bl	10001498 <lock_init>
100014d2:	23ff      	movs	r3, #255	@ 0xff
100014d4:	7123      	strb	r3, [r4, #4]
100014d6:	2300      	movs	r3, #0
100014d8:	7163      	strb	r3, [r4, #5]
100014da:	f3bf 8f5f 	dmb	sy
100014de:	bd10      	pop	{r4, pc}

100014e0 <runtime_init_mutex>:
100014e0:	b510      	push	{r4, lr}
100014e2:	4c0d      	ldr	r4, [pc, #52]	@ (10001518 <runtime_init_mutex+0x38>)
100014e4:	e009      	b.n	100014fa <runtime_init_mutex+0x1a>
100014e6:	4b0d      	ldr	r3, [pc, #52]	@ (1000151c <runtime_init_mutex+0x3c>)
100014e8:	4a0d      	ldr	r2, [pc, #52]	@ (10001520 <runtime_init_mutex+0x40>)
100014ea:	480e      	ldr	r0, [pc, #56]	@ (10001524 <runtime_init_mutex+0x44>)
100014ec:	211a      	movs	r1, #26
100014ee:	f002 fdc1 	bl	10004074 <__assert_func>
100014f2:	0020      	movs	r0, r4
100014f4:	f7ff ffd8 	bl	100014a8 <mutex_init>
100014f8:	3408      	adds	r4, #8
100014fa:	4b0b      	ldr	r3, [pc, #44]	@ (10001528 <runtime_init_mutex+0x48>)
100014fc:	429c      	cmp	r4, r3
100014fe:	d209      	bcs.n	10001514 <runtime_init_mutex+0x34>
10001500:	6823      	ldr	r3, [r4, #0]
10001502:	2b00      	cmp	r3, #0
10001504:	d0f5      	beq.n	100014f2 <runtime_init_mutex+0x12>
10001506:	2b01      	cmp	r3, #1
10001508:	d1ed      	bne.n	100014e6 <runtime_init_mutex+0x6>
1000150a:	0020      	movs	r0, r4
1000150c:	f7ff ffd9 	bl	100014c2 <recursive_mutex_init>
10001510:	3408      	adds	r4, #8
10001512:	e7f2      	b.n	100014fa <runtime_init_mutex+0x1a>
10001514:	bd10      	pop	{r4, pc}
10001516:	46c0      	nop			@ (mov r8, r8)
10001518:	20000840 	.word	0x20000840
1000151c:	1000595c 	.word	0x1000595c
10001520:	10005fa0 	.word	0x10005fa0
10001524:	1000597c 	.word	0x1000597c
10001528:	20000848 	.word	0x20000848

1000152c <ta_set_timeout>:
1000152c:	b530      	push	{r4, r5, lr}
1000152e:	6a84      	ldr	r4, [r0, #40]	@ 0x28
10001530:	1b15      	subs	r5, r2, r4
10001532:	1d0b      	adds	r3, r1, #4
10001534:	009b      	lsls	r3, r3, #2
10001536:	581b      	ldr	r3, [r3, r0]
10001538:	1b1b      	subs	r3, r3, r4
1000153a:	429d      	cmp	r5, r3
1000153c:	d304      	bcc.n	10001548 <ta_set_timeout+0x1c>
1000153e:	6a04      	ldr	r4, [r0, #32]
10001540:	2301      	movs	r3, #1
10001542:	408b      	lsls	r3, r1
10001544:	4223      	tst	r3, r4
10001546:	d102      	bne.n	1000154e <ta_set_timeout+0x22>
10001548:	3104      	adds	r1, #4
1000154a:	0089      	lsls	r1, r1, #2
1000154c:	500a      	str	r2, [r1, r0]
1000154e:	bd30      	pop	{r4, r5, pc}

10001550 <make_alarm_id>:
10001550:	0400      	lsls	r0, r0, #16
10001552:	4308      	orrs	r0, r1
10001554:	4770      	bx	lr
	...

10001558 <sleep_until_callback>:
10001558:	4b0a      	ldr	r3, [pc, #40]	@ (10001584 <sleep_until_callback+0x2c>)
1000155a:	6819      	ldr	r1, [r3, #0]
1000155c:	f3ef 8310 	mrs	r3, PRIMASK
10001560:	b672      	cpsid	i
10001562:	680a      	ldr	r2, [r1, #0]
10001564:	2a00      	cmp	r2, #0
10001566:	d0fc      	beq.n	10001562 <sleep_until_callback+0xa>
10001568:	f3bf 8f5f 	dmb	sy
1000156c:	4a05      	ldr	r2, [pc, #20]	@ (10001584 <sleep_until_callback+0x2c>)
1000156e:	6812      	ldr	r2, [r2, #0]
10001570:	f3bf 8f5f 	dmb	sy
10001574:	2100      	movs	r1, #0
10001576:	6011      	str	r1, [r2, #0]
10001578:	f383 8810 	msr	PRIMASK, r3
1000157c:	bf40      	sev
1000157e:	2000      	movs	r0, #0
10001580:	2100      	movs	r1, #0
10001582:	4770      	bx	lr
10001584:	20000dc8 	.word	0x20000dc8

10001588 <alarm_pool_irq_handler>:
10001588:	b5f0      	push	{r4, r5, r6, r7, lr}
1000158a:	46de      	mov	lr, fp
1000158c:	4657      	mov	r7, sl
1000158e:	464e      	mov	r6, r9
10001590:	4645      	mov	r5, r8
10001592:	b5e0      	push	{r5, r6, r7, lr}
10001594:	b083      	sub	sp, #12
10001596:	f3ef 8305 	mrs	r3, IPSR
1000159a:	2203      	movs	r2, #3
1000159c:	401a      	ands	r2, r3
1000159e:	0011      	movs	r1, r2
100015a0:	9201      	str	r2, [sp, #4]
100015a2:	4bac      	ldr	r3, [pc, #688]	@ (10001854 <alarm_pool_irq_handler+0x2cc>)
100015a4:	0092      	lsls	r2, r2, #2
100015a6:	58d3      	ldr	r3, [r2, r3]
100015a8:	4698      	mov	r8, r3
100015aa:	781b      	ldrb	r3, [r3, #0]
100015ac:	428b      	cmp	r3, r1
100015ae:	d107      	bne.n	100015c0 <alarm_pool_irq_handler+0x38>
100015b0:	2301      	movs	r3, #1
100015b2:	9a01      	ldr	r2, [sp, #4]
100015b4:	4093      	lsls	r3, r2
100015b6:	9300      	str	r3, [sp, #0]
100015b8:	4ba7      	ldr	r3, [pc, #668]	@ (10001858 <alarm_pool_irq_handler+0x2d0>)
100015ba:	9a00      	ldr	r2, [sp, #0]
100015bc:	601a      	str	r2, [r3, #0]
100015be:	e119      	b.n	100017f4 <alarm_pool_irq_handler+0x26c>
100015c0:	4ba6      	ldr	r3, [pc, #664]	@ (1000185c <alarm_pool_irq_handler+0x2d4>)
100015c2:	4aa7      	ldr	r2, [pc, #668]	@ (10001860 <alarm_pool_irq_handler+0x2d8>)
100015c4:	48a7      	ldr	r0, [pc, #668]	@ (10001864 <alarm_pool_irq_handler+0x2dc>)
100015c6:	2192      	movs	r1, #146	@ 0x92
100015c8:	f002 fd54 	bl	10004074 <__assert_func>
100015cc:	4643      	mov	r3, r8
100015ce:	695a      	ldr	r2, [r3, #20]
100015d0:	464b      	mov	r3, r9
100015d2:	005b      	lsls	r3, r3, #1
100015d4:	444b      	add	r3, r9
100015d6:	00db      	lsls	r3, r3, #3
100015d8:	4693      	mov	fp, r2
100015da:	449b      	add	fp, r3
100015dc:	465b      	mov	r3, fp
100015de:	689e      	ldr	r6, [r3, #8]
100015e0:	68df      	ldr	r7, [r3, #12]
100015e2:	48a1      	ldr	r0, [pc, #644]	@ (10001868 <alarm_pool_irq_handler+0x2e0>)
100015e4:	f000 fbb4 	bl	10001d50 <timer_time_us_64>
100015e8:	1b80      	subs	r0, r0, r6
100015ea:	41b9      	sbcs	r1, r7
100015ec:	2900      	cmp	r1, #0
100015ee:	da00      	bge.n	100015f2 <alarm_pool_irq_handler+0x6a>
100015f0:	e10a      	b.n	10001808 <alarm_pool_irq_handler+0x280>
100015f2:	2f00      	cmp	r7, #0
100015f4:	db60      	blt.n	100016b8 <alarm_pool_irq_handler+0x130>
100015f6:	465b      	mov	r3, fp
100015f8:	691c      	ldr	r4, [r3, #16]
100015fa:	4b9c      	ldr	r3, [pc, #624]	@ (1000186c <alarm_pool_irq_handler+0x2e4>)
100015fc:	429c      	cmp	r4, r3
100015fe:	d045      	beq.n	1000168c <alarm_pool_irq_handler+0x104>
10001600:	4643      	mov	r3, r8
10001602:	2008      	movs	r0, #8
10001604:	5e18      	ldrsh	r0, [r3, r0]
10001606:	465b      	mov	r3, fp
10001608:	8859      	ldrh	r1, [r3, #2]
1000160a:	b289      	uxth	r1, r1
1000160c:	f7ff ffa0 	bl	10001550 <make_alarm_id>
10001610:	465b      	mov	r3, fp
10001612:	6959      	ldr	r1, [r3, #20]
10001614:	47a0      	blx	r4
10001616:	0004      	movs	r4, r0
10001618:	000d      	movs	r5, r1
1000161a:	0023      	movs	r3, r4
1000161c:	432b      	orrs	r3, r5
1000161e:	d04b      	beq.n	100016b8 <alarm_pool_irq_handler+0x130>
10001620:	2d00      	cmp	r5, #0
10001622:	da3d      	bge.n	100016a0 <alarm_pool_irq_handler+0x118>
10001624:	0030      	movs	r0, r6
10001626:	0039      	movs	r1, r7
10001628:	1b00      	subs	r0, r0, r4
1000162a:	41a9      	sbcs	r1, r5
1000162c:	465b      	mov	r3, fp
1000162e:	6098      	str	r0, [r3, #8]
10001630:	60d9      	str	r1, [r3, #12]
10001632:	2400      	movs	r4, #0
10001634:	5f1c      	ldrsh	r4, [r3, r4]
10001636:	2c00      	cmp	r4, #0
10001638:	da00      	bge.n	1000163c <alarm_pool_irq_handler+0xb4>
1000163a:	e0e5      	b.n	10001808 <alarm_pool_irq_handler+0x280>
1000163c:	4643      	mov	r3, r8
1000163e:	695a      	ldr	r2, [r3, #20]
10001640:	4692      	mov	sl, r2
10001642:	0063      	lsls	r3, r4, #1
10001644:	191b      	adds	r3, r3, r4
10001646:	00db      	lsls	r3, r3, #3
10001648:	4453      	add	r3, sl
1000164a:	689a      	ldr	r2, [r3, #8]
1000164c:	68db      	ldr	r3, [r3, #12]
1000164e:	0005      	movs	r5, r0
10001650:	000e      	movs	r6, r1
10001652:	1aad      	subs	r5, r5, r2
10001654:	419e      	sbcs	r6, r3
10001656:	2e00      	cmp	r6, #0
10001658:	da00      	bge.n	1000165c <alarm_pool_irq_handler+0xd4>
1000165a:	e0d5      	b.n	10001808 <alarm_pool_irq_handler+0x280>
1000165c:	4643      	mov	r3, r8
1000165e:	811c      	strh	r4, [r3, #8]
10001660:	4647      	mov	r7, r8
10001662:	3708      	adds	r7, #8
10001664:	46bc      	mov	ip, r7
10001666:	4663      	mov	r3, ip
10001668:	2500      	movs	r5, #0
1000166a:	5f5d      	ldrsh	r5, [r3, r5]
1000166c:	2d00      	cmp	r5, #0
1000166e:	db1d      	blt.n	100016ac <alarm_pool_irq_handler+0x124>
10001670:	006c      	lsls	r4, r5, #1
10001672:	1964      	adds	r4, r4, r5
10001674:	00e4      	lsls	r4, r4, #3
10001676:	4454      	add	r4, sl
10001678:	68a2      	ldr	r2, [r4, #8]
1000167a:	68e3      	ldr	r3, [r4, #12]
1000167c:	0006      	movs	r6, r0
1000167e:	000f      	movs	r7, r1
10001680:	1ab6      	subs	r6, r6, r2
10001682:	419f      	sbcs	r7, r3
10001684:	2f00      	cmp	r7, #0
10001686:	db11      	blt.n	100016ac <alarm_pool_irq_handler+0x124>
10001688:	46a4      	mov	ip, r4
1000168a:	e7ec      	b.n	10001666 <alarm_pool_irq_handler+0xde>
1000168c:	465b      	mov	r3, fp
1000168e:	695c      	ldr	r4, [r3, #20]
10001690:	6923      	ldr	r3, [r4, #16]
10001692:	0020      	movs	r0, r4
10001694:	4798      	blx	r3
10001696:	2800      	cmp	r0, #0
10001698:	d00e      	beq.n	100016b8 <alarm_pool_irq_handler+0x130>
1000169a:	6865      	ldr	r5, [r4, #4]
1000169c:	6824      	ldr	r4, [r4, #0]
1000169e:	e7bc      	b.n	1000161a <alarm_pool_irq_handler+0x92>
100016a0:	4871      	ldr	r0, [pc, #452]	@ (10001868 <alarm_pool_irq_handler+0x2e0>)
100016a2:	f000 fb55 	bl	10001d50 <timer_time_us_64>
100016a6:	1900      	adds	r0, r0, r4
100016a8:	4169      	adcs	r1, r5
100016aa:	e7bf      	b.n	1000162c <alarm_pool_irq_handler+0xa4>
100016ac:	465b      	mov	r3, fp
100016ae:	801d      	strh	r5, [r3, #0]
100016b0:	464b      	mov	r3, r9
100016b2:	4662      	mov	r2, ip
100016b4:	8013      	strh	r3, [r2, #0]
100016b6:	e0a7      	b.n	10001808 <alarm_pool_irq_handler+0x280>
100016b8:	465b      	mov	r3, fp
100016ba:	2200      	movs	r2, #0
100016bc:	5e9b      	ldrsh	r3, [r3, r2]
100016be:	4642      	mov	r2, r8
100016c0:	8113      	strh	r3, [r2, #8]
100016c2:	6912      	ldr	r2, [r2, #16]
100016c4:	f3ef 8310 	mrs	r3, PRIMASK
100016c8:	b672      	cpsid	i
100016ca:	6811      	ldr	r1, [r2, #0]
100016cc:	2900      	cmp	r1, #0
100016ce:	d0fc      	beq.n	100016ca <alarm_pool_irq_handler+0x142>
100016d0:	f3bf 8f5f 	dmb	sy
100016d4:	4642      	mov	r2, r8
100016d6:	2102      	movs	r1, #2
100016d8:	5e52      	ldrsh	r2, [r2, r1]
100016da:	4659      	mov	r1, fp
100016dc:	800a      	strh	r2, [r1, #0]
100016de:	4642      	mov	r2, r8
100016e0:	4649      	mov	r1, r9
100016e2:	8051      	strh	r1, [r2, #2]
100016e4:	6912      	ldr	r2, [r2, #16]
100016e6:	f3bf 8f5f 	dmb	sy
100016ea:	2100      	movs	r1, #0
100016ec:	6011      	str	r1, [r2, #0]
100016ee:	f383 8810 	msr	PRIMASK, r3
100016f2:	e089      	b.n	10001808 <alarm_pool_irq_handler+0x280>
100016f4:	4643      	mov	r3, r8
100016f6:	6919      	ldr	r1, [r3, #16]
100016f8:	f3ef 8310 	mrs	r3, PRIMASK
100016fc:	b672      	cpsid	i
100016fe:	680a      	ldr	r2, [r1, #0]
10001700:	2a00      	cmp	r2, #0
10001702:	d0fc      	beq.n	100016fe <alarm_pool_irq_handler+0x176>
10001704:	f3bf 8f5f 	dmb	sy
10001708:	4642      	mov	r2, r8
1000170a:	8892      	ldrh	r2, [r2, #4]
1000170c:	b212      	sxth	r2, r2
1000170e:	4691      	mov	r9, r2
10001710:	2201      	movs	r2, #1
10001712:	4252      	negs	r2, r2
10001714:	4641      	mov	r1, r8
10001716:	808a      	strh	r2, [r1, #4]
10001718:	690a      	ldr	r2, [r1, #16]
1000171a:	f3bf 8f5f 	dmb	sy
1000171e:	2100      	movs	r1, #0
10001720:	6011      	str	r1, [r2, #0]
10001722:	f383 8810 	msr	PRIMASK, r3
10001726:	e01a      	b.n	1000175e <alarm_pool_irq_handler+0x1d6>
10001728:	469b      	mov	fp, r3
1000172a:	465b      	mov	r3, fp
1000172c:	2200      	movs	r2, #0
1000172e:	5e9a      	ldrsh	r2, [r3, r2]
10001730:	2a00      	cmp	r2, #0
10001732:	db0b      	blt.n	1000174c <alarm_pool_irq_handler+0x1c4>
10001734:	0053      	lsls	r3, r2, #1
10001736:	189b      	adds	r3, r3, r2
10001738:	00db      	lsls	r3, r3, #3
1000173a:	4453      	add	r3, sl
1000173c:	6898      	ldr	r0, [r3, #8]
1000173e:	68d9      	ldr	r1, [r3, #12]
10001740:	0026      	movs	r6, r4
10001742:	002f      	movs	r7, r5
10001744:	1a36      	subs	r6, r6, r0
10001746:	418f      	sbcs	r7, r1
10001748:	2f00      	cmp	r7, #0
1000174a:	daed      	bge.n	10001728 <alarm_pool_irq_handler+0x1a0>
1000174c:	464b      	mov	r3, r9
1000174e:	4659      	mov	r1, fp
10001750:	800b      	strh	r3, [r1, #0]
10001752:	4663      	mov	r3, ip
10001754:	2100      	movs	r1, #0
10001756:	5e5b      	ldrsh	r3, [r3, r1]
10001758:	4699      	mov	r9, r3
1000175a:	4663      	mov	r3, ip
1000175c:	801a      	strh	r2, [r3, #0]
1000175e:	464b      	mov	r3, r9
10001760:	2b00      	cmp	r3, #0
10001762:	db57      	blt.n	10001814 <alarm_pool_irq_handler+0x28c>
10001764:	4643      	mov	r3, r8
10001766:	695a      	ldr	r2, [r3, #20]
10001768:	4692      	mov	sl, r2
1000176a:	464b      	mov	r3, r9
1000176c:	005b      	lsls	r3, r3, #1
1000176e:	444b      	add	r3, r9
10001770:	00db      	lsls	r3, r3, #3
10001772:	469c      	mov	ip, r3
10001774:	44d4      	add	ip, sl
10001776:	4663      	mov	r3, ip
10001778:	689c      	ldr	r4, [r3, #8]
1000177a:	68dd      	ldr	r5, [r3, #12]
1000177c:	4646      	mov	r6, r8
1000177e:	3608      	adds	r6, #8
10001780:	46b3      	mov	fp, r6
10001782:	e7d2      	b.n	1000172a <alarm_pool_irq_handler+0x1a2>
10001784:	2300      	movs	r3, #0
10001786:	4642      	mov	r2, r8
10001788:	7193      	strb	r3, [r2, #6]
1000178a:	4641      	mov	r1, r8
1000178c:	3108      	adds	r1, #8
1000178e:	4643      	mov	r3, r8
10001790:	2008      	movs	r0, #8
10001792:	5e18      	ldrsh	r0, [r3, r0]
10001794:	e011      	b.n	100017ba <alarm_pool_irq_handler+0x232>
10001796:	2201      	movs	r2, #1
10001798:	4252      	negs	r2, r2
1000179a:	17d3      	asrs	r3, r2, #31
1000179c:	60a2      	str	r2, [r4, #8]
1000179e:	60e3      	str	r3, [r4, #12]
100017a0:	4643      	mov	r3, r8
100017a2:	2208      	movs	r2, #8
100017a4:	5e9b      	ldrsh	r3, [r3, r2]
100017a6:	4283      	cmp	r3, r0
100017a8:	d006      	beq.n	100017b8 <alarm_pool_irq_handler+0x230>
100017aa:	800d      	strh	r5, [r1, #0]
100017ac:	4643      	mov	r3, r8
100017ae:	2208      	movs	r2, #8
100017b0:	5e9b      	ldrsh	r3, [r3, r2]
100017b2:	8023      	strh	r3, [r4, #0]
100017b4:	4643      	mov	r3, r8
100017b6:	8118      	strh	r0, [r3, #8]
100017b8:	0028      	movs	r0, r5
100017ba:	1c43      	adds	r3, r0, #1
100017bc:	d02e      	beq.n	1000181c <alarm_pool_irq_handler+0x294>
100017be:	4643      	mov	r3, r8
100017c0:	695a      	ldr	r2, [r3, #20]
100017c2:	0043      	lsls	r3, r0, #1
100017c4:	181b      	adds	r3, r3, r0
100017c6:	00db      	lsls	r3, r3, #3
100017c8:	18d4      	adds	r4, r2, r3
100017ca:	5ed5      	ldrsh	r5, [r2, r3]
100017cc:	8863      	ldrh	r3, [r4, #2]
100017ce:	b21b      	sxth	r3, r3
100017d0:	2b00      	cmp	r3, #0
100017d2:	dbe0      	blt.n	10001796 <alarm_pool_irq_handler+0x20e>
100017d4:	0021      	movs	r1, r4
100017d6:	e7ef      	b.n	100017b8 <alarm_pool_irq_handler+0x230>
100017d8:	0022      	movs	r2, r4
100017da:	002b      	movs	r3, r5
100017dc:	9901      	ldr	r1, [sp, #4]
100017de:	4822      	ldr	r0, [pc, #136]	@ (10001868 <alarm_pool_irq_handler+0x2e0>)
100017e0:	f7ff fea4 	bl	1000152c <ta_set_timeout>
100017e4:	4820      	ldr	r0, [pc, #128]	@ (10001868 <alarm_pool_irq_handler+0x2e0>)
100017e6:	f000 fab3 	bl	10001d50 <timer_time_us_64>
100017ea:	1a24      	subs	r4, r4, r0
100017ec:	418d      	sbcs	r5, r1
100017ee:	2d00      	cmp	r5, #0
100017f0:	dc28      	bgt.n	10001844 <alarm_pool_irq_handler+0x2bc>
100017f2:	d025      	beq.n	10001840 <alarm_pool_irq_handler+0x2b8>
100017f4:	4b1c      	ldr	r3, [pc, #112]	@ (10001868 <alarm_pool_irq_handler+0x2e0>)
100017f6:	9a00      	ldr	r2, [sp, #0]
100017f8:	635a      	str	r2, [r3, #52]	@ 0x34
100017fa:	4643      	mov	r3, r8
100017fc:	2208      	movs	r2, #8
100017fe:	5e9b      	ldrsh	r3, [r3, r2]
10001800:	4699      	mov	r9, r3
10001802:	2b00      	cmp	r3, #0
10001804:	db00      	blt.n	10001808 <alarm_pool_irq_handler+0x280>
10001806:	e6e1      	b.n	100015cc <alarm_pool_irq_handler+0x44>
10001808:	4643      	mov	r3, r8
1000180a:	889b      	ldrh	r3, [r3, #4]
1000180c:	b21b      	sxth	r3, r3
1000180e:	2b00      	cmp	r3, #0
10001810:	db00      	blt.n	10001814 <alarm_pool_irq_handler+0x28c>
10001812:	e76f      	b.n	100016f4 <alarm_pool_irq_handler+0x16c>
10001814:	4643      	mov	r3, r8
10001816:	799b      	ldrb	r3, [r3, #6]
10001818:	2b00      	cmp	r3, #0
1000181a:	d1b3      	bne.n	10001784 <alarm_pool_irq_handler+0x1fc>
1000181c:	4643      	mov	r3, r8
1000181e:	2208      	movs	r2, #8
10001820:	5e9a      	ldrsh	r2, [r3, r2]
10001822:	2a00      	cmp	r2, #0
10001824:	db0e      	blt.n	10001844 <alarm_pool_irq_handler+0x2bc>
10001826:	4643      	mov	r3, r8
10001828:	6959      	ldr	r1, [r3, #20]
1000182a:	0053      	lsls	r3, r2, #1
1000182c:	189b      	adds	r3, r3, r2
1000182e:	00db      	lsls	r3, r3, #3
10001830:	18cb      	adds	r3, r1, r3
10001832:	689c      	ldr	r4, [r3, #8]
10001834:	68dd      	ldr	r5, [r3, #12]
10001836:	1c63      	adds	r3, r4, #1
10001838:	d1ce      	bne.n	100017d8 <alarm_pool_irq_handler+0x250>
1000183a:	1c6b      	adds	r3, r5, #1
1000183c:	d0d2      	beq.n	100017e4 <alarm_pool_irq_handler+0x25c>
1000183e:	e7cb      	b.n	100017d8 <alarm_pool_irq_handler+0x250>
10001840:	2c00      	cmp	r4, #0
10001842:	d0d7      	beq.n	100017f4 <alarm_pool_irq_handler+0x26c>
10001844:	bf40      	sev
10001846:	b003      	add	sp, #12
10001848:	bcf0      	pop	{r4, r5, r6, r7}
1000184a:	46bb      	mov	fp, r7
1000184c:	46b2      	mov	sl, r6
1000184e:	46a9      	mov	r9, r5
10001850:	46a0      	mov	r8, r4
10001852:	bdf0      	pop	{r4, r5, r6, r7, pc}
10001854:	20000bac 	.word	0x20000bac
10001858:	4005703c 	.word	0x4005703c
1000185c:	10005a00 	.word	0x10005a00
10001860:	10005fcc 	.word	0x10005fcc
10001864:	10005a2c 	.word	0x10005a2c
10001868:	40054000 	.word	0x40054000
1000186c:	10001589 	.word	0x10001589

10001870 <ta_enable_irq_handler>:
10001870:	b570      	push	{r4, r5, r6, lr}
10001872:	0004      	movs	r4, r0
10001874:	000d      	movs	r5, r1
10001876:	0011      	movs	r1, r2
10001878:	2601      	movs	r6, #1
1000187a:	40ae      	lsls	r6, r5
1000187c:	6206      	str	r6, [r0, #32]
1000187e:	0028      	movs	r0, r5
10001880:	f7ff fb94 	bl	10000fac <irq_set_exclusive_handler>
10001884:	2101      	movs	r1, #1
10001886:	0028      	movs	r0, r5
10001888:	f7ff fb6e 	bl	10000f68 <irq_set_enabled>
1000188c:	4b02      	ldr	r3, [pc, #8]	@ (10001898 <ta_enable_irq_handler+0x28>)
1000188e:	469c      	mov	ip, r3
10001890:	4464      	add	r4, ip
10001892:	6026      	str	r6, [r4, #0]
10001894:	bd70      	pop	{r4, r5, r6, pc}
10001896:	46c0      	nop			@ (mov r8, r8)
10001898:	00002038 	.word	0x00002038

1000189c <alarm_pool_post_alloc_init>:
1000189c:	b5f8      	push	{r3, r4, r5, r6, r7, lr}
1000189e:	46ce      	mov	lr, r9
100018a0:	4647      	mov	r7, r8
100018a2:	b580      	push	{r7, lr}
100018a4:	0006      	movs	r6, r0
100018a6:	4689      	mov	r9, r1
100018a8:	4690      	mov	r8, r2
100018aa:	001f      	movs	r7, r3
100018ac:	60c1      	str	r1, [r0, #12]
100018ae:	f7ff faa1 	bl	10000df4 <next_striped_spin_lock_num>
100018b2:	4b15      	ldr	r3, [pc, #84]	@ (10001908 <alarm_pool_post_alloc_init+0x6c>)
100018b4:	469c      	mov	ip, r3
100018b6:	4460      	add	r0, ip
100018b8:	0080      	lsls	r0, r0, #2
100018ba:	6130      	str	r0, [r6, #16]
100018bc:	4643      	mov	r3, r8
100018be:	7033      	strb	r3, [r6, #0]
100018c0:	b2bb      	uxth	r3, r7
100018c2:	8173      	strh	r3, [r6, #10]
100018c4:	22d0      	movs	r2, #208	@ 0xd0
100018c6:	0612      	lsls	r2, r2, #24
100018c8:	7812      	ldrb	r2, [r2, #0]
100018ca:	7072      	strb	r2, [r6, #1]
100018cc:	2201      	movs	r2, #1
100018ce:	4252      	negs	r2, r2
100018d0:	8132      	strh	r2, [r6, #8]
100018d2:	80b2      	strh	r2, [r6, #4]
100018d4:	189b      	adds	r3, r3, r2
100018d6:	8073      	strh	r3, [r6, #2]
100018d8:	2400      	movs	r4, #0
100018da:	e006      	b.n	100018ea <alarm_pool_post_alloc_init+0x4e>
100018dc:	1e62      	subs	r2, r4, #1
100018de:	6973      	ldr	r3, [r6, #20]
100018e0:	0065      	lsls	r5, r4, #1
100018e2:	192d      	adds	r5, r5, r4
100018e4:	00ed      	lsls	r5, r5, #3
100018e6:	535a      	strh	r2, [r3, r5]
100018e8:	3401      	adds	r4, #1
100018ea:	42bc      	cmp	r4, r7
100018ec:	d3f6      	bcc.n	100018dc <alarm_pool_post_alloc_init+0x40>
100018ee:	4b07      	ldr	r3, [pc, #28]	@ (1000190c <alarm_pool_post_alloc_init+0x70>)
100018f0:	4642      	mov	r2, r8
100018f2:	0092      	lsls	r2, r2, #2
100018f4:	50d6      	str	r6, [r2, r3]
100018f6:	4a06      	ldr	r2, [pc, #24]	@ (10001910 <alarm_pool_post_alloc_init+0x74>)
100018f8:	4641      	mov	r1, r8
100018fa:	4648      	mov	r0, r9
100018fc:	f7ff ffb8 	bl	10001870 <ta_enable_irq_handler>
10001900:	bcc0      	pop	{r6, r7}
10001902:	46b9      	mov	r9, r7
10001904:	46b0      	mov	r8, r6
10001906:	bdf8      	pop	{r3, r4, r5, r6, r7, pc}
10001908:	34000040 	.word	0x34000040
1000190c:	20000bac 	.word	0x20000bac
10001910:	10001589 	.word	0x10001589

10001914 <alarm_pool_get_default>:
10001914:	b510      	push	{r4, lr}
10001916:	4b06      	ldr	r3, [pc, #24]	@ (10001930 <alarm_pool_get_default+0x1c>)
10001918:	691b      	ldr	r3, [r3, #16]
1000191a:	2b00      	cmp	r3, #0
1000191c:	d001      	beq.n	10001922 <alarm_pool_get_default+0xe>
1000191e:	4804      	ldr	r0, [pc, #16]	@ (10001930 <alarm_pool_get_default+0x1c>)
10001920:	bd10      	pop	{r4, pc}
10001922:	4b04      	ldr	r3, [pc, #16]	@ (10001934 <alarm_pool_get_default+0x20>)
10001924:	4a04      	ldr	r2, [pc, #16]	@ (10001938 <alarm_pool_get_default+0x24>)
10001926:	4805      	ldr	r0, [pc, #20]	@ (1000193c <alarm_pool_get_default+0x28>)
10001928:	2165      	movs	r1, #101	@ 0x65
1000192a:	f002 fba3 	bl	10004074 <__assert_func>
1000192e:	46c0      	nop			@ (mov r8, r8)
10001930:	2000028c 	.word	0x2000028c
10001934:	10005a5c 	.word	0x10005a5c
10001938:	10005fb4 	.word	0x10005fb4
1000193c:	10005a2c 	.word	0x10005a2c

10001940 <alarm_pool_add_alarm_at_force_in_context>:
10001940:	b5f8      	push	{r3, r4, r5, r6, r7, lr}
10001942:	0004      	movs	r4, r0
10001944:	6905      	ldr	r5, [r0, #16]
10001946:	f3ef 8010 	mrs	r0, PRIMASK
1000194a:	b672      	cpsid	i
1000194c:	6829      	ldr	r1, [r5, #0]
1000194e:	2900      	cmp	r1, #0
10001950:	d0fc      	beq.n	1000194c <alarm_pool_add_alarm_at_force_in_context+0xc>
10001952:	f3bf 8f5f 	dmb	sy
10001956:	2102      	movs	r1, #2
10001958:	5e66      	ldrsh	r6, [r4, r1]
1000195a:	6965      	ldr	r5, [r4, #20]
1000195c:	0071      	lsls	r1, r6, #1
1000195e:	1989      	adds	r1, r1, r6
10001960:	00c9      	lsls	r1, r1, #3
10001962:	186d      	adds	r5, r5, r1
10001964:	2e00      	cmp	r6, #0
10001966:	db02      	blt.n	1000196e <alarm_pool_add_alarm_at_force_in_context+0x2e>
10001968:	2700      	movs	r7, #0
1000196a:	5fe9      	ldrsh	r1, [r5, r7]
1000196c:	8061      	strh	r1, [r4, #2]
1000196e:	6921      	ldr	r1, [r4, #16]
10001970:	f3bf 8f5f 	dmb	sy
10001974:	2700      	movs	r7, #0
10001976:	600f      	str	r7, [r1, #0]
10001978:	f380 8810 	msr	PRIMASK, r0
1000197c:	2e00      	cmp	r6, #0
1000197e:	db2c      	blt.n	100019da <alarm_pool_add_alarm_at_force_in_context+0x9a>
10001980:	9906      	ldr	r1, [sp, #24]
10001982:	6129      	str	r1, [r5, #16]
10001984:	9907      	ldr	r1, [sp, #28]
10001986:	6169      	str	r1, [r5, #20]
10001988:	60aa      	str	r2, [r5, #8]
1000198a:	60eb      	str	r3, [r5, #12]
1000198c:	886b      	ldrh	r3, [r5, #2]
1000198e:	3301      	adds	r3, #1
10001990:	045b      	lsls	r3, r3, #17
10001992:	0c59      	lsrs	r1, r3, #17
10001994:	2b00      	cmp	r3, #0
10001996:	d100      	bne.n	1000199a <alarm_pool_add_alarm_at_force_in_context+0x5a>
10001998:	2101      	movs	r1, #1
1000199a:	8069      	strh	r1, [r5, #2]
1000199c:	0030      	movs	r0, r6
1000199e:	f7ff fdd7 	bl	10001550 <make_alarm_id>
100019a2:	6921      	ldr	r1, [r4, #16]
100019a4:	f3ef 8310 	mrs	r3, PRIMASK
100019a8:	b672      	cpsid	i
100019aa:	680a      	ldr	r2, [r1, #0]
100019ac:	2a00      	cmp	r2, #0
100019ae:	d0fc      	beq.n	100019aa <alarm_pool_add_alarm_at_force_in_context+0x6a>
100019b0:	f3bf 8f5f 	dmb	sy
100019b4:	88a2      	ldrh	r2, [r4, #4]
100019b6:	802a      	strh	r2, [r5, #0]
100019b8:	80a6      	strh	r6, [r4, #4]
100019ba:	6922      	ldr	r2, [r4, #16]
100019bc:	f3bf 8f5f 	dmb	sy
100019c0:	2100      	movs	r1, #0
100019c2:	6011      	str	r1, [r2, #0]
100019c4:	f383 8810 	msr	PRIMASK, r3
100019c8:	68e3      	ldr	r3, [r4, #12]
100019ca:	7821      	ldrb	r1, [r4, #0]
100019cc:	2201      	movs	r2, #1
100019ce:	408a      	lsls	r2, r1
100019d0:	4903      	ldr	r1, [pc, #12]	@ (100019e0 <alarm_pool_add_alarm_at_force_in_context+0xa0>)
100019d2:	468c      	mov	ip, r1
100019d4:	4463      	add	r3, ip
100019d6:	601a      	str	r2, [r3, #0]
100019d8:	bdf8      	pop	{r3, r4, r5, r6, r7, pc}
100019da:	2001      	movs	r0, #1
100019dc:	4240      	negs	r0, r0
100019de:	e7fb      	b.n	100019d8 <alarm_pool_add_alarm_at_force_in_context+0x98>
100019e0:	0000203c 	.word	0x0000203c

100019e4 <alarm_pool_add_alarm_at>:
100019e4:	b570      	push	{r4, r5, r6, lr}
100019e6:	b082      	sub	sp, #8
100019e8:	0006      	movs	r6, r0
100019ea:	0014      	movs	r4, r2
100019ec:	001d      	movs	r5, r3
100019ee:	ab08      	add	r3, sp, #32
100019f0:	781b      	ldrb	r3, [r3, #0]
100019f2:	2b00      	cmp	r3, #0
100019f4:	d107      	bne.n	10001a06 <alarm_pool_add_alarm_at+0x22>
100019f6:	f000 f9dd 	bl	10001db4 <time_us_64>
100019fa:	0022      	movs	r2, r4
100019fc:	002b      	movs	r3, r5
100019fe:	1a12      	subs	r2, r2, r0
10001a00:	418b      	sbcs	r3, r1
10001a02:	2b00      	cmp	r3, #0
10001a04:	db0a      	blt.n	10001a1c <alarm_pool_add_alarm_at+0x38>
10001a06:	9b07      	ldr	r3, [sp, #28]
10001a08:	9301      	str	r3, [sp, #4]
10001a0a:	9b06      	ldr	r3, [sp, #24]
10001a0c:	9300      	str	r3, [sp, #0]
10001a0e:	0022      	movs	r2, r4
10001a10:	002b      	movs	r3, r5
10001a12:	0030      	movs	r0, r6
10001a14:	f7ff ff94 	bl	10001940 <alarm_pool_add_alarm_at_force_in_context>
10001a18:	b002      	add	sp, #8
10001a1a:	bd70      	pop	{r4, r5, r6, pc}
10001a1c:	2000      	movs	r0, #0
10001a1e:	e7fb      	b.n	10001a18 <alarm_pool_add_alarm_at+0x34>

10001a20 <add_alarm_at>:
10001a20:	b5f0      	push	{r4, r5, r6, r7, lr}
10001a22:	46c6      	mov	lr, r8
10001a24:	b500      	push	{lr}
10001a26:	b084      	sub	sp, #16
10001a28:	0005      	movs	r5, r0
10001a2a:	4688      	mov	r8, r1
10001a2c:	0016      	movs	r6, r2
10001a2e:	001f      	movs	r7, r3
10001a30:	ab0a      	add	r3, sp, #40	@ 0x28
10001a32:	781c      	ldrb	r4, [r3, #0]
10001a34:	f7ff ff6e 	bl	10001914 <alarm_pool_get_default>
10001a38:	9402      	str	r4, [sp, #8]
10001a3a:	9701      	str	r7, [sp, #4]
10001a3c:	9600      	str	r6, [sp, #0]
10001a3e:	002a      	movs	r2, r5
10001a40:	4643      	mov	r3, r8
10001a42:	f7ff ffcf 	bl	100019e4 <alarm_pool_add_alarm_at>
10001a46:	b004      	add	sp, #16
10001a48:	bc80      	pop	{r7}
10001a4a:	46b8      	mov	r8, r7
10001a4c:	bdf0      	pop	{r4, r5, r6, r7, pc}
	...

10001a50 <alarm_pool_cancel_alarm>:
10001a50:	b530      	push	{r4, r5, lr}
10001a52:	0003      	movs	r3, r0
10001a54:	1408      	asrs	r0, r1, #16
10001a56:	895a      	ldrh	r2, [r3, #10]
10001a58:	4290      	cmp	r0, r2
10001a5a:	da2e      	bge.n	10001aba <alarm_pool_cancel_alarm+0x6a>
10001a5c:	695c      	ldr	r4, [r3, #20]
10001a5e:	0042      	lsls	r2, r0, #1
10001a60:	1812      	adds	r2, r2, r0
10001a62:	00d2      	lsls	r2, r2, #3
10001a64:	18a2      	adds	r2, r4, r2
10001a66:	691d      	ldr	r5, [r3, #16]
10001a68:	f3ef 8410 	mrs	r4, PRIMASK
10001a6c:	b672      	cpsid	i
10001a6e:	6828      	ldr	r0, [r5, #0]
10001a70:	2800      	cmp	r0, #0
10001a72:	d0fc      	beq.n	10001a6e <alarm_pool_cancel_alarm+0x1e>
10001a74:	f3bf 8f5f 	dmb	sy
10001a78:	8850      	ldrh	r0, [r2, #2]
10001a7a:	b280      	uxth	r0, r0
10001a7c:	0409      	lsls	r1, r1, #16
10001a7e:	0c09      	lsrs	r1, r1, #16
10001a80:	4288      	cmp	r0, r1
10001a82:	d012      	beq.n	10001aaa <alarm_pool_cancel_alarm+0x5a>
10001a84:	2000      	movs	r0, #0
10001a86:	691a      	ldr	r2, [r3, #16]
10001a88:	f3bf 8f5f 	dmb	sy
10001a8c:	2100      	movs	r1, #0
10001a8e:	6011      	str	r1, [r2, #0]
10001a90:	f384 8810 	msr	PRIMASK, r4
10001a94:	2800      	cmp	r0, #0
10001a96:	d011      	beq.n	10001abc <alarm_pool_cancel_alarm+0x6c>
10001a98:	68da      	ldr	r2, [r3, #12]
10001a9a:	781b      	ldrb	r3, [r3, #0]
10001a9c:	3101      	adds	r1, #1
10001a9e:	4099      	lsls	r1, r3
10001aa0:	4b07      	ldr	r3, [pc, #28]	@ (10001ac0 <alarm_pool_cancel_alarm+0x70>)
10001aa2:	469c      	mov	ip, r3
10001aa4:	4462      	add	r2, ip
10001aa6:	6011      	str	r1, [r2, #0]
10001aa8:	e008      	b.n	10001abc <alarm_pool_cancel_alarm+0x6c>
10001aaa:	4906      	ldr	r1, [pc, #24]	@ (10001ac4 <alarm_pool_cancel_alarm+0x74>)
10001aac:	4301      	orrs	r1, r0
10001aae:	b289      	uxth	r1, r1
10001ab0:	8051      	strh	r1, [r2, #2]
10001ab2:	2201      	movs	r2, #1
10001ab4:	719a      	strb	r2, [r3, #6]
10001ab6:	2001      	movs	r0, #1
10001ab8:	e7e5      	b.n	10001a86 <alarm_pool_cancel_alarm+0x36>
10001aba:	2000      	movs	r0, #0
10001abc:	bd30      	pop	{r4, r5, pc}
10001abe:	46c0      	nop			@ (mov r8, r8)
10001ac0:	0000203c 	.word	0x0000203c
10001ac4:	ffff8000 	.word	0xffff8000

10001ac8 <cancel_alarm>:
10001ac8:	b510      	push	{r4, lr}
10001aca:	0004      	movs	r4, r0
10001acc:	f7ff ff22 	bl	10001914 <alarm_pool_get_default>
10001ad0:	0021      	movs	r1, r4
10001ad2:	f7ff ffbd 	bl	10001a50 <alarm_pool_cancel_alarm>
10001ad6:	bd10      	pop	{r4, pc}

10001ad8 <sleep_until>:
10001ad8:	b5f0      	push	{r4, r5, r6, r7, lr}
10001ada:	b083      	sub	sp, #12
10001adc:	0006      	movs	r6, r0
10001ade:	000f      	movs	r7, r1
10001ae0:	f3ef 8305 	mrs	r3, IPSR
10001ae4:	2b00      	cmp	r3, #0
10001ae6:	d11a      	bne.n	10001b1e <sleep_until+0x46>
10001ae8:	2406      	movs	r4, #6
10001aea:	4264      	negs	r4, r4
10001aec:	17e5      	asrs	r5, r4, #31
10001aee:	19a4      	adds	r4, r4, r6
10001af0:	417d      	adcs	r5, r7
10001af2:	428d      	cmp	r5, r1
10001af4:	d802      	bhi.n	10001afc <sleep_until+0x24>
10001af6:	d103      	bne.n	10001b00 <sleep_until+0x28>
10001af8:	4284      	cmp	r4, r0
10001afa:	d901      	bls.n	10001b00 <sleep_until+0x28>
10001afc:	2400      	movs	r4, #0
10001afe:	2500      	movs	r5, #0
10001b00:	f000 f958 	bl	10001db4 <time_us_64>
10001b04:	0022      	movs	r2, r4
10001b06:	002b      	movs	r3, r5
10001b08:	1a12      	subs	r2, r2, r0
10001b0a:	418b      	sbcs	r3, r1
10001b0c:	2b00      	cmp	r3, #0
10001b0e:	dc0b      	bgt.n	10001b28 <sleep_until+0x50>
10001b10:	d008      	beq.n	10001b24 <sleep_until+0x4c>
10001b12:	0030      	movs	r0, r6
10001b14:	0039      	movs	r1, r7
10001b16:	f000 f95f 	bl	10001dd8 <busy_wait_until>
10001b1a:	b003      	add	sp, #12
10001b1c:	bdf0      	pop	{r4, r5, r6, r7, pc}
10001b1e:	481a      	ldr	r0, [pc, #104]	@ (10001b88 <sleep_until+0xb0>)
10001b20:	f7ff f920 	bl	10000d64 <panic>
10001b24:	2a00      	cmp	r2, #0
10001b26:	d0f4      	beq.n	10001b12 <sleep_until+0x3a>
10001b28:	4a18      	ldr	r2, [pc, #96]	@ (10001b8c <sleep_until+0xb4>)
10001b2a:	2300      	movs	r3, #0
10001b2c:	9300      	str	r3, [sp, #0]
10001b2e:	0020      	movs	r0, r4
10001b30:	0029      	movs	r1, r5
10001b32:	f7ff ff75 	bl	10001a20 <add_alarm_at>
10001b36:	2800      	cmp	r0, #0
10001b38:	da18      	bge.n	10001b6c <sleep_until+0x94>
10001b3a:	e7ea      	b.n	10001b12 <sleep_until+0x3a>
10001b3c:	2300      	movs	r3, #0
10001b3e:	e000      	b.n	10001b42 <sleep_until+0x6a>
10001b40:	2300      	movs	r3, #0
10001b42:	2b00      	cmp	r3, #0
10001b44:	d1e5      	bne.n	10001b12 <sleep_until+0x3a>
10001b46:	4b12      	ldr	r3, [pc, #72]	@ (10001b90 <sleep_until+0xb8>)
10001b48:	6819      	ldr	r1, [r3, #0]
10001b4a:	f3ef 8310 	mrs	r3, PRIMASK
10001b4e:	b672      	cpsid	i
10001b50:	680a      	ldr	r2, [r1, #0]
10001b52:	2a00      	cmp	r2, #0
10001b54:	d0fc      	beq.n	10001b50 <sleep_until+0x78>
10001b56:	f3bf 8f5f 	dmb	sy
10001b5a:	4a0d      	ldr	r2, [pc, #52]	@ (10001b90 <sleep_until+0xb8>)
10001b5c:	6812      	ldr	r2, [r2, #0]
10001b5e:	f3bf 8f5f 	dmb	sy
10001b62:	2100      	movs	r1, #0
10001b64:	6011      	str	r1, [r2, #0]
10001b66:	f383 8810 	msr	PRIMASK, r3
10001b6a:	bf20      	wfe
10001b6c:	4b09      	ldr	r3, [pc, #36]	@ (10001b94 <sleep_until+0xbc>)
10001b6e:	6a5b      	ldr	r3, [r3, #36]	@ 0x24
10001b70:	429d      	cmp	r5, r3
10001b72:	d8e5      	bhi.n	10001b40 <sleep_until+0x68>
10001b74:	4907      	ldr	r1, [pc, #28]	@ (10001b94 <sleep_until+0xbc>)
10001b76:	6a89      	ldr	r1, [r1, #40]	@ 0x28
10001b78:	42a1      	cmp	r1, r4
10001b7a:	d203      	bcs.n	10001b84 <sleep_until+0xac>
10001b7c:	429d      	cmp	r5, r3
10001b7e:	d0dd      	beq.n	10001b3c <sleep_until+0x64>
10001b80:	2301      	movs	r3, #1
10001b82:	e7de      	b.n	10001b42 <sleep_until+0x6a>
10001b84:	2301      	movs	r3, #1
10001b86:	e7dc      	b.n	10001b42 <sleep_until+0x6a>
10001b88:	10005a80 	.word	0x10005a80
10001b8c:	10001559 	.word	0x10001559
10001b90:	20000dc8 	.word	0x20000dc8
10001b94:	40054000 	.word	0x40054000

10001b98 <sleep_us>:
10001b98:	b570      	push	{r4, r5, r6, lr}
10001b9a:	0004      	movs	r4, r0
10001b9c:	000d      	movs	r5, r1
10001b9e:	f000 f909 	bl	10001db4 <time_us_64>
10001ba2:	1900      	adds	r0, r0, r4
10001ba4:	4169      	adcs	r1, r5
10001ba6:	2900      	cmp	r1, #0
10001ba8:	db02      	blt.n	10001bb0 <sleep_us+0x18>
10001baa:	f7ff ff95 	bl	10001ad8 <sleep_until>
10001bae:	bd70      	pop	{r4, r5, r6, pc}
10001bb0:	2001      	movs	r0, #1
10001bb2:	4240      	negs	r0, r0
10001bb4:	4900      	ldr	r1, [pc, #0]	@ (10001bb8 <sleep_us+0x20>)
10001bb6:	e7f8      	b.n	10001baa <sleep_us+0x12>
10001bb8:	7fffffff 	.word	0x7fffffff

10001bbc <sleep_ms>:
10001bbc:	b510      	push	{r4, lr}
10001bbe:	22fa      	movs	r2, #250	@ 0xfa
10001bc0:	0092      	lsls	r2, r2, #2
10001bc2:	2300      	movs	r3, #0
10001bc4:	2100      	movs	r1, #0
10001bc6:	f001 f8a9 	bl	10002d1c <__wrap___aeabi_lmul>
10001bca:	f7ff ffe5 	bl	10001b98 <sleep_us>
10001bce:	bd10      	pop	{r4, pc}

10001bd0 <best_effort_wfe_or_timeout>:
10001bd0:	b5f0      	push	{r4, r5, r6, r7, lr}
10001bd2:	46ce      	mov	lr, r9
10001bd4:	4647      	mov	r7, r8
10001bd6:	b580      	push	{r7, lr}
10001bd8:	b083      	sub	sp, #12
10001bda:	0005      	movs	r5, r0
10001bdc:	000c      	movs	r4, r1
10001bde:	f3ef 8305 	mrs	r3, IPSR
10001be2:	2b00      	cmp	r3, #0
10001be4:	d015      	beq.n	10001c12 <best_effort_wfe_or_timeout+0x42>
10001be6:	4b43      	ldr	r3, [pc, #268]	@ (10001cf4 <best_effort_wfe_or_timeout+0x124>)
10001be8:	6a5b      	ldr	r3, [r3, #36]	@ 0x24
10001bea:	428b      	cmp	r3, r1
10001bec:	d309      	bcc.n	10001c02 <best_effort_wfe_or_timeout+0x32>
10001bee:	4a41      	ldr	r2, [pc, #260]	@ (10001cf4 <best_effort_wfe_or_timeout+0x124>)
10001bf0:	6a92      	ldr	r2, [r2, #40]	@ 0x28
10001bf2:	4282      	cmp	r2, r0
10001bf4:	d20b      	bcs.n	10001c0e <best_effort_wfe_or_timeout+0x3e>
10001bf6:	428b      	cmp	r3, r1
10001bf8:	d001      	beq.n	10001bfe <best_effort_wfe_or_timeout+0x2e>
10001bfa:	2001      	movs	r0, #1
10001bfc:	e002      	b.n	10001c04 <best_effort_wfe_or_timeout+0x34>
10001bfe:	2000      	movs	r0, #0
10001c00:	e000      	b.n	10001c04 <best_effort_wfe_or_timeout+0x34>
10001c02:	2000      	movs	r0, #0
10001c04:	b003      	add	sp, #12
10001c06:	bcc0      	pop	{r6, r7}
10001c08:	46b9      	mov	r9, r7
10001c0a:	46b0      	mov	r8, r6
10001c0c:	bdf0      	pop	{r4, r5, r6, r7, pc}
10001c0e:	2001      	movs	r0, #1
10001c10:	e7f8      	b.n	10001c04 <best_effort_wfe_or_timeout+0x34>
10001c12:	f7ff fe7f 	bl	10001914 <alarm_pool_get_default>
10001c16:	68c3      	ldr	r3, [r0, #12]
10001c18:	4699      	mov	r9, r3
10001c1a:	7803      	ldrb	r3, [r0, #0]
10001c1c:	4698      	mov	r8, r3
10001c1e:	002e      	movs	r6, r5
10001c20:	0027      	movs	r7, r4
10001c22:	4648      	mov	r0, r9
10001c24:	f000 f894 	bl	10001d50 <timer_time_us_64>
10001c28:	0002      	movs	r2, r0
10001c2a:	000b      	movs	r3, r1
10001c2c:	1ab6      	subs	r6, r6, r2
10001c2e:	419f      	sbcs	r7, r3
10001c30:	4643      	mov	r3, r8
10001c32:	3304      	adds	r3, #4
10001c34:	009b      	lsls	r3, r3, #2
10001c36:	464a      	mov	r2, r9
10001c38:	589b      	ldr	r3, [r3, r2]
10001c3a:	1a1b      	subs	r3, r3, r0
10001c3c:	2200      	movs	r2, #0
10001c3e:	42ba      	cmp	r2, r7
10001c40:	dc0f      	bgt.n	10001c62 <best_effort_wfe_or_timeout+0x92>
10001c42:	d00c      	beq.n	10001c5e <best_effort_wfe_or_timeout+0x8e>
10001c44:	bf20      	wfe
10001c46:	4b2b      	ldr	r3, [pc, #172]	@ (10001cf4 <best_effort_wfe_or_timeout+0x124>)
10001c48:	6a5b      	ldr	r3, [r3, #36]	@ 0x24
10001c4a:	429c      	cmp	r4, r3
10001c4c:	d820      	bhi.n	10001c90 <best_effort_wfe_or_timeout+0xc0>
10001c4e:	4a29      	ldr	r2, [pc, #164]	@ (10001cf4 <best_effort_wfe_or_timeout+0x124>)
10001c50:	6a92      	ldr	r2, [r2, #40]	@ 0x28
10001c52:	42aa      	cmp	r2, r5
10001c54:	d21e      	bcs.n	10001c94 <best_effort_wfe_or_timeout+0xc4>
10001c56:	429c      	cmp	r4, r3
10001c58:	d018      	beq.n	10001c8c <best_effort_wfe_or_timeout+0xbc>
10001c5a:	2001      	movs	r0, #1
10001c5c:	e7d2      	b.n	10001c04 <best_effort_wfe_or_timeout+0x34>
10001c5e:	42b3      	cmp	r3, r6
10001c60:	d9f0      	bls.n	10001c44 <best_effort_wfe_or_timeout+0x74>
10001c62:	4a25      	ldr	r2, [pc, #148]	@ (10001cf8 <best_effort_wfe_or_timeout+0x128>)
10001c64:	2300      	movs	r3, #0
10001c66:	9300      	str	r3, [sp, #0]
10001c68:	0028      	movs	r0, r5
10001c6a:	0021      	movs	r1, r4
10001c6c:	f7ff fed8 	bl	10001a20 <add_alarm_at>
10001c70:	2800      	cmp	r0, #0
10001c72:	dd11      	ble.n	10001c98 <best_effort_wfe_or_timeout+0xc8>
10001c74:	4b1f      	ldr	r3, [pc, #124]	@ (10001cf4 <best_effort_wfe_or_timeout+0x124>)
10001c76:	6a5b      	ldr	r3, [r3, #36]	@ 0x24
10001c78:	429c      	cmp	r4, r3
10001c7a:	d821      	bhi.n	10001cc0 <best_effort_wfe_or_timeout+0xf0>
10001c7c:	4a1d      	ldr	r2, [pc, #116]	@ (10001cf4 <best_effort_wfe_or_timeout+0x124>)
10001c7e:	6a92      	ldr	r2, [r2, #40]	@ 0x28
10001c80:	42aa      	cmp	r2, r5
10001c82:	d22f      	bcs.n	10001ce4 <best_effort_wfe_or_timeout+0x114>
10001c84:	429c      	cmp	r4, r3
10001c86:	d019      	beq.n	10001cbc <best_effort_wfe_or_timeout+0xec>
10001c88:	2301      	movs	r3, #1
10001c8a:	e01a      	b.n	10001cc2 <best_effort_wfe_or_timeout+0xf2>
10001c8c:	2000      	movs	r0, #0
10001c8e:	e7b9      	b.n	10001c04 <best_effort_wfe_or_timeout+0x34>
10001c90:	2000      	movs	r0, #0
10001c92:	e7b7      	b.n	10001c04 <best_effort_wfe_or_timeout+0x34>
10001c94:	2001      	movs	r0, #1
10001c96:	e7b5      	b.n	10001c04 <best_effort_wfe_or_timeout+0x34>
10001c98:	4b16      	ldr	r3, [pc, #88]	@ (10001cf4 <best_effort_wfe_or_timeout+0x124>)
10001c9a:	6a5b      	ldr	r3, [r3, #36]	@ 0x24
10001c9c:	429c      	cmp	r4, r3
10001c9e:	d809      	bhi.n	10001cb4 <best_effort_wfe_or_timeout+0xe4>
10001ca0:	4a14      	ldr	r2, [pc, #80]	@ (10001cf4 <best_effort_wfe_or_timeout+0x124>)
10001ca2:	6a92      	ldr	r2, [r2, #40]	@ 0x28
10001ca4:	42aa      	cmp	r2, r5
10001ca6:	d207      	bcs.n	10001cb8 <best_effort_wfe_or_timeout+0xe8>
10001ca8:	429c      	cmp	r4, r3
10001caa:	d001      	beq.n	10001cb0 <best_effort_wfe_or_timeout+0xe0>
10001cac:	2001      	movs	r0, #1
10001cae:	e7a9      	b.n	10001c04 <best_effort_wfe_or_timeout+0x34>
10001cb0:	2000      	movs	r0, #0
10001cb2:	e7a7      	b.n	10001c04 <best_effort_wfe_or_timeout+0x34>
10001cb4:	2000      	movs	r0, #0
10001cb6:	e7a5      	b.n	10001c04 <best_effort_wfe_or_timeout+0x34>
10001cb8:	2001      	movs	r0, #1
10001cba:	e7a3      	b.n	10001c04 <best_effort_wfe_or_timeout+0x34>
10001cbc:	2300      	movs	r3, #0
10001cbe:	e000      	b.n	10001cc2 <best_effort_wfe_or_timeout+0xf2>
10001cc0:	2300      	movs	r3, #0
10001cc2:	2b00      	cmp	r3, #0
10001cc4:	d100      	bne.n	10001cc8 <best_effort_wfe_or_timeout+0xf8>
10001cc6:	bf20      	wfe
10001cc8:	f7ff fefe 	bl	10001ac8 <cancel_alarm>
10001ccc:	4b09      	ldr	r3, [pc, #36]	@ (10001cf4 <best_effort_wfe_or_timeout+0x124>)
10001cce:	6a5b      	ldr	r3, [r3, #36]	@ 0x24
10001cd0:	429c      	cmp	r4, r3
10001cd2:	d80b      	bhi.n	10001cec <best_effort_wfe_or_timeout+0x11c>
10001cd4:	4a07      	ldr	r2, [pc, #28]	@ (10001cf4 <best_effort_wfe_or_timeout+0x124>)
10001cd6:	6a92      	ldr	r2, [r2, #40]	@ 0x28
10001cd8:	42aa      	cmp	r2, r5
10001cda:	d209      	bcs.n	10001cf0 <best_effort_wfe_or_timeout+0x120>
10001cdc:	429c      	cmp	r4, r3
10001cde:	d003      	beq.n	10001ce8 <best_effort_wfe_or_timeout+0x118>
10001ce0:	2001      	movs	r0, #1
10001ce2:	e78f      	b.n	10001c04 <best_effort_wfe_or_timeout+0x34>
10001ce4:	2301      	movs	r3, #1
10001ce6:	e7ec      	b.n	10001cc2 <best_effort_wfe_or_timeout+0xf2>
10001ce8:	2000      	movs	r0, #0
10001cea:	e78b      	b.n	10001c04 <best_effort_wfe_or_timeout+0x34>
10001cec:	2000      	movs	r0, #0
10001cee:	e789      	b.n	10001c04 <best_effort_wfe_or_timeout+0x34>
10001cf0:	2001      	movs	r0, #1
10001cf2:	e787      	b.n	10001c04 <best_effort_wfe_or_timeout+0x34>
10001cf4:	40054000 	.word	0x40054000
10001cf8:	10001559 	.word	0x10001559

10001cfc <alarm_pool_get_default_timer>:
10001cfc:	4800      	ldr	r0, [pc, #0]	@ (10001d00 <alarm_pool_get_default_timer+0x4>)
10001cfe:	4770      	bx	lr
10001d00:	40054000 	.word	0x40054000

10001d04 <runtime_init_default_alarm_pool>:
10001d04:	b510      	push	{r4, lr}
10001d06:	4b0b      	ldr	r3, [pc, #44]	@ (10001d34 <runtime_init_default_alarm_pool+0x30>)
10001d08:	691b      	ldr	r3, [r3, #16]
10001d0a:	2b00      	cmp	r3, #0
10001d0c:	d004      	beq.n	10001d18 <runtime_init_default_alarm_pool+0x14>
10001d0e:	480a      	ldr	r0, [pc, #40]	@ (10001d38 <runtime_init_default_alarm_pool+0x34>)
10001d10:	210a      	movs	r1, #10
10001d12:	f7ff fbc1 	bl	10001498 <lock_init>
10001d16:	bd10      	pop	{r4, pc}
10001d18:	f7ff fff0 	bl	10001cfc <alarm_pool_get_default_timer>
10001d1c:	0004      	movs	r4, r0
10001d1e:	2103      	movs	r1, #3
10001d20:	f000 f80c 	bl	10001d3c <timer_hardware_alarm_claim>
10001d24:	4803      	ldr	r0, [pc, #12]	@ (10001d34 <runtime_init_default_alarm_pool+0x30>)
10001d26:	2310      	movs	r3, #16
10001d28:	2203      	movs	r2, #3
10001d2a:	0021      	movs	r1, r4
10001d2c:	f7ff fdb6 	bl	1000189c <alarm_pool_post_alloc_init>
10001d30:	e7ed      	b.n	10001d0e <runtime_init_default_alarm_pool+0xa>
10001d32:	46c0      	nop			@ (mov r8, r8)
10001d34:	2000028c 	.word	0x2000028c
10001d38:	20000dc8 	.word	0x20000dc8

10001d3c <timer_hardware_alarm_claim>:
10001d3c:	b510      	push	{r4, lr}
10001d3e:	4a02      	ldr	r2, [pc, #8]	@ (10001d48 <timer_hardware_alarm_claim+0xc>)
10001d40:	4802      	ldr	r0, [pc, #8]	@ (10001d4c <timer_hardware_alarm_claim+0x10>)
10001d42:	f7ff f83d 	bl	10000dc0 <hw_claim_or_assert>
10001d46:	bd10      	pop	{r4, pc}
10001d48:	10005ad0 	.word	0x10005ad0
10001d4c:	20000b48 	.word	0x20000b48

10001d50 <timer_time_us_64>:
10001d50:	0002      	movs	r2, r0
10001d52:	6a43      	ldr	r3, [r0, #36]	@ 0x24
10001d54:	6a90      	ldr	r0, [r2, #40]	@ 0x28
10001d56:	0019      	movs	r1, r3
10001d58:	6a53      	ldr	r3, [r2, #36]	@ 0x24
10001d5a:	4299      	cmp	r1, r3
10001d5c:	d1fa      	bne.n	10001d54 <timer_time_us_64+0x4>
10001d5e:	4770      	bx	lr

10001d60 <timer_busy_wait_until>:
10001d60:	6a41      	ldr	r1, [r0, #36]	@ 0x24
10001d62:	e000      	b.n	10001d66 <timer_busy_wait_until+0x6>
10001d64:	6a41      	ldr	r1, [r0, #36]	@ 0x24
10001d66:	4299      	cmp	r1, r3
10001d68:	d3fc      	bcc.n	10001d64 <timer_busy_wait_until+0x4>
10001d6a:	e000      	b.n	10001d6e <timer_busy_wait_until+0xe>
10001d6c:	6a41      	ldr	r1, [r0, #36]	@ 0x24
10001d6e:	4299      	cmp	r1, r3
10001d70:	d102      	bne.n	10001d78 <timer_busy_wait_until+0x18>
10001d72:	6a81      	ldr	r1, [r0, #40]	@ 0x28
10001d74:	4291      	cmp	r1, r2
10001d76:	d3f9      	bcc.n	10001d6c <timer_busy_wait_until+0xc>
10001d78:	4770      	bx	lr

10001d7a <timer_busy_wait_us>:
10001d7a:	b5f0      	push	{r4, r5, r6, r7, lr}
10001d7c:	46c6      	mov	lr, r8
10001d7e:	b500      	push	{lr}
10001d80:	4680      	mov	r8, r0
10001d82:	0014      	movs	r4, r2
10001d84:	001d      	movs	r5, r3
10001d86:	f7ff ffe3 	bl	10001d50 <timer_time_us_64>
10001d8a:	0006      	movs	r6, r0
10001d8c:	000f      	movs	r7, r1
10001d8e:	0022      	movs	r2, r4
10001d90:	002b      	movs	r3, r5
10001d92:	1992      	adds	r2, r2, r6
10001d94:	417b      	adcs	r3, r7
10001d96:	4299      	cmp	r1, r3
10001d98:	d802      	bhi.n	10001da0 <timer_busy_wait_us+0x26>
10001d9a:	d104      	bne.n	10001da6 <timer_busy_wait_us+0x2c>
10001d9c:	4290      	cmp	r0, r2
10001d9e:	d902      	bls.n	10001da6 <timer_busy_wait_us+0x2c>
10001da0:	2201      	movs	r2, #1
10001da2:	4252      	negs	r2, r2
10001da4:	17d3      	asrs	r3, r2, #31
10001da6:	4640      	mov	r0, r8
10001da8:	f7ff ffda 	bl	10001d60 <timer_busy_wait_until>
10001dac:	bc80      	pop	{r7}
10001dae:	46b8      	mov	r8, r7
10001db0:	bdf0      	pop	{r4, r5, r6, r7, pc}
	...

10001db4 <time_us_64>:
10001db4:	b510      	push	{r4, lr}
10001db6:	4802      	ldr	r0, [pc, #8]	@ (10001dc0 <time_us_64+0xc>)
10001db8:	f7ff ffca 	bl	10001d50 <timer_time_us_64>
10001dbc:	bd10      	pop	{r4, pc}
10001dbe:	46c0      	nop			@ (mov r8, r8)
10001dc0:	40054000 	.word	0x40054000

10001dc4 <busy_wait_us>:
10001dc4:	b510      	push	{r4, lr}
10001dc6:	0002      	movs	r2, r0
10001dc8:	000b      	movs	r3, r1
10001dca:	4802      	ldr	r0, [pc, #8]	@ (10001dd4 <busy_wait_us+0x10>)
10001dcc:	f7ff ffd5 	bl	10001d7a <timer_busy_wait_us>
10001dd0:	bd10      	pop	{r4, pc}
10001dd2:	46c0      	nop			@ (mov r8, r8)
10001dd4:	40054000 	.word	0x40054000

10001dd8 <busy_wait_until>:
10001dd8:	b510      	push	{r4, lr}
10001dda:	0002      	movs	r2, r0
10001ddc:	000b      	movs	r3, r1
10001dde:	4802      	ldr	r0, [pc, #8]	@ (10001de8 <busy_wait_until+0x10>)
10001de0:	f7ff ffbe 	bl	10001d60 <timer_busy_wait_until>
10001de4:	bd10      	pop	{r4, pc}
10001de6:	46c0      	nop			@ (mov r8, r8)
10001de8:	40054000 	.word	0x40054000

10001dec <element_ptr>:
10001dec:	b510      	push	{r4, lr}
10001dee:	89c3      	ldrh	r3, [r0, #14]
10001df0:	428b      	cmp	r3, r1
10001df2:	d304      	bcc.n	10001dfe <element_ptr+0x12>
10001df4:	6843      	ldr	r3, [r0, #4]
10001df6:	8982      	ldrh	r2, [r0, #12]
10001df8:	4351      	muls	r1, r2
10001dfa:	1858      	adds	r0, r3, r1
10001dfc:	bd10      	pop	{r4, pc}
10001dfe:	4b03      	ldr	r3, [pc, #12]	@ (10001e0c <element_ptr+0x20>)
10001e00:	4a03      	ldr	r2, [pc, #12]	@ (10001e10 <element_ptr+0x24>)
10001e02:	4804      	ldr	r0, [pc, #16]	@ (10001e14 <element_ptr+0x28>)
10001e04:	2119      	movs	r1, #25
10001e06:	f002 f935 	bl	10004074 <__assert_func>
10001e0a:	46c0      	nop			@ (mov r8, r8)
10001e0c:	10005af4 	.word	0x10005af4
10001e10:	10005fe4 	.word	0x10005fe4
10001e14:	10005b10 	.word	0x10005b10

10001e18 <queue_add_internal>:
10001e18:	b5f8      	push	{r3, r4, r5, r6, r7, lr}
10001e1a:	0004      	movs	r4, r0
10001e1c:	000d      	movs	r5, r1
10001e1e:	e00c      	b.n	10001e3a <queue_add_internal+0x22>
10001e20:	89e7      	ldrh	r7, [r4, #14]
10001e22:	429f      	cmp	r7, r3
10001e24:	d11a      	bne.n	10001e5c <queue_add_internal+0x44>
10001e26:	2a00      	cmp	r2, #0
10001e28:	d031      	beq.n	10001e8e <queue_add_internal+0x76>
10001e2a:	6823      	ldr	r3, [r4, #0]
10001e2c:	f3bf 8f5f 	dmb	sy
10001e30:	2100      	movs	r1, #0
10001e32:	6019      	str	r1, [r3, #0]
10001e34:	f386 8810 	msr	PRIMASK, r6
10001e38:	bf20      	wfe
10001e3a:	6821      	ldr	r1, [r4, #0]
10001e3c:	f3ef 8610 	mrs	r6, PRIMASK
10001e40:	b672      	cpsid	i
10001e42:	680b      	ldr	r3, [r1, #0]
10001e44:	2b00      	cmp	r3, #0
10001e46:	d0fc      	beq.n	10001e42 <queue_add_internal+0x2a>
10001e48:	f3bf 8f5f 	dmb	sy
10001e4c:	8921      	ldrh	r1, [r4, #8]
10001e4e:	8963      	ldrh	r3, [r4, #10]
10001e50:	1acb      	subs	r3, r1, r3
10001e52:	d5e5      	bpl.n	10001e20 <queue_add_internal+0x8>
10001e54:	89e0      	ldrh	r0, [r4, #14]
10001e56:	3001      	adds	r0, #1
10001e58:	181b      	adds	r3, r3, r0
10001e5a:	e7e1      	b.n	10001e20 <queue_add_internal+0x8>
10001e5c:	0020      	movs	r0, r4
10001e5e:	f7ff ffc5 	bl	10001dec <element_ptr>
10001e62:	89a2      	ldrh	r2, [r4, #12]
10001e64:	0029      	movs	r1, r5
10001e66:	f000 ffe7 	bl	10002e38 <__wrap___aeabi_memcpy>
10001e6a:	8923      	ldrh	r3, [r4, #8]
10001e6c:	3301      	adds	r3, #1
10001e6e:	b29b      	uxth	r3, r3
10001e70:	89e2      	ldrh	r2, [r4, #14]
10001e72:	4293      	cmp	r3, r2
10001e74:	d900      	bls.n	10001e78 <queue_add_internal+0x60>
10001e76:	2300      	movs	r3, #0
10001e78:	8123      	strh	r3, [r4, #8]
10001e7a:	6823      	ldr	r3, [r4, #0]
10001e7c:	f3bf 8f5f 	dmb	sy
10001e80:	2200      	movs	r2, #0
10001e82:	601a      	str	r2, [r3, #0]
10001e84:	f386 8810 	msr	PRIMASK, r6
10001e88:	bf40      	sev
10001e8a:	2001      	movs	r0, #1
10001e8c:	bdf8      	pop	{r3, r4, r5, r6, r7, pc}
10001e8e:	6823      	ldr	r3, [r4, #0]
10001e90:	f3bf 8f5f 	dmb	sy
10001e94:	2100      	movs	r1, #0
10001e96:	6019      	str	r1, [r3, #0]
10001e98:	f386 8810 	msr	PRIMASK, r6
10001e9c:	0010      	movs	r0, r2
10001e9e:	e7f5      	b.n	10001e8c <queue_add_internal+0x74>

10001ea0 <queue_remove_internal>:
10001ea0:	b5f8      	push	{r3, r4, r5, r6, r7, lr}
10001ea2:	0004      	movs	r4, r0
10001ea4:	000e      	movs	r6, r1
10001ea6:	e00b      	b.n	10001ec0 <queue_remove_internal+0x20>
10001ea8:	2b00      	cmp	r3, #0
10001eaa:	d11a      	bne.n	10001ee2 <queue_remove_internal+0x42>
10001eac:	2a00      	cmp	r2, #0
10001eae:	d034      	beq.n	10001f1a <queue_remove_internal+0x7a>
10001eb0:	6823      	ldr	r3, [r4, #0]
10001eb2:	f3bf 8f5f 	dmb	sy
10001eb6:	2100      	movs	r1, #0
10001eb8:	6019      	str	r1, [r3, #0]
10001eba:	f387 8810 	msr	PRIMASK, r7
10001ebe:	bf20      	wfe
10001ec0:	6825      	ldr	r5, [r4, #0]
10001ec2:	f3ef 8710 	mrs	r7, PRIMASK
10001ec6:	b672      	cpsid	i
10001ec8:	682b      	ldr	r3, [r5, #0]
10001eca:	2b00      	cmp	r3, #0
10001ecc:	d0fc      	beq.n	10001ec8 <queue_remove_internal+0x28>
10001ece:	f3bf 8f5f 	dmb	sy
10001ed2:	8923      	ldrh	r3, [r4, #8]
10001ed4:	8961      	ldrh	r1, [r4, #10]
10001ed6:	1a5b      	subs	r3, r3, r1
10001ed8:	d5e6      	bpl.n	10001ea8 <queue_remove_internal+0x8>
10001eda:	89e5      	ldrh	r5, [r4, #14]
10001edc:	3501      	adds	r5, #1
10001ede:	195b      	adds	r3, r3, r5
10001ee0:	e7e2      	b.n	10001ea8 <queue_remove_internal+0x8>
10001ee2:	2e00      	cmp	r6, #0
10001ee4:	d007      	beq.n	10001ef6 <queue_remove_internal+0x56>
10001ee6:	0020      	movs	r0, r4
10001ee8:	f7ff ff80 	bl	10001dec <element_ptr>
10001eec:	0001      	movs	r1, r0
10001eee:	89a2      	ldrh	r2, [r4, #12]
10001ef0:	0030      	movs	r0, r6
10001ef2:	f000 ffa1 	bl	10002e38 <__wrap___aeabi_memcpy>
10001ef6:	8963      	ldrh	r3, [r4, #10]
10001ef8:	3301      	adds	r3, #1
10001efa:	b29b      	uxth	r3, r3
10001efc:	89e2      	ldrh	r2, [r4, #14]
10001efe:	4293      	cmp	r3, r2
10001f00:	d900      	bls.n	10001f04 <queue_remove_internal+0x64>
10001f02:	2300      	movs	r3, #0
10001f04:	8163      	strh	r3, [r4, #10]
10001f06:	6823      	ldr	r3, [r4, #0]
10001f08:	f3bf 8f5f 	dmb	sy
10001f0c:	2200      	movs	r2, #0
10001f0e:	601a      	str	r2, [r3, #0]
10001f10:	f387 8810 	msr	PRIMASK, r7
10001f14:	bf40      	sev
10001f16:	2001      	movs	r0, #1
10001f18:	bdf8      	pop	{r3, r4, r5, r6, r7, pc}
10001f1a:	6823      	ldr	r3, [r4, #0]
10001f1c:	f3bf 8f5f 	dmb	sy
10001f20:	2100      	movs	r1, #0
10001f22:	6019      	str	r1, [r3, #0]
10001f24:	f387 8810 	msr	PRIMASK, r7
10001f28:	0010      	movs	r0, r2
10001f2a:	e7f5      	b.n	10001f18 <queue_remove_internal+0x78>

10001f2c <queue_init_with_spinlock>:
10001f2c:	b570      	push	{r4, r5, r6, lr}
10001f2e:	0004      	movs	r4, r0
10001f30:	000d      	movs	r5, r1
10001f32:	0016      	movs	r6, r2
10001f34:	0019      	movs	r1, r3
10001f36:	f7ff faaf 	bl	10001498 <lock_init>
10001f3a:	1c70      	adds	r0, r6, #1
10001f3c:	0029      	movs	r1, r5
10001f3e:	f000 ff61 	bl	10002e04 <__wrap_calloc>
10001f42:	6060      	str	r0, [r4, #4]
10001f44:	81e6      	strh	r6, [r4, #14]
10001f46:	81a5      	strh	r5, [r4, #12]
10001f48:	2300      	movs	r3, #0
10001f4a:	8123      	strh	r3, [r4, #8]
10001f4c:	8163      	strh	r3, [r4, #10]
10001f4e:	bd70      	pop	{r4, r5, r6, pc}

10001f50 <queue_try_add>:
10001f50:	b510      	push	{r4, lr}
10001f52:	2200      	movs	r2, #0
10001f54:	f7ff ff60 	bl	10001e18 <queue_add_internal>
10001f58:	bd10      	pop	{r4, pc}

10001f5a <queue_try_remove>:
10001f5a:	b510      	push	{r4, lr}
10001f5c:	2200      	movs	r2, #0
10001f5e:	f7ff ff9f 	bl	10001ea0 <queue_remove_internal>
10001f62:	bd10      	pop	{r4, pc}

10001f64 <uart_unreset>:
10001f64:	4b07      	ldr	r3, [pc, #28]	@ (10001f84 <uart_unreset+0x20>)
10001f66:	4298      	cmp	r0, r3
10001f68:	d00a      	beq.n	10001f80 <uart_unreset+0x1c>
10001f6a:	2316      	movs	r3, #22
10001f6c:	2201      	movs	r2, #1
10001f6e:	409a      	lsls	r2, r3
10001f70:	4b05      	ldr	r3, [pc, #20]	@ (10001f88 <uart_unreset+0x24>)
10001f72:	601a      	str	r2, [r3, #0]
10001f74:	4b05      	ldr	r3, [pc, #20]	@ (10001f8c <uart_unreset+0x28>)
10001f76:	681b      	ldr	r3, [r3, #0]
10001f78:	0011      	movs	r1, r2
10001f7a:	4399      	bics	r1, r3
10001f7c:	d1fa      	bne.n	10001f74 <uart_unreset+0x10>
10001f7e:	4770      	bx	lr
10001f80:	2317      	movs	r3, #23
10001f82:	e7f3      	b.n	10001f6c <uart_unreset+0x8>
10001f84:	40038000 	.word	0x40038000
10001f88:	4000f000 	.word	0x4000f000
10001f8c:	4000c008 	.word	0x4000c008

10001f90 <uart_disable_before_lcr_write>:
10001f90:	b570      	push	{r4, r5, r6, lr}
10001f92:	6b04      	ldr	r4, [r0, #48]	@ 0x30
10001f94:	07e3      	lsls	r3, r4, #31
10001f96:	d401      	bmi.n	10001f9c <uart_disable_before_lcr_write+0xc>
10001f98:	0020      	movs	r0, r4
10001f9a:	bd70      	pop	{r4, r5, r6, pc}
10001f9c:	4b0b      	ldr	r3, [pc, #44]	@ (10001fcc <uart_disable_before_lcr_write+0x3c>)
10001f9e:	18c3      	adds	r3, r0, r3
10001fa0:	4a0b      	ldr	r2, [pc, #44]	@ (10001fd0 <uart_disable_before_lcr_write+0x40>)
10001fa2:	601a      	str	r2, [r3, #0]
10001fa4:	6a45      	ldr	r5, [r0, #36]	@ 0x24
10001fa6:	6a83      	ldr	r3, [r0, #40]	@ 0x28
10001fa8:	01ad      	lsls	r5, r5, #6
10001faa:	18ed      	adds	r5, r5, r3
10001fac:	02ad      	lsls	r5, r5, #10
10001fae:	2006      	movs	r0, #6
10001fb0:	f000 f916 	bl	100021e0 <clock_get_hz>
10001fb4:	4907      	ldr	r1, [pc, #28]	@ (10001fd4 <uart_disable_before_lcr_write+0x44>)
10001fb6:	f000 fb1b 	bl	100025f0 <__wrap___aeabi_uidiv>
10001fba:	0001      	movs	r1, r0
10001fbc:	0028      	movs	r0, r5
10001fbe:	f000 fb17 	bl	100025f0 <__wrap___aeabi_uidiv>
10001fc2:	2100      	movs	r1, #0
10001fc4:	f7ff fefe 	bl	10001dc4 <busy_wait_us>
10001fc8:	e7e6      	b.n	10001f98 <uart_disable_before_lcr_write+0x8>
10001fca:	46c0      	nop			@ (mov r8, r8)
10001fcc:	00003030 	.word	0x00003030
10001fd0:	00000301 	.word	0x00000301
10001fd4:	00000e4e 	.word	0x00000e4e

10001fd8 <uart_write_lcr_bits_masked>:
10001fd8:	b570      	push	{r4, r5, r6, lr}
10001fda:	0004      	movs	r4, r0
10001fdc:	000e      	movs	r6, r1
10001fde:	0015      	movs	r5, r2
10001fe0:	f7ff ffd6 	bl	10001f90 <uart_disable_before_lcr_write>
10001fe4:	6ae3      	ldr	r3, [r4, #44]	@ 0x2c
10001fe6:	405e      	eors	r6, r3
10001fe8:	4035      	ands	r5, r6
10001fea:	4b02      	ldr	r3, [pc, #8]	@ (10001ff4 <uart_write_lcr_bits_masked+0x1c>)
10001fec:	18e3      	adds	r3, r4, r3
10001fee:	601d      	str	r5, [r3, #0]
10001ff0:	6320      	str	r0, [r4, #48]	@ 0x30
10001ff2:	bd70      	pop	{r4, r5, r6, pc}
10001ff4:	0000102c 	.word	0x0000102c

10001ff8 <uart_set_baudrate>:
10001ff8:	b570      	push	{r4, r5, r6, lr}
10001ffa:	0005      	movs	r5, r0
10001ffc:	000c      	movs	r4, r1
10001ffe:	2006      	movs	r0, #6
10002000:	f000 f8ee 	bl	100021e0 <clock_get_hz>
10002004:	00c0      	lsls	r0, r0, #3
10002006:	0021      	movs	r1, r4
10002008:	f000 faf2 	bl	100025f0 <__wrap___aeabi_uidiv>
1000200c:	3001      	adds	r0, #1
1000200e:	09c6      	lsrs	r6, r0, #7
10002010:	d007      	beq.n	10002022 <uart_set_baudrate+0x2a>
10002012:	4b0e      	ldr	r3, [pc, #56]	@ (1000204c <uart_set_baudrate+0x54>)
10002014:	429e      	cmp	r6, r3
10002016:	d815      	bhi.n	10002044 <uart_set_baudrate+0x4c>
10002018:	0840      	lsrs	r0, r0, #1
1000201a:	0034      	movs	r4, r6
1000201c:	263f      	movs	r6, #63	@ 0x3f
1000201e:	4006      	ands	r6, r0
10002020:	e000      	b.n	10002024 <uart_set_baudrate+0x2c>
10002022:	2401      	movs	r4, #1
10002024:	626c      	str	r4, [r5, #36]	@ 0x24
10002026:	62ae      	str	r6, [r5, #40]	@ 0x28
10002028:	2200      	movs	r2, #0
1000202a:	2100      	movs	r1, #0
1000202c:	0028      	movs	r0, r5
1000202e:	f7ff ffd3 	bl	10001fd8 <uart_write_lcr_bits_masked>
10002032:	2006      	movs	r0, #6
10002034:	f000 f8d4 	bl	100021e0 <clock_get_hz>
10002038:	0080      	lsls	r0, r0, #2
1000203a:	01a1      	lsls	r1, r4, #6
1000203c:	1989      	adds	r1, r1, r6
1000203e:	f000 fad7 	bl	100025f0 <__wrap___aeabi_uidiv>
10002042:	bd70      	pop	{r4, r5, r6, pc}
10002044:	2600      	movs	r6, #0
10002046:	4c02      	ldr	r4, [pc, #8]	@ (10002050 <uart_set_baudrate+0x58>)
10002048:	e7ec      	b.n	10002024 <uart_set_baudrate+0x2c>
1000204a:	46c0      	nop			@ (mov r8, r8)
1000204c:	0000fffe 	.word	0x0000fffe
10002050:	0000ffff 	.word	0x0000ffff

10002054 <uart_set_translate_crlf>:
10002054:	2900      	cmp	r1, #0
10002056:	d009      	beq.n	1000206c <uart_set_translate_crlf+0x18>
10002058:	220a      	movs	r2, #10
1000205a:	4b06      	ldr	r3, [pc, #24]	@ (10002074 <uart_set_translate_crlf+0x20>)
1000205c:	469c      	mov	ip, r3
1000205e:	4460      	add	r0, ip
10002060:	4243      	negs	r3, r0
10002062:	4158      	adcs	r0, r3
10002064:	4b04      	ldr	r3, [pc, #16]	@ (10002078 <uart_set_translate_crlf+0x24>)
10002066:	0040      	lsls	r0, r0, #1
10002068:	52c2      	strh	r2, [r0, r3]
1000206a:	4770      	bx	lr
1000206c:	2280      	movs	r2, #128	@ 0x80
1000206e:	0052      	lsls	r2, r2, #1
10002070:	e7f3      	b.n	1000205a <uart_set_translate_crlf+0x6>
10002072:	46c0      	nop			@ (mov r8, r8)
10002074:	bffc8000 	.word	0xbffc8000
10002078:	20000dcc 	.word	0x20000dcc

1000207c <uart_init>:
1000207c:	b570      	push	{r4, r5, r6, lr}
1000207e:	0004      	movs	r4, r0
10002080:	000d      	movs	r5, r1
10002082:	2006      	movs	r0, #6
10002084:	f000 f8ac 	bl	100021e0 <clock_get_hz>
10002088:	2800      	cmp	r0, #0
1000208a:	d01e      	beq.n	100020ca <uart_init+0x4e>
1000208c:	4b10      	ldr	r3, [pc, #64]	@ (100020d0 <uart_init+0x54>)
1000208e:	429c      	cmp	r4, r3
10002090:	d01c      	beq.n	100020cc <uart_init+0x50>
10002092:	2216      	movs	r2, #22
10002094:	2301      	movs	r3, #1
10002096:	4093      	lsls	r3, r2
10002098:	4a0e      	ldr	r2, [pc, #56]	@ (100020d4 <uart_init+0x58>)
1000209a:	6013      	str	r3, [r2, #0]
1000209c:	0020      	movs	r0, r4
1000209e:	f7ff ff61 	bl	10001f64 <uart_unreset>
100020a2:	2100      	movs	r1, #0
100020a4:	0020      	movs	r0, r4
100020a6:	f7ff ffd5 	bl	10002054 <uart_set_translate_crlf>
100020aa:	0029      	movs	r1, r5
100020ac:	0020      	movs	r0, r4
100020ae:	f7ff ffa3 	bl	10001ff8 <uart_set_baudrate>
100020b2:	6ae2      	ldr	r2, [r4, #44]	@ 0x2c
100020b4:	2370      	movs	r3, #112	@ 0x70
100020b6:	405a      	eors	r2, r3
100020b8:	330e      	adds	r3, #14
100020ba:	4013      	ands	r3, r2
100020bc:	4a06      	ldr	r2, [pc, #24]	@ (100020d8 <uart_init+0x5c>)
100020be:	18a2      	adds	r2, r4, r2
100020c0:	6013      	str	r3, [r2, #0]
100020c2:	4b06      	ldr	r3, [pc, #24]	@ (100020dc <uart_init+0x60>)
100020c4:	6323      	str	r3, [r4, #48]	@ 0x30
100020c6:	2303      	movs	r3, #3
100020c8:	64a3      	str	r3, [r4, #72]	@ 0x48
100020ca:	bd70      	pop	{r4, r5, r6, pc}
100020cc:	2217      	movs	r2, #23
100020ce:	e7e1      	b.n	10002094 <uart_init+0x18>
100020d0:	40038000 	.word	0x40038000
100020d4:	4000e000 	.word	0x4000e000
100020d8:	0000102c 	.word	0x0000102c
100020dc:	00000301 	.word	0x00000301

100020e0 <clock_configure_internal>:
100020e0:	b5f8      	push	{r3, r4, r5, r6, r7, lr}
100020e2:	46d6      	mov	lr, sl
100020e4:	4647      	mov	r7, r8
100020e6:	b580      	push	{r7, lr}
100020e8:	0006      	movs	r6, r0
100020ea:	000d      	movs	r5, r1
100020ec:	0017      	movs	r7, r2
100020ee:	4698      	mov	r8, r3
100020f0:	0044      	lsls	r4, r0, #1
100020f2:	1824      	adds	r4, r4, r0
100020f4:	00a4      	lsls	r4, r4, #2
100020f6:	4b29      	ldr	r3, [pc, #164]	@ (1000219c <clock_configure_internal+0xbc>)
100020f8:	469c      	mov	ip, r3
100020fa:	4464      	add	r4, ip
100020fc:	6863      	ldr	r3, [r4, #4]
100020fe:	9a08      	ldr	r2, [sp, #32]
10002100:	4293      	cmp	r3, r2
10002102:	d200      	bcs.n	10002106 <clock_configure_internal+0x26>
10002104:	6062      	str	r2, [r4, #4]
10002106:	1f33      	subs	r3, r6, #4
10002108:	b2db      	uxtb	r3, r3
1000210a:	469a      	mov	sl, r3
1000210c:	2b01      	cmp	r3, #1
1000210e:	d92e      	bls.n	1000216e <clock_configure_internal+0x8e>
10002110:	2280      	movs	r2, #128	@ 0x80
10002112:	0112      	lsls	r2, r2, #4
10002114:	23c0      	movs	r3, #192	@ 0xc0
10002116:	019b      	lsls	r3, r3, #6
10002118:	18e3      	adds	r3, r4, r3
1000211a:	601a      	str	r2, [r3, #0]
1000211c:	4b20      	ldr	r3, [pc, #128]	@ (100021a0 <clock_configure_internal+0xc0>)
1000211e:	00b2      	lsls	r2, r6, #2
10002120:	58d1      	ldr	r1, [r2, r3]
10002122:	2900      	cmp	r1, #0
10002124:	d007      	beq.n	10002136 <clock_configure_internal+0x56>
10002126:	6958      	ldr	r0, [r3, #20]
10002128:	f000 fa62 	bl	100025f0 <__wrap___aeabi_uidiv>
1000212c:	3001      	adds	r0, #1
1000212e:	0043      	lsls	r3, r0, #1
10002130:	181b      	adds	r3, r3, r0
10002132:	3b03      	subs	r3, #3
10002134:	d2fd      	bcs.n	10002132 <clock_configure_internal+0x52>
10002136:	017f      	lsls	r7, r7, #5
10002138:	6823      	ldr	r3, [r4, #0]
1000213a:	405f      	eors	r7, r3
1000213c:	23e0      	movs	r3, #224	@ 0xe0
1000213e:	403b      	ands	r3, r7
10002140:	2280      	movs	r2, #128	@ 0x80
10002142:	0152      	lsls	r2, r2, #5
10002144:	18a2      	adds	r2, r4, r2
10002146:	6013      	str	r3, [r2, #0]
10002148:	4653      	mov	r3, sl
1000214a:	2b01      	cmp	r3, #1
1000214c:	d91a      	bls.n	10002184 <clock_configure_internal+0xa4>
1000214e:	2380      	movs	r3, #128	@ 0x80
10002150:	019b      	lsls	r3, r3, #6
10002152:	18e3      	adds	r3, r4, r3
10002154:	2280      	movs	r2, #128	@ 0x80
10002156:	0112      	lsls	r2, r2, #4
10002158:	601a      	str	r2, [r3, #0]
1000215a:	9b08      	ldr	r3, [sp, #32]
1000215c:	6063      	str	r3, [r4, #4]
1000215e:	4b10      	ldr	r3, [pc, #64]	@ (100021a0 <clock_configure_internal+0xc0>)
10002160:	00b6      	lsls	r6, r6, #2
10002162:	4642      	mov	r2, r8
10002164:	50f2      	str	r2, [r6, r3]
10002166:	bcc0      	pop	{r6, r7}
10002168:	46ba      	mov	sl, r7
1000216a:	46b0      	mov	r8, r6
1000216c:	bdf8      	pop	{r3, r4, r5, r6, r7, pc}
1000216e:	2d01      	cmp	r5, #1
10002170:	d1ce      	bne.n	10002110 <clock_configure_internal+0x30>
10002172:	2203      	movs	r2, #3
10002174:	23c0      	movs	r3, #192	@ 0xc0
10002176:	019b      	lsls	r3, r3, #6
10002178:	18e3      	adds	r3, r4, r3
1000217a:	601a      	str	r2, [r3, #0]
1000217c:	68a3      	ldr	r3, [r4, #8]
1000217e:	07db      	lsls	r3, r3, #31
10002180:	d5fc      	bpl.n	1000217c <clock_configure_internal+0x9c>
10002182:	e7d8      	b.n	10002136 <clock_configure_internal+0x56>
10002184:	6821      	ldr	r1, [r4, #0]
10002186:	4069      	eors	r1, r5
10002188:	2303      	movs	r3, #3
1000218a:	400b      	ands	r3, r1
1000218c:	6013      	str	r3, [r2, #0]
1000218e:	68a3      	ldr	r3, [r4, #8]
10002190:	2201      	movs	r2, #1
10002192:	40aa      	lsls	r2, r5
10002194:	421a      	tst	r2, r3
10002196:	d0fa      	beq.n	1000218e <clock_configure_internal+0xae>
10002198:	e7d9      	b.n	1000214e <clock_configure_internal+0x6e>
1000219a:	46c0      	nop			@ (mov r8, r8)
1000219c:	40008000 	.word	0x40008000
100021a0:	20000b4c 	.word	0x20000b4c

100021a4 <clock_configure_int_divider>:
100021a4:	b5f0      	push	{r4, r5, r6, r7, lr}
100021a6:	b083      	sub	sp, #12
100021a8:	0005      	movs	r5, r0
100021aa:	000e      	movs	r6, r1
100021ac:	0017      	movs	r7, r2
100021ae:	0018      	movs	r0, r3
100021b0:	9908      	ldr	r1, [sp, #32]
100021b2:	f000 fa1d 	bl	100025f0 <__wrap___aeabi_uidiv>
100021b6:	0003      	movs	r3, r0
100021b8:	9a08      	ldr	r2, [sp, #32]
100021ba:	0214      	lsls	r4, r2, #8
100021bc:	9400      	str	r4, [sp, #0]
100021be:	003a      	movs	r2, r7
100021c0:	0031      	movs	r1, r6
100021c2:	0028      	movs	r0, r5
100021c4:	f7ff ff8c 	bl	100020e0 <clock_configure_internal>
100021c8:	b003      	add	sp, #12
100021ca:	bdf0      	pop	{r4, r5, r6, r7, pc}

100021cc <clock_configure_undivided>:
100021cc:	b510      	push	{r4, lr}
100021ce:	b082      	sub	sp, #8
100021d0:	2480      	movs	r4, #128	@ 0x80
100021d2:	0064      	lsls	r4, r4, #1
100021d4:	9400      	str	r4, [sp, #0]
100021d6:	f7ff ff83 	bl	100020e0 <clock_configure_internal>
100021da:	b002      	add	sp, #8
100021dc:	bd10      	pop	{r4, pc}
	...

100021e0 <clock_get_hz>:
100021e0:	4b01      	ldr	r3, [pc, #4]	@ (100021e8 <clock_get_hz+0x8>)
100021e2:	0080      	lsls	r0, r0, #2
100021e4:	58c0      	ldr	r0, [r0, r3]
100021e6:	4770      	bx	lr
100021e8:	20000b4c 	.word	0x20000b4c

100021ec <pll_init>:
100021ec:	b5f0      	push	{r4, r5, r6, r7, lr}
100021ee:	46c6      	mov	lr, r8
100021f0:	b500      	push	{lr}
100021f2:	0004      	movs	r4, r0
100021f4:	000e      	movs	r6, r1
100021f6:	0017      	movs	r7, r2
100021f8:	001d      	movs	r5, r3
100021fa:	4837      	ldr	r0, [pc, #220]	@ (100022d8 <pll_init+0xec>)
100021fc:	f000 f9f8 	bl	100025f0 <__wrap___aeabi_uidiv>
10002200:	4680      	mov	r8, r0
10002202:	4b36      	ldr	r3, [pc, #216]	@ (100022dc <pll_init+0xf0>)
10002204:	18fa      	adds	r2, r7, r3
10002206:	4b36      	ldr	r3, [pc, #216]	@ (100022e0 <pll_init+0xf4>)
10002208:	429a      	cmp	r2, r3
1000220a:	d839      	bhi.n	10002280 <pll_init+0x94>
1000220c:	0001      	movs	r1, r0
1000220e:	0038      	movs	r0, r7
10002210:	f000 f9ee 	bl	100025f0 <__wrap___aeabi_uidiv>
10002214:	0002      	movs	r2, r0
10002216:	3a10      	subs	r2, #16
10002218:	2398      	movs	r3, #152	@ 0x98
1000221a:	005b      	lsls	r3, r3, #1
1000221c:	429a      	cmp	r2, r3
1000221e:	d835      	bhi.n	1000228c <pll_init+0xa0>
10002220:	1e6b      	subs	r3, r5, #1
10002222:	2b06      	cmp	r3, #6
10002224:	d838      	bhi.n	10002298 <pll_init+0xac>
10002226:	9b06      	ldr	r3, [sp, #24]
10002228:	3b01      	subs	r3, #1
1000222a:	2b06      	cmp	r3, #6
1000222c:	d834      	bhi.n	10002298 <pll_init+0xac>
1000222e:	093f      	lsrs	r7, r7, #4
10002230:	4547      	cmp	r7, r8
10002232:	d337      	bcc.n	100022a4 <pll_init+0xb8>
10002234:	042d      	lsls	r5, r5, #16
10002236:	9b06      	ldr	r3, [sp, #24]
10002238:	031b      	lsls	r3, r3, #12
1000223a:	431d      	orrs	r5, r3
1000223c:	6823      	ldr	r3, [r4, #0]
1000223e:	2b00      	cmp	r3, #0
10002240:	db36      	blt.n	100022b0 <pll_init+0xc4>
10002242:	4b28      	ldr	r3, [pc, #160]	@ (100022e4 <pll_init+0xf8>)
10002244:	429c      	cmp	r4, r3
10002246:	d044      	beq.n	100022d2 <pll_init+0xe6>
10002248:	220c      	movs	r2, #12
1000224a:	2301      	movs	r3, #1
1000224c:	4093      	lsls	r3, r2
1000224e:	4a26      	ldr	r2, [pc, #152]	@ (100022e8 <pll_init+0xfc>)
10002250:	6013      	str	r3, [r2, #0]
10002252:	4a26      	ldr	r2, [pc, #152]	@ (100022ec <pll_init+0x100>)
10002254:	6013      	str	r3, [r2, #0]
10002256:	4a26      	ldr	r2, [pc, #152]	@ (100022f0 <pll_init+0x104>)
10002258:	6812      	ldr	r2, [r2, #0]
1000225a:	0019      	movs	r1, r3
1000225c:	4391      	bics	r1, r2
1000225e:	1e0a      	subs	r2, r1, #0
10002260:	d1f9      	bne.n	10002256 <pll_init+0x6a>
10002262:	6026      	str	r6, [r4, #0]
10002264:	60a0      	str	r0, [r4, #8]
10002266:	4b23      	ldr	r3, [pc, #140]	@ (100022f4 <pll_init+0x108>)
10002268:	18e3      	adds	r3, r4, r3
1000226a:	3221      	adds	r2, #33	@ 0x21
1000226c:	601a      	str	r2, [r3, #0]
1000226e:	6822      	ldr	r2, [r4, #0]
10002270:	2a00      	cmp	r2, #0
10002272:	dafc      	bge.n	1000226e <pll_init+0x82>
10002274:	60e5      	str	r5, [r4, #12]
10002276:	2208      	movs	r2, #8
10002278:	601a      	str	r2, [r3, #0]
1000227a:	bc80      	pop	{r7}
1000227c:	46b8      	mov	r8, r7
1000227e:	bdf0      	pop	{r4, r5, r6, r7, pc}
10002280:	4b1d      	ldr	r3, [pc, #116]	@ (100022f8 <pll_init+0x10c>)
10002282:	4a1e      	ldr	r2, [pc, #120]	@ (100022fc <pll_init+0x110>)
10002284:	481e      	ldr	r0, [pc, #120]	@ (10002300 <pll_init+0x114>)
10002286:	2111      	movs	r1, #17
10002288:	f001 fef4 	bl	10004074 <__assert_func>
1000228c:	4b1d      	ldr	r3, [pc, #116]	@ (10002304 <pll_init+0x118>)
1000228e:	4a1b      	ldr	r2, [pc, #108]	@ (100022fc <pll_init+0x110>)
10002290:	481b      	ldr	r0, [pc, #108]	@ (10002300 <pll_init+0x114>)
10002292:	2119      	movs	r1, #25
10002294:	f001 feee 	bl	10004074 <__assert_func>
10002298:	4b1b      	ldr	r3, [pc, #108]	@ (10002308 <pll_init+0x11c>)
1000229a:	4a18      	ldr	r2, [pc, #96]	@ (100022fc <pll_init+0x110>)
1000229c:	4818      	ldr	r0, [pc, #96]	@ (10002300 <pll_init+0x114>)
1000229e:	211c      	movs	r1, #28
100022a0:	f001 fee8 	bl	10004074 <__assert_func>
100022a4:	4b19      	ldr	r3, [pc, #100]	@ (1000230c <pll_init+0x120>)
100022a6:	4a15      	ldr	r2, [pc, #84]	@ (100022fc <pll_init+0x110>)
100022a8:	4815      	ldr	r0, [pc, #84]	@ (10002300 <pll_init+0x114>)
100022aa:	2123      	movs	r1, #35	@ 0x23
100022ac:	f001 fee2 	bl	10004074 <__assert_func>
100022b0:	6822      	ldr	r2, [r4, #0]
100022b2:	233f      	movs	r3, #63	@ 0x3f
100022b4:	4013      	ands	r3, r2
100022b6:	42b3      	cmp	r3, r6
100022b8:	d1c3      	bne.n	10002242 <pll_init+0x56>
100022ba:	68a3      	ldr	r3, [r4, #8]
100022bc:	051b      	lsls	r3, r3, #20
100022be:	0d1b      	lsrs	r3, r3, #20
100022c0:	4283      	cmp	r3, r0
100022c2:	d1be      	bne.n	10002242 <pll_init+0x56>
100022c4:	68e3      	ldr	r3, [r4, #12]
100022c6:	22ee      	movs	r2, #238	@ 0xee
100022c8:	02d2      	lsls	r2, r2, #11
100022ca:	4013      	ands	r3, r2
100022cc:	42ab      	cmp	r3, r5
100022ce:	d1b8      	bne.n	10002242 <pll_init+0x56>
100022d0:	e7d3      	b.n	1000227a <pll_init+0x8e>
100022d2:	220d      	movs	r2, #13
100022d4:	e7b9      	b.n	1000224a <pll_init+0x5e>
100022d6:	46c0      	nop			@ (mov r8, r8)
100022d8:	00b71b00 	.word	0x00b71b00
100022dc:	d34be880 	.word	0xd34be880
100022e0:	32a9f880 	.word	0x32a9f880
100022e4:	4002c000 	.word	0x4002c000
100022e8:	4000e000 	.word	0x4000e000
100022ec:	4000f000 	.word	0x4000f000
100022f0:	4000c008 	.word	0x4000c008
100022f4:	00003004 	.word	0x00003004
100022f8:	10005b40 	.word	0x10005b40
100022fc:	10005ff0 	.word	0x10005ff0
10002300:	10005b90 	.word	0x10005b90
10002304:	10005bc4 	.word	0x10005bc4
10002308:	10005be0 	.word	0x10005be0
1000230c:	10005c2c 	.word	0x10005c2c

10002310 <tick_start>:
10002310:	2380      	movs	r3, #128	@ 0x80
10002312:	009b      	lsls	r3, r3, #2
10002314:	430b      	orrs	r3, r1
10002316:	4a01      	ldr	r2, [pc, #4]	@ (1000231c <tick_start+0xc>)
10002318:	62d3      	str	r3, [r2, #44]	@ 0x2c
1000231a:	4770      	bx	lr
1000231c:	40058000 	.word	0x40058000

10002320 <rom_func_lookup>:
10002320:	b510      	push	{r4, lr}
10002322:	0001      	movs	r1, r0
10002324:	2318      	movs	r3, #24
10002326:	881b      	ldrh	r3, [r3, #0]
10002328:	2214      	movs	r2, #20
1000232a:	8810      	ldrh	r0, [r2, #0]
1000232c:	4798      	blx	r3
1000232e:	bd10      	pop	{r4, pc}

10002330 <rom_data_lookup>:
10002330:	b510      	push	{r4, lr}
10002332:	0001      	movs	r1, r0
10002334:	2318      	movs	r3, #24
10002336:	881b      	ldrh	r3, [r3, #0]
10002338:	2216      	movs	r2, #22
1000233a:	8810      	ldrh	r0, [r2, #0]
1000233c:	4798      	blx	r3
1000233e:	bd10      	pop	{r4, pc}

10002340 <rom_funcs_lookup>:
10002340:	b5f0      	push	{r4, r5, r6, r7, lr}
10002342:	46c6      	mov	lr, r8
10002344:	b500      	push	{lr}
10002346:	0007      	movs	r7, r0
10002348:	000e      	movs	r6, r1
1000234a:	2500      	movs	r5, #0
1000234c:	2301      	movs	r3, #1
1000234e:	4698      	mov	r8, r3
10002350:	e000      	b.n	10002354 <rom_funcs_lookup+0x14>
10002352:	3501      	adds	r5, #1
10002354:	42b5      	cmp	r5, r6
10002356:	d20a      	bcs.n	1000236e <rom_funcs_lookup+0x2e>
10002358:	00ac      	lsls	r4, r5, #2
1000235a:	193c      	adds	r4, r7, r4
1000235c:	6820      	ldr	r0, [r4, #0]
1000235e:	f7ff ffdf 	bl	10002320 <rom_func_lookup>
10002362:	6020      	str	r0, [r4, #0]
10002364:	2800      	cmp	r0, #0
10002366:	d1f4      	bne.n	10002352 <rom_funcs_lookup+0x12>
10002368:	2300      	movs	r3, #0
1000236a:	4698      	mov	r8, r3
1000236c:	e7f1      	b.n	10002352 <rom_funcs_lookup+0x12>
1000236e:	4640      	mov	r0, r8
10002370:	bc80      	pop	{r7}
10002372:	46b8      	mov	r8, r7
10002374:	bdf0      	pop	{r4, r5, r6, r7, pc}
	...

10002378 <xosc_init>:
10002378:	4b07      	ldr	r3, [pc, #28]	@ (10002398 <xosc_init+0x20>)
1000237a:	22aa      	movs	r2, #170	@ 0xaa
1000237c:	0112      	lsls	r2, r2, #4
1000237e:	601a      	str	r2, [r3, #0]
10002380:	228d      	movs	r2, #141	@ 0x8d
10002382:	0052      	lsls	r2, r2, #1
10002384:	60da      	str	r2, [r3, #12]
10002386:	4b05      	ldr	r3, [pc, #20]	@ (1000239c <xosc_init+0x24>)
10002388:	4a05      	ldr	r2, [pc, #20]	@ (100023a0 <xosc_init+0x28>)
1000238a:	601a      	str	r2, [r3, #0]
1000238c:	4b02      	ldr	r3, [pc, #8]	@ (10002398 <xosc_init+0x20>)
1000238e:	685b      	ldr	r3, [r3, #4]
10002390:	2b00      	cmp	r3, #0
10002392:	dafb      	bge.n	1000238c <xosc_init+0x14>
10002394:	4770      	bx	lr
10002396:	46c0      	nop			@ (mov r8, r8)
10002398:	40024000 	.word	0x40024000
1000239c:	40026000 	.word	0x40026000
100023a0:	00fab000 	.word	0x00fab000

100023a4 <runtime_run_initializers_from>:
100023a4:	b510      	push	{r4, lr}
100023a6:	0004      	movs	r4, r0
100023a8:	e001      	b.n	100023ae <runtime_run_initializers_from+0xa>
100023aa:	cc08      	ldmia	r4!, {r3}
100023ac:	4798      	blx	r3
100023ae:	4b02      	ldr	r3, [pc, #8]	@ (100023b8 <runtime_run_initializers_from+0x14>)
100023b0:	429c      	cmp	r4, r3
100023b2:	d3fa      	bcc.n	100023aa <runtime_run_initializers_from+0x6>
100023b4:	bd10      	pop	{r4, pc}
100023b6:	46c0      	nop			@ (mov r8, r8)
100023b8:	100055a4 	.word	0x100055a4

100023bc <first_per_core_initializer>:
100023bc:	4770      	bx	lr
	...

100023c0 <runtime_run_initializers>:
100023c0:	b510      	push	{r4, lr}
100023c2:	4802      	ldr	r0, [pc, #8]	@ (100023cc <runtime_run_initializers+0xc>)
100023c4:	f7ff ffee 	bl	100023a4 <runtime_run_initializers_from>
100023c8:	bd10      	pop	{r4, pc}
100023ca:	46c0      	nop			@ (mov r8, r8)
100023cc:	10005568 	.word	0x10005568

100023d0 <runtime_init_early_resets>:
100023d0:	4b05      	ldr	r3, [pc, #20]	@ (100023e8 <runtime_init_early_resets+0x18>)
100023d2:	4a06      	ldr	r2, [pc, #24]	@ (100023ec <runtime_init_early_resets+0x1c>)
100023d4:	601a      	str	r2, [r3, #0]
100023d6:	4b06      	ldr	r3, [pc, #24]	@ (100023f0 <runtime_init_early_resets+0x20>)
100023d8:	4a06      	ldr	r2, [pc, #24]	@ (100023f4 <runtime_init_early_resets+0x24>)
100023da:	601a      	str	r2, [r3, #0]
100023dc:	4b06      	ldr	r3, [pc, #24]	@ (100023f8 <runtime_init_early_resets+0x28>)
100023de:	681a      	ldr	r2, [r3, #0]
100023e0:	4b04      	ldr	r3, [pc, #16]	@ (100023f4 <runtime_init_early_resets+0x24>)
100023e2:	4393      	bics	r3, r2
100023e4:	d1fa      	bne.n	100023dc <runtime_init_early_resets+0xc>
100023e6:	4770      	bx	lr
100023e8:	4000e000 	.word	0x4000e000
100023ec:	fefbcdbf 	.word	0xfefbcdbf
100023f0:	4000f000 	.word	0x4000f000
100023f4:	003c7ffe 	.word	0x003c7ffe
100023f8:	4000c008 	.word	0x4000c008

100023fc <runtime_init_usb_power_down>:
100023fc:	4b04      	ldr	r3, [pc, #16]	@ (10002410 <runtime_init_usb_power_down+0x14>)
100023fe:	6cdb      	ldr	r3, [r3, #76]	@ 0x4c
10002400:	2b00      	cmp	r3, #0
10002402:	d103      	bne.n	1000240c <runtime_init_usb_power_down+0x10>
10002404:	4b03      	ldr	r3, [pc, #12]	@ (10002414 <runtime_init_usb_power_down+0x18>)
10002406:	2280      	movs	r2, #128	@ 0x80
10002408:	02d2      	lsls	r2, r2, #11
1000240a:	601a      	str	r2, [r3, #0]
1000240c:	4770      	bx	lr
1000240e:	46c0      	nop			@ (mov r8, r8)
10002410:	50110000 	.word	0x50110000
10002414:	5011204c 	.word	0x5011204c

10002418 <runtime_init_post_clock_resets>:
10002418:	4b04      	ldr	r3, [pc, #16]	@ (1000242c <runtime_init_post_clock_resets+0x14>)
1000241a:	4a05      	ldr	r2, [pc, #20]	@ (10002430 <runtime_init_post_clock_resets+0x18>)
1000241c:	601a      	str	r2, [r3, #0]
1000241e:	4b05      	ldr	r3, [pc, #20]	@ (10002434 <runtime_init_post_clock_resets+0x1c>)
10002420:	681b      	ldr	r3, [r3, #0]
10002422:	43db      	mvns	r3, r3
10002424:	01db      	lsls	r3, r3, #7
10002426:	d1fa      	bne.n	1000241e <runtime_init_post_clock_resets+0x6>
10002428:	4770      	bx	lr
1000242a:	46c0      	nop			@ (mov r8, r8)
1000242c:	4000f000 	.word	0x4000f000
10002430:	01ffffff 	.word	0x01ffffff
10002434:	4000c008 	.word	0x4000c008

10002438 <runtime_init_rp2040_gpio_ie_disable>:
10002438:	4b03      	ldr	r3, [pc, #12]	@ (10002448 <runtime_init_rp2040_gpio_ie_disable+0x10>)
1000243a:	2240      	movs	r2, #64	@ 0x40
1000243c:	679a      	str	r2, [r3, #120]	@ 0x78
1000243e:	675a      	str	r2, [r3, #116]	@ 0x74
10002440:	671a      	str	r2, [r3, #112]	@ 0x70
10002442:	66da      	str	r2, [r3, #108]	@ 0x6c
10002444:	4770      	bx	lr
10002446:	46c0      	nop			@ (mov r8, r8)
10002448:	4001f000 	.word	0x4001f000

1000244c <runtime_init_spin_locks_reset>:
1000244c:	b510      	push	{r4, lr}
1000244e:	f7fe fcdf 	bl	10000e10 <spin_locks_reset>
10002452:	bd10      	pop	{r4, pc}

10002454 <runtime_init_install_ram_vector_table>:
10002454:	b510      	push	{r4, lr}
10002456:	4a0c      	ldr	r2, [pc, #48]	@ (10002488 <runtime_init_install_ram_vector_table+0x34>)
10002458:	4b0c      	ldr	r3, [pc, #48]	@ (1000248c <runtime_init_install_ram_vector_table+0x38>)
1000245a:	1ad2      	subs	r2, r2, r3
1000245c:	1092      	asrs	r2, r2, #2
1000245e:	0014      	movs	r4, r2
10002460:	2a30      	cmp	r2, #48	@ 0x30
10002462:	d900      	bls.n	10002466 <runtime_init_install_ram_vector_table+0x12>
10002464:	2230      	movs	r2, #48	@ 0x30
10002466:	0092      	lsls	r2, r2, #2
10002468:	4809      	ldr	r0, [pc, #36]	@ (10002490 <runtime_init_install_ram_vector_table+0x3c>)
1000246a:	4908      	ldr	r1, [pc, #32]	@ (1000248c <runtime_init_install_ram_vector_table+0x38>)
1000246c:	f000 fce4 	bl	10002e38 <__wrap___aeabi_memcpy>
10002470:	e004      	b.n	1000247c <runtime_init_install_ram_vector_table+0x28>
10002472:	4a08      	ldr	r2, [pc, #32]	@ (10002494 <runtime_init_install_ram_vector_table+0x40>)
10002474:	4b06      	ldr	r3, [pc, #24]	@ (10002490 <runtime_init_install_ram_vector_table+0x3c>)
10002476:	00a1      	lsls	r1, r4, #2
10002478:	50ca      	str	r2, [r1, r3]
1000247a:	3401      	adds	r4, #1
1000247c:	2c2f      	cmp	r4, #47	@ 0x2f
1000247e:	d9f8      	bls.n	10002472 <runtime_init_install_ram_vector_table+0x1e>
10002480:	4b03      	ldr	r3, [pc, #12]	@ (10002490 <runtime_init_install_ram_vector_table+0x3c>)
10002482:	4a05      	ldr	r2, [pc, #20]	@ (10002498 <runtime_init_install_ram_vector_table+0x44>)
10002484:	6093      	str	r3, [r2, #8]
10002486:	bd10      	pop	{r4, pc}
10002488:	100001c0 	.word	0x100001c0
1000248c:	10000100 	.word	0x10000100
10002490:	20000000 	.word	0x20000000
10002494:	100001c1 	.word	0x100001c1
10002498:	e000ed00 	.word	0xe000ed00

1000249c <start_all_ticks>:
1000249c:	b570      	push	{r4, r5, r6, lr}
1000249e:	2004      	movs	r0, #4
100024a0:	f7ff fe9e 	bl	100021e0 <clock_get_hz>
100024a4:	4906      	ldr	r1, [pc, #24]	@ (100024c0 <start_all_ticks+0x24>)
100024a6:	f000 f8a3 	bl	100025f0 <__wrap___aeabi_uidiv>
100024aa:	0005      	movs	r5, r0
100024ac:	2400      	movs	r4, #0
100024ae:	2c00      	cmp	r4, #0
100024b0:	dd00      	ble.n	100024b4 <start_all_ticks+0x18>
100024b2:	bd70      	pop	{r4, r5, r6, pc}
100024b4:	b2e0      	uxtb	r0, r4
100024b6:	0029      	movs	r1, r5
100024b8:	f7ff ff2a 	bl	10002310 <tick_start>
100024bc:	3401      	adds	r4, #1
100024be:	e7f6      	b.n	100024ae <start_all_ticks+0x12>
100024c0:	000f4240 	.word	0x000f4240

100024c4 <runtime_init_clocks>:
100024c4:	b530      	push	{r4, r5, lr}
100024c6:	b083      	sub	sp, #12
100024c8:	4b27      	ldr	r3, [pc, #156]	@ (10002568 <runtime_init_clocks+0xa4>)
100024ca:	2200      	movs	r2, #0
100024cc:	679a      	str	r2, [r3, #120]	@ 0x78
100024ce:	f7ff ff53 	bl	10002378 <xosc_init>
100024d2:	4b26      	ldr	r3, [pc, #152]	@ (1000256c <runtime_init_clocks+0xa8>)
100024d4:	2201      	movs	r2, #1
100024d6:	601a      	str	r2, [r3, #0]
100024d8:	4b23      	ldr	r3, [pc, #140]	@ (10002568 <runtime_init_clocks+0xa4>)
100024da:	6c5b      	ldr	r3, [r3, #68]	@ 0x44
100024dc:	2b01      	cmp	r3, #1
100024de:	d1fb      	bne.n	100024d8 <runtime_init_clocks+0x14>
100024e0:	4b23      	ldr	r3, [pc, #140]	@ (10002570 <runtime_init_clocks+0xac>)
100024e2:	2203      	movs	r2, #3
100024e4:	601a      	str	r2, [r3, #0]
100024e6:	4b20      	ldr	r3, [pc, #128]	@ (10002568 <runtime_init_clocks+0xa4>)
100024e8:	6b9b      	ldr	r3, [r3, #56]	@ 0x38
100024ea:	2b01      	cmp	r3, #1
100024ec:	d1fb      	bne.n	100024e6 <runtime_init_clocks+0x22>
100024ee:	3301      	adds	r3, #1
100024f0:	9300      	str	r3, [sp, #0]
100024f2:	3304      	adds	r3, #4
100024f4:	4a1f      	ldr	r2, [pc, #124]	@ (10002574 <runtime_init_clocks+0xb0>)
100024f6:	2101      	movs	r1, #1
100024f8:	481f      	ldr	r0, [pc, #124]	@ (10002578 <runtime_init_clocks+0xb4>)
100024fa:	f7ff fe77 	bl	100021ec <pll_init>
100024fe:	2305      	movs	r3, #5
10002500:	9300      	str	r3, [sp, #0]
10002502:	4a1e      	ldr	r2, [pc, #120]	@ (1000257c <runtime_init_clocks+0xb8>)
10002504:	2101      	movs	r1, #1
10002506:	481e      	ldr	r0, [pc, #120]	@ (10002580 <runtime_init_clocks+0xbc>)
10002508:	f7ff fe70 	bl	100021ec <pll_init>
1000250c:	4b1d      	ldr	r3, [pc, #116]	@ (10002584 <runtime_init_clocks+0xc0>)
1000250e:	2200      	movs	r2, #0
10002510:	2102      	movs	r1, #2
10002512:	2004      	movs	r0, #4
10002514:	f7ff fe5a 	bl	100021cc <clock_configure_undivided>
10002518:	4d1b      	ldr	r5, [pc, #108]	@ (10002588 <runtime_init_clocks+0xc4>)
1000251a:	002b      	movs	r3, r5
1000251c:	2200      	movs	r2, #0
1000251e:	2101      	movs	r1, #1
10002520:	2005      	movs	r0, #5
10002522:	f7ff fe53 	bl	100021cc <clock_configure_undivided>
10002526:	4c19      	ldr	r4, [pc, #100]	@ (1000258c <runtime_init_clocks+0xc8>)
10002528:	0023      	movs	r3, r4
1000252a:	2200      	movs	r2, #0
1000252c:	2100      	movs	r1, #0
1000252e:	2007      	movs	r0, #7
10002530:	f7ff fe4c 	bl	100021cc <clock_configure_undivided>
10002534:	0023      	movs	r3, r4
10002536:	2200      	movs	r2, #0
10002538:	2100      	movs	r1, #0
1000253a:	2008      	movs	r0, #8
1000253c:	f7ff fe46 	bl	100021cc <clock_configure_undivided>
10002540:	2380      	movs	r3, #128	@ 0x80
10002542:	00db      	lsls	r3, r3, #3
10002544:	9300      	str	r3, [sp, #0]
10002546:	0023      	movs	r3, r4
10002548:	2200      	movs	r2, #0
1000254a:	2100      	movs	r1, #0
1000254c:	2009      	movs	r0, #9
1000254e:	f7ff fe29 	bl	100021a4 <clock_configure_int_divider>
10002552:	002b      	movs	r3, r5
10002554:	2200      	movs	r2, #0
10002556:	2100      	movs	r1, #0
10002558:	2006      	movs	r0, #6
1000255a:	f7ff fe37 	bl	100021cc <clock_configure_undivided>
1000255e:	f7ff ff9d 	bl	1000249c <start_all_ticks>
10002562:	b003      	add	sp, #12
10002564:	bd30      	pop	{r4, r5, pc}
10002566:	46c0      	nop			@ (mov r8, r8)
10002568:	40008000 	.word	0x40008000
1000256c:	4000b03c 	.word	0x4000b03c
10002570:	4000b030 	.word	0x4000b030
10002574:	59682f00 	.word	0x59682f00
10002578:	40028000 	.word	0x40028000
1000257c:	47868c00 	.word	0x47868c00
10002580:	4002c000 	.word	0x4002c000
10002584:	00b71b00 	.word	0x00b71b00
10002588:	07735940 	.word	0x07735940
1000258c:	02dc6c00 	.word	0x02dc6c00

10002590 <__aeabi_bits_init>:
10002590:	4801      	ldr	r0, [pc, #4]	@ (10002598 <__aeabi_bits_init+0x8>)
10002592:	2104      	movs	r1, #4
10002594:	4b01      	ldr	r3, [pc, #4]	@ (1000259c <__aeabi_bits_init+0xc>)
10002596:	4718      	bx	r3
10002598:	200002b0 	.word	0x200002b0
1000259c:	10002341 	.word	0x10002341

100025a0 <__wrap___aeabi_idiv>:
100025a0:	4a12      	ldr	r2, [pc, #72]	@ (100025ec <divmod_s32s32_savestate+0x18>)
100025a2:	6f93      	ldr	r3, [r2, #120]	@ 0x78
100025a4:	089b      	lsrs	r3, r3, #2
100025a6:	d215      	bcs.n	100025d4 <divmod_s32s32_savestate>

100025a8 <divmod_s32s32_unsafe>:
100025a8:	6690      	str	r0, [r2, #104]	@ 0x68
100025aa:	66d1      	str	r1, [r2, #108]	@ 0x6c
100025ac:	2900      	cmp	r1, #0
100025ae:	d005      	beq.n	100025bc <divmod_s32s32_unsafe+0x14>
100025b0:	e7ff      	b.n	100025b2 <divmod_s32s32_unsafe+0xa>
100025b2:	e7ff      	b.n	100025b4 <divmod_s32s32_unsafe+0xc>
100025b4:	e7ff      	b.n	100025b6 <divmod_s32s32_unsafe+0xe>
100025b6:	6f51      	ldr	r1, [r2, #116]	@ 0x74
100025b8:	6f10      	ldr	r0, [r2, #112]	@ 0x70
100025ba:	4770      	bx	lr
100025bc:	b504      	push	{r2, lr}
100025be:	2180      	movs	r1, #128	@ 0x80
100025c0:	0609      	lsls	r1, r1, #24
100025c2:	17c2      	asrs	r2, r0, #31
100025c4:	4051      	eors	r1, r2
100025c6:	2800      	cmp	r0, #0
100025c8:	d000      	beq.n	100025cc <divmod_s32s32_unsafe+0x24>
100025ca:	43c8      	mvns	r0, r1
100025cc:	f002 ffbc 	bl	10005548 <____aeabi_idiv0_veneer>
100025d0:	2100      	movs	r1, #0
100025d2:	bd04      	pop	{r2, pc}

100025d4 <divmod_s32s32_savestate>:
100025d4:	b5f0      	push	{r4, r5, r6, r7, lr}
100025d6:	6e14      	ldr	r4, [r2, #96]	@ 0x60
100025d8:	6e55      	ldr	r5, [r2, #100]	@ 0x64
100025da:	6f57      	ldr	r7, [r2, #116]	@ 0x74
100025dc:	6f16      	ldr	r6, [r2, #112]	@ 0x70
100025de:	f7ff ffe3 	bl	100025a8 <divmod_s32s32_unsafe>
100025e2:	6614      	str	r4, [r2, #96]	@ 0x60
100025e4:	6655      	str	r5, [r2, #100]	@ 0x64
100025e6:	6757      	str	r7, [r2, #116]	@ 0x74
100025e8:	6716      	str	r6, [r2, #112]	@ 0x70
100025ea:	bdf0      	pop	{r4, r5, r6, r7, pc}
100025ec:	d0000000 	.word	0xd0000000

100025f0 <__wrap___aeabi_uidiv>:
100025f0:	4a11      	ldr	r2, [pc, #68]	@ (10002638 <divmod_u32u32_savestate+0x18>)
100025f2:	6f93      	ldr	r3, [r2, #120]	@ 0x78
100025f4:	089b      	lsrs	r3, r3, #2
100025f6:	d213      	bcs.n	10002620 <divmod_u32u32_savestate>

100025f8 <divmod_u32u32_unsafe>:
100025f8:	6610      	str	r0, [r2, #96]	@ 0x60
100025fa:	6651      	str	r1, [r2, #100]	@ 0x64
100025fc:	2900      	cmp	r1, #0
100025fe:	d005      	beq.n	1000260c <divmod_u32u32_unsafe+0x14>
10002600:	e7ff      	b.n	10002602 <divmod_u32u32_unsafe+0xa>
10002602:	e7ff      	b.n	10002604 <divmod_u32u32_unsafe+0xc>
10002604:	e7ff      	b.n	10002606 <divmod_u32u32_unsafe+0xe>
10002606:	6f51      	ldr	r1, [r2, #116]	@ 0x74
10002608:	6f10      	ldr	r0, [r2, #112]	@ 0x70
1000260a:	4770      	bx	lr
1000260c:	b504      	push	{r2, lr}
1000260e:	2800      	cmp	r0, #0
10002610:	d001      	beq.n	10002616 <divmod_u32u32_unsafe+0x1e>
10002612:	2000      	movs	r0, #0
10002614:	43c0      	mvns	r0, r0
10002616:	f002 ff97 	bl	10005548 <____aeabi_idiv0_veneer>
1000261a:	2100      	movs	r1, #0
1000261c:	bd04      	pop	{r2, pc}
1000261e:	46c0      	nop			@ (mov r8, r8)

10002620 <divmod_u32u32_savestate>:
10002620:	b5f0      	push	{r4, r5, r6, r7, lr}
10002622:	6e14      	ldr	r4, [r2, #96]	@ 0x60
10002624:	6e55      	ldr	r5, [r2, #100]	@ 0x64
10002626:	6f57      	ldr	r7, [r2, #116]	@ 0x74
10002628:	6f16      	ldr	r6, [r2, #112]	@ 0x70
1000262a:	f7ff ffe5 	bl	100025f8 <divmod_u32u32_unsafe>
1000262e:	6614      	str	r4, [r2, #96]	@ 0x60
10002630:	6655      	str	r5, [r2, #100]	@ 0x64
10002632:	6757      	str	r7, [r2, #116]	@ 0x74
10002634:	6716      	str	r6, [r2, #112]	@ 0x70
10002636:	bdf0      	pop	{r4, r5, r6, r7, pc}
10002638:	d0000000 	.word	0xd0000000

1000263c <__wrap___aeabi_ldivmod>:
1000263c:	4694      	mov	ip, r2
1000263e:	4a4a      	ldr	r2, [pc, #296]	@ (10002768 <udiv0+0x1a>)
10002640:	6f92      	ldr	r2, [r2, #120]	@ 0x78
10002642:	0892      	lsrs	r2, r2, #2
10002644:	4662      	mov	r2, ip
10002646:	d201      	bcs.n	1000264c <divmod_s64s64_savestate>
10002648:	e028      	b.n	1000269c <divmod_s64s64_unsafe>
1000264a:	46c0      	nop			@ (mov r8, r8)

1000264c <divmod_s64s64_savestate>:
1000264c:	b5f0      	push	{r4, r5, r6, r7, lr}
1000264e:	4e46      	ldr	r6, [pc, #280]	@ (10002768 <udiv0+0x1a>)
10002650:	6e34      	ldr	r4, [r6, #96]	@ 0x60
10002652:	6e75      	ldr	r5, [r6, #100]	@ 0x64
10002654:	6f77      	ldr	r7, [r6, #116]	@ 0x74
10002656:	6f36      	ldr	r6, [r6, #112]	@ 0x70
10002658:	f000 f820 	bl	1000269c <divmod_s64s64_unsafe>
1000265c:	4694      	mov	ip, r2
1000265e:	4a42      	ldr	r2, [pc, #264]	@ (10002768 <udiv0+0x1a>)
10002660:	6614      	str	r4, [r2, #96]	@ 0x60
10002662:	6655      	str	r5, [r2, #100]	@ 0x64
10002664:	6757      	str	r7, [r2, #116]	@ 0x74
10002666:	6716      	str	r6, [r2, #112]	@ 0x70
10002668:	4662      	mov	r2, ip
1000266a:	bdf0      	pop	{r4, r5, r6, r7, pc}

1000266c <__wrap___aeabi_uldivmod>:
1000266c:	4694      	mov	ip, r2
1000266e:	4a3e      	ldr	r2, [pc, #248]	@ (10002768 <udiv0+0x1a>)
10002670:	6f92      	ldr	r2, [r2, #120]	@ 0x78
10002672:	0892      	lsrs	r2, r2, #2
10002674:	4662      	mov	r2, ip
10002676:	d201      	bcs.n	1000267c <divmod_u64u64_savestate>
10002678:	e054      	b.n	10002724 <divmod_u64u64_unsafe>
1000267a:	46c0      	nop			@ (mov r8, r8)

1000267c <divmod_u64u64_savestate>:
1000267c:	b5f0      	push	{r4, r5, r6, r7, lr}
1000267e:	4e3a      	ldr	r6, [pc, #232]	@ (10002768 <udiv0+0x1a>)
10002680:	6e34      	ldr	r4, [r6, #96]	@ 0x60
10002682:	6e75      	ldr	r5, [r6, #100]	@ 0x64
10002684:	6f77      	ldr	r7, [r6, #116]	@ 0x74
10002686:	6f36      	ldr	r6, [r6, #112]	@ 0x70
10002688:	f000 f84c 	bl	10002724 <divmod_u64u64_unsafe>
1000268c:	4694      	mov	ip, r2
1000268e:	4a36      	ldr	r2, [pc, #216]	@ (10002768 <udiv0+0x1a>)
10002690:	6614      	str	r4, [r2, #96]	@ 0x60
10002692:	6655      	str	r5, [r2, #100]	@ 0x64
10002694:	6757      	str	r7, [r2, #116]	@ 0x74
10002696:	6716      	str	r6, [r2, #112]	@ 0x70
10002698:	4662      	mov	r2, ip
1000269a:	bdf0      	pop	{r4, r5, r6, r7, pc}

1000269c <divmod_s64s64_unsafe>:
1000269c:	2b00      	cmp	r3, #0
1000269e:	db24      	blt.n	100026ea <l42_1+0x26>
100026a0:	d011      	beq.n	100026c6 <l42_1+0x2>
100026a2:	2900      	cmp	r1, #0
100026a4:	da3e      	bge.n	10002724 <divmod_u64u64_unsafe>
100026a6:	b500      	push	{lr}
100026a8:	43c9      	mvns	r1, r1
100026aa:	4240      	negs	r0, r0
100026ac:	d100      	bne.n	100026b0 <l40_1>
100026ae:	3101      	adds	r1, #1

100026b0 <l40_1>:
100026b0:	f000 f838 	bl	10002724 <divmod_u64u64_unsafe>
100026b4:	43c9      	mvns	r1, r1
100026b6:	4240      	negs	r0, r0
100026b8:	d100      	bne.n	100026bc <l41_1>
100026ba:	3101      	adds	r1, #1

100026bc <l41_1>:
100026bc:	43db      	mvns	r3, r3
100026be:	4252      	negs	r2, r2
100026c0:	d100      	bne.n	100026c4 <l42_1>
100026c2:	3301      	adds	r3, #1

100026c4 <l42_1>:
100026c4:	bd00      	pop	{pc}
100026c6:	2a00      	cmp	r2, #0
100026c8:	d1eb      	bne.n	100026a2 <divmod_s64s64_unsafe+0x6>
100026ca:	2800      	cmp	r0, #0
100026cc:	d101      	bne.n	100026d2 <l42_1+0xe>
100026ce:	2900      	cmp	r1, #0
100026d0:	d005      	beq.n	100026de <l42_1+0x1a>
100026d2:	2000      	movs	r0, #0
100026d4:	0fc9      	lsrs	r1, r1, #31
100026d6:	07c9      	lsls	r1, r1, #31
100026d8:	d101      	bne.n	100026de <l42_1+0x1a>
100026da:	43c0      	mvns	r0, r0
100026dc:	0841      	lsrs	r1, r0, #1
100026de:	b500      	push	{lr}
100026e0:	f002 ff2a 	bl	10005538 <____aeabi_ldiv0_veneer>
100026e4:	2200      	movs	r2, #0
100026e6:	2300      	movs	r3, #0
100026e8:	bd00      	pop	{pc}
100026ea:	b500      	push	{lr}
100026ec:	2900      	cmp	r1, #0
100026ee:	db0a      	blt.n	10002706 <l44_1+0x2>
100026f0:	43db      	mvns	r3, r3
100026f2:	4252      	negs	r2, r2
100026f4:	d100      	bne.n	100026f8 <l43_1>
100026f6:	3301      	adds	r3, #1

100026f8 <l43_1>:
100026f8:	f000 f814 	bl	10002724 <divmod_u64u64_unsafe>
100026fc:	43c9      	mvns	r1, r1
100026fe:	4240      	negs	r0, r0
10002700:	d100      	bne.n	10002704 <l44_1>
10002702:	3101      	adds	r1, #1

10002704 <l44_1>:
10002704:	bd00      	pop	{pc}
10002706:	43c9      	mvns	r1, r1
10002708:	4240      	negs	r0, r0
1000270a:	d100      	bne.n	1000270e <l45_1>
1000270c:	3101      	adds	r1, #1

1000270e <l45_1>:
1000270e:	43db      	mvns	r3, r3
10002710:	4252      	negs	r2, r2
10002712:	d100      	bne.n	10002716 <l46_1>
10002714:	3301      	adds	r3, #1

10002716 <l46_1>:
10002716:	f000 f805 	bl	10002724 <divmod_u64u64_unsafe>
1000271a:	43db      	mvns	r3, r3
1000271c:	4252      	negs	r2, r2
1000271e:	d100      	bne.n	10002722 <l47_1>
10002720:	3301      	adds	r3, #1

10002722 <l47_1>:
10002722:	bd00      	pop	{pc}

10002724 <divmod_u64u64_unsafe>:
10002724:	2900      	cmp	r1, #0
10002726:	d123      	bne.n	10002770 <y64>
10002728:	2b00      	cmp	r3, #0
1000272a:	d118      	bne.n	1000275e <udiv0+0x10>
1000272c:	2a00      	cmp	r2, #0
1000272e:	d00c      	beq.n	1000274a <divmod_u64u64_unsafe+0x26>
10002730:	46bc      	mov	ip, r7
10002732:	4f0d      	ldr	r7, [pc, #52]	@ (10002768 <udiv0+0x1a>)
10002734:	6638      	str	r0, [r7, #96]	@ 0x60
10002736:	667a      	str	r2, [r7, #100]	@ 0x64
10002738:	2100      	movs	r1, #0
1000273a:	2300      	movs	r3, #0
1000273c:	e7ff      	b.n	1000273e <divmod_u64u64_unsafe+0x1a>
1000273e:	e7ff      	b.n	10002740 <divmod_u64u64_unsafe+0x1c>
10002740:	e7ff      	b.n	10002742 <divmod_u64u64_unsafe+0x1e>
10002742:	6f7a      	ldr	r2, [r7, #116]	@ 0x74
10002744:	6f38      	ldr	r0, [r7, #112]	@ 0x70
10002746:	4667      	mov	r7, ip
10002748:	4770      	bx	lr
1000274a:	2800      	cmp	r0, #0
1000274c:	d001      	beq.n	10002752 <udiv0+0x4>

1000274e <udiv0>:
1000274e:	4807      	ldr	r0, [pc, #28]	@ (1000276c <udiv0+0x1e>)
10002750:	0001      	movs	r1, r0
10002752:	b500      	push	{lr}
10002754:	f002 fef0 	bl	10005538 <____aeabi_ldiv0_veneer>
10002758:	2200      	movs	r2, #0
1000275a:	2300      	movs	r3, #0
1000275c:	bd00      	pop	{pc}
1000275e:	0002      	movs	r2, r0
10002760:	000b      	movs	r3, r1
10002762:	2000      	movs	r0, #0
10002764:	2100      	movs	r1, #0
10002766:	4770      	bx	lr
10002768:	d0000000 	.word	0xd0000000
1000276c:	ffffffff 	.word	0xffffffff

10002770 <y64>:
10002770:	2b00      	cmp	r3, #0
10002772:	d000      	beq.n	10002776 <y64+0x6>
10002774:	e0bf      	b.n	100028f6 <y64_x48>
10002776:	0c13      	lsrs	r3, r2, #16
10002778:	d128      	bne.n	100027cc <y64_x32>
1000277a:	2a00      	cmp	r2, #0
1000277c:	d0e7      	beq.n	1000274e <udiv0>
1000277e:	b480      	push	{r7}
10002780:	4f11      	ldr	r7, [pc, #68]	@ (100027c8 <y64+0x58>)
10002782:	6639      	str	r1, [r7, #96]	@ 0x60
10002784:	667a      	str	r2, [r7, #100]	@ 0x64
10002786:	e7ff      	b.n	10002788 <y64+0x18>
10002788:	e7ff      	b.n	1000278a <y64+0x1a>
1000278a:	b430      	push	{r4, r5}
1000278c:	0c04      	lsrs	r4, r0, #16
1000278e:	6f7b      	ldr	r3, [r7, #116]	@ 0x74
10002790:	6f39      	ldr	r1, [r7, #112]	@ 0x70
10002792:	041b      	lsls	r3, r3, #16
10002794:	4323      	orrs	r3, r4
10002796:	663b      	str	r3, [r7, #96]	@ 0x60
10002798:	667a      	str	r2, [r7, #100]	@ 0x64
1000279a:	e7ff      	b.n	1000279c <y64+0x2c>
1000279c:	e7ff      	b.n	1000279e <y64+0x2e>
1000279e:	e7ff      	b.n	100027a0 <y64+0x30>
100027a0:	46c0      	nop			@ (mov r8, r8)
100027a2:	b284      	uxth	r4, r0
100027a4:	6f7b      	ldr	r3, [r7, #116]	@ 0x74
100027a6:	6f3d      	ldr	r5, [r7, #112]	@ 0x70
100027a8:	041b      	lsls	r3, r3, #16
100027aa:	4323      	orrs	r3, r4
100027ac:	663b      	str	r3, [r7, #96]	@ 0x60
100027ae:	667a      	str	r2, [r7, #100]	@ 0x64
100027b0:	e7ff      	b.n	100027b2 <y64+0x42>
100027b2:	e7ff      	b.n	100027b4 <y64+0x44>
100027b4:	46c0      	nop			@ (mov r8, r8)
100027b6:	2300      	movs	r3, #0
100027b8:	042c      	lsls	r4, r5, #16
100027ba:	0c2d      	lsrs	r5, r5, #16
100027bc:	6f7a      	ldr	r2, [r7, #116]	@ 0x74
100027be:	6f38      	ldr	r0, [r7, #112]	@ 0x70
100027c0:	1900      	adds	r0, r0, r4
100027c2:	4169      	adcs	r1, r5
100027c4:	bcb0      	pop	{r4, r5, r7}
100027c6:	4770      	bx	lr
100027c8:	d0000000 	.word	0xd0000000

100027cc <y64_x32>:
100027cc:	b5f0      	push	{r4, r5, r6, r7, lr}
100027ce:	4694      	mov	ip, r2
100027d0:	2500      	movs	r5, #0
100027d2:	0e14      	lsrs	r4, r2, #24
100027d4:	d101      	bne.n	100027da <y64_x32+0xe>
100027d6:	0212      	lsls	r2, r2, #8
100027d8:	3508      	adds	r5, #8
100027da:	0f14      	lsrs	r4, r2, #28
100027dc:	d101      	bne.n	100027e2 <y64_x32+0x16>
100027de:	0112      	lsls	r2, r2, #4
100027e0:	3504      	adds	r5, #4
100027e2:	0f94      	lsrs	r4, r2, #30
100027e4:	d101      	bne.n	100027ea <y64_x32+0x1e>
100027e6:	0092      	lsls	r2, r2, #2
100027e8:	3502      	adds	r5, #2
100027ea:	0fd4      	lsrs	r4, r2, #31
100027ec:	d101      	bne.n	100027f2 <y64_x32+0x26>
100027ee:	0052      	lsls	r2, r2, #1
100027f0:	3501      	adds	r5, #1
100027f2:	0bd4      	lsrs	r4, r2, #15
100027f4:	3401      	adds	r4, #1
100027f6:	4f25      	ldr	r7, [pc, #148]	@ (1000288c <y64_x32+0xc0>)
100027f8:	667c      	str	r4, [r7, #100]	@ 0x64
100027fa:	4c25      	ldr	r4, [pc, #148]	@ (10002890 <y64_x32+0xc4>)
100027fc:	663c      	str	r4, [r7, #96]	@ 0x60
100027fe:	0c0e      	lsrs	r6, r1, #16
10002800:	b293      	uxth	r3, r2
10002802:	e7ff      	b.n	10002804 <y64_x32+0x38>
10002804:	e7ff      	b.n	10002806 <y64_x32+0x3a>
10002806:	e7ff      	b.n	10002808 <y64_x32+0x3c>
10002808:	6f3c      	ldr	r4, [r7, #112]	@ 0x70
1000280a:	4366      	muls	r6, r4
1000280c:	0c36      	lsrs	r6, r6, #16
1000280e:	0377      	lsls	r7, r6, #13
10002810:	46be      	mov	lr, r7
10002812:	4373      	muls	r3, r6
10002814:	0bdf      	lsrs	r7, r3, #15
10002816:	045b      	lsls	r3, r3, #17
10002818:	1ac0      	subs	r0, r0, r3
1000281a:	41b9      	sbcs	r1, r7
1000281c:	0c13      	lsrs	r3, r2, #16
1000281e:	4373      	muls	r3, r6
10002820:	18db      	adds	r3, r3, r3
10002822:	1ac9      	subs	r1, r1, r3
10002824:	08ce      	lsrs	r6, r1, #3
10002826:	4366      	muls	r6, r4
10002828:	0c36      	lsrs	r6, r6, #16
1000282a:	44b6      	add	lr, r6
1000282c:	b293      	uxth	r3, r2
1000282e:	4373      	muls	r3, r6
10002830:	0f1f      	lsrs	r7, r3, #28
10002832:	011b      	lsls	r3, r3, #4
10002834:	1ac0      	subs	r0, r0, r3
10002836:	41b9      	sbcs	r1, r7
10002838:	0c13      	lsrs	r3, r2, #16
1000283a:	4373      	muls	r3, r6
1000283c:	0b1f      	lsrs	r7, r3, #12
1000283e:	051b      	lsls	r3, r3, #20
10002840:	1ac0      	subs	r0, r0, r3
10002842:	41b9      	sbcs	r1, r7
10002844:	0d86      	lsrs	r6, r0, #22
10002846:	028f      	lsls	r7, r1, #10
10002848:	433e      	orrs	r6, r7
1000284a:	4366      	muls	r6, r4
1000284c:	0c36      	lsrs	r6, r6, #16
1000284e:	2d09      	cmp	r5, #9
10002850:	db24      	blt.n	1000289c <last0>
10002852:	0a52      	lsrs	r2, r2, #9
10002854:	4372      	muls	r2, r6
10002856:	1a80      	subs	r0, r0, r2
10002858:	0377      	lsls	r7, r6, #13
1000285a:	0a46      	lsrs	r6, r0, #9
1000285c:	4366      	muls	r6, r4
1000285e:	0c36      	lsrs	r6, r6, #16
10002860:	2316      	movs	r3, #22
10002862:	1b5b      	subs	r3, r3, r5
10002864:	40de      	lsrs	r6, r3
10002866:	40df      	lsrs	r7, r3
10002868:	19bf      	adds	r7, r7, r6
1000286a:	4664      	mov	r4, ip
1000286c:	4366      	muls	r6, r4
1000286e:	1b82      	subs	r2, r0, r6
10002870:	4670      	mov	r0, lr
10002872:	3504      	adds	r5, #4
10002874:	3306      	adds	r3, #6
10002876:	0001      	movs	r1, r0
10002878:	40d9      	lsrs	r1, r3
1000287a:	40a8      	lsls	r0, r5
1000287c:	19c0      	adds	r0, r0, r7
1000287e:	d300      	bcc.n	10002882 <y64_x32+0xb6>
10002880:	3101      	adds	r1, #1
10002882:	42a2      	cmp	r2, r4
10002884:	d206      	bcs.n	10002894 <y64_x32+0xc8>
10002886:	2300      	movs	r3, #0
10002888:	bdf0      	pop	{r4, r5, r6, r7, pc}
1000288a:	0000      	.short	0x0000
1000288c:	d0000000 	.word	0xd0000000
10002890:	ffffffff 	.word	0xffffffff
10002894:	1b12      	subs	r2, r2, r4
10002896:	3001      	adds	r0, #1
10002898:	d3f3      	bcc.n	10002882 <y64_x32+0xb6>
1000289a:	e7f1      	b.n	10002880 <y64_x32+0xb4>

1000289c <last0>:
1000289c:	2709      	movs	r7, #9
1000289e:	1b7f      	subs	r7, r7, r5
100028a0:	40fe      	lsrs	r6, r7
100028a2:	4664      	mov	r4, ip
100028a4:	b2a2      	uxth	r2, r4
100028a6:	4372      	muls	r2, r6
100028a8:	1a80      	subs	r0, r0, r2
100028aa:	d200      	bcs.n	100028ae <last0+0x12>
100028ac:	3901      	subs	r1, #1
100028ae:	0c22      	lsrs	r2, r4, #16
100028b0:	4372      	muls	r2, r6
100028b2:	0c13      	lsrs	r3, r2, #16
100028b4:	0412      	lsls	r2, r2, #16
100028b6:	1a82      	subs	r2, r0, r2
100028b8:	4199      	sbcs	r1, r3
100028ba:	000b      	movs	r3, r1
100028bc:	4670      	mov	r0, lr
100028be:	3504      	adds	r5, #4
100028c0:	3713      	adds	r7, #19
100028c2:	0001      	movs	r1, r0
100028c4:	40f9      	lsrs	r1, r7
100028c6:	40a8      	lsls	r0, r5
100028c8:	1980      	adds	r0, r0, r6
100028ca:	d300      	bcc.n	100028ce <last0+0x32>
100028cc:	3101      	adds	r1, #1
100028ce:	2b00      	cmp	r3, #0
100028d0:	d102      	bne.n	100028d8 <last0+0x3c>
100028d2:	42a2      	cmp	r2, r4
100028d4:	d20a      	bcs.n	100028ec <last0+0x50>
100028d6:	bdf0      	pop	{r4, r5, r6, r7, pc}
100028d8:	3001      	adds	r0, #1
100028da:	d300      	bcc.n	100028de <last0+0x42>
100028dc:	3101      	adds	r1, #1
100028de:	1b12      	subs	r2, r2, r4
100028e0:	d2fa      	bcs.n	100028d8 <last0+0x3c>
100028e2:	3b01      	subs	r3, #1
100028e4:	d1f8      	bne.n	100028d8 <last0+0x3c>
100028e6:	42a2      	cmp	r2, r4
100028e8:	d200      	bcs.n	100028ec <last0+0x50>
100028ea:	bdf0      	pop	{r4, r5, r6, r7, pc}
100028ec:	3001      	adds	r0, #1
100028ee:	d300      	bcc.n	100028f2 <last0+0x56>
100028f0:	3101      	adds	r1, #1
100028f2:	1b12      	subs	r2, r2, r4
100028f4:	e7f7      	b.n	100028e6 <last0+0x4a>

100028f6 <y64_x48>:
100028f6:	b5f0      	push	{r4, r5, r6, r7, lr}
100028f8:	0c1c      	lsrs	r4, r3, #16
100028fa:	d000      	beq.n	100028fe <y64_x48+0x8>
100028fc:	e080      	b.n	10002a00 <y64_x64>
100028fe:	b40c      	push	{r2, r3}
10002900:	2500      	movs	r5, #0
10002902:	0a1c      	lsrs	r4, r3, #8
10002904:	d104      	bne.n	10002910 <y64_x48+0x1a>
10002906:	021b      	lsls	r3, r3, #8
10002908:	0e16      	lsrs	r6, r2, #24
1000290a:	4333      	orrs	r3, r6
1000290c:	0212      	lsls	r2, r2, #8
1000290e:	3508      	adds	r5, #8
10002910:	0b1c      	lsrs	r4, r3, #12
10002912:	d104      	bne.n	1000291e <y64_x48+0x28>
10002914:	011b      	lsls	r3, r3, #4
10002916:	0f16      	lsrs	r6, r2, #28
10002918:	4333      	orrs	r3, r6
1000291a:	0112      	lsls	r2, r2, #4
1000291c:	3504      	adds	r5, #4
1000291e:	0b9c      	lsrs	r4, r3, #14
10002920:	d104      	bne.n	1000292c <y64_x48+0x36>
10002922:	009b      	lsls	r3, r3, #2
10002924:	0f96      	lsrs	r6, r2, #30
10002926:	4333      	orrs	r3, r6
10002928:	0092      	lsls	r2, r2, #2
1000292a:	3502      	adds	r5, #2
1000292c:	0bdc      	lsrs	r4, r3, #15
1000292e:	d102      	bne.n	10002936 <y64_x48+0x40>
10002930:	1892      	adds	r2, r2, r2
10002932:	415b      	adcs	r3, r3
10002934:	3501      	adds	r5, #1
10002936:	001c      	movs	r4, r3
10002938:	1897      	adds	r7, r2, r2
1000293a:	4164      	adcs	r4, r4
1000293c:	3401      	adds	r4, #1
1000293e:	4f46      	ldr	r7, [pc, #280]	@ (10002a58 <y64_x64+0x58>)
10002940:	667c      	str	r4, [r7, #100]	@ 0x64
10002942:	4c46      	ldr	r4, [pc, #280]	@ (10002a5c <y64_x64+0x5c>)
10002944:	663c      	str	r4, [r7, #96]	@ 0x60
10002946:	0c0e      	lsrs	r6, r1, #16
10002948:	e7ff      	b.n	1000294a <y64_x48+0x54>
1000294a:	e7ff      	b.n	1000294c <y64_x48+0x56>
1000294c:	e7ff      	b.n	1000294e <y64_x48+0x58>
1000294e:	46c0      	nop			@ (mov r8, r8)
10002950:	6f3c      	ldr	r4, [r7, #112]	@ 0x70
10002952:	4366      	muls	r6, r4
10002954:	0c36      	lsrs	r6, r6, #16
10002956:	0377      	lsls	r7, r6, #13
10002958:	46be      	mov	lr, r7
1000295a:	b297      	uxth	r7, r2
1000295c:	4377      	muls	r7, r6
1000295e:	1bc0      	subs	r0, r0, r7
10002960:	d200      	bcs.n	10002964 <y64_x48+0x6e>
10002962:	3901      	subs	r1, #1
10002964:	1bc0      	subs	r0, r0, r7
10002966:	d200      	bcs.n	1000296a <y64_x48+0x74>
10002968:	3901      	subs	r1, #1
1000296a:	b29f      	uxth	r7, r3
1000296c:	4377      	muls	r7, r6
1000296e:	1bc9      	subs	r1, r1, r7
10002970:	1bc9      	subs	r1, r1, r7
10002972:	0c17      	lsrs	r7, r2, #16
10002974:	4377      	muls	r7, r6
10002976:	047e      	lsls	r6, r7, #17
10002978:	0bff      	lsrs	r7, r7, #15
1000297a:	1b80      	subs	r0, r0, r6
1000297c:	41b9      	sbcs	r1, r7
1000297e:	08ce      	lsrs	r6, r1, #3
10002980:	4366      	muls	r6, r4
10002982:	0c36      	lsrs	r6, r6, #16
10002984:	2d0c      	cmp	r5, #12
10002986:	db33      	blt.n	100029f0 <last1>
10002988:	44b6      	add	lr, r6
1000298a:	0b12      	lsrs	r2, r2, #12
1000298c:	051f      	lsls	r7, r3, #20
1000298e:	433a      	orrs	r2, r7
10002990:	0b1b      	lsrs	r3, r3, #12
10002992:	b297      	uxth	r7, r2
10002994:	4377      	muls	r7, r6
10002996:	1bc0      	subs	r0, r0, r7
10002998:	d200      	bcs.n	1000299c <y64_x48+0xa6>
1000299a:	3901      	subs	r1, #1
1000299c:	b29f      	uxth	r7, r3
1000299e:	4377      	muls	r7, r6
100029a0:	1bc9      	subs	r1, r1, r7
100029a2:	0c17      	lsrs	r7, r2, #16
100029a4:	4377      	muls	r7, r6
100029a6:	043e      	lsls	r6, r7, #16
100029a8:	0c3f      	lsrs	r7, r7, #16
100029aa:	1b80      	subs	r0, r0, r6
100029ac:	41b9      	sbcs	r1, r7
100029ae:	0d86      	lsrs	r6, r0, #22
100029b0:	028f      	lsls	r7, r1, #10
100029b2:	433e      	orrs	r6, r7
100029b4:	4366      	muls	r6, r4
100029b6:	2729      	movs	r7, #41	@ 0x29
100029b8:	1b7f      	subs	r7, r7, r5
100029ba:	40fe      	lsrs	r6, r7
100029bc:	3d0c      	subs	r5, #12
100029be:	4677      	mov	r7, lr
100029c0:	40af      	lsls	r7, r5
100029c2:	19bf      	adds	r7, r7, r6
100029c4:	bc30      	pop	{r4, r5}
100029c6:	b2a2      	uxth	r2, r4
100029c8:	b2ab      	uxth	r3, r5
100029ca:	4372      	muls	r2, r6
100029cc:	4373      	muls	r3, r6
100029ce:	1a80      	subs	r0, r0, r2
100029d0:	4199      	sbcs	r1, r3
100029d2:	0c22      	lsrs	r2, r4, #16
100029d4:	4372      	muls	r2, r6
100029d6:	0c13      	lsrs	r3, r2, #16
100029d8:	0412      	lsls	r2, r2, #16
100029da:	1a80      	subs	r0, r0, r2
100029dc:	4199      	sbcs	r1, r3
100029de:	0002      	movs	r2, r0
100029e0:	000b      	movs	r3, r1
100029e2:	3701      	adds	r7, #1
100029e4:	1b00      	subs	r0, r0, r4
100029e6:	41a9      	sbcs	r1, r5
100029e8:	d2f9      	bcs.n	100029de <y64_x48+0xe8>
100029ea:	1e78      	subs	r0, r7, #1
100029ec:	2100      	movs	r1, #0
100029ee:	bdf0      	pop	{r4, r5, r6, r7, pc}

100029f0 <last1>:
100029f0:	270c      	movs	r7, #12
100029f2:	1b7f      	subs	r7, r7, r5
100029f4:	40fe      	lsrs	r6, r7
100029f6:	4677      	mov	r7, lr
100029f8:	0b7f      	lsrs	r7, r7, #13
100029fa:	40af      	lsls	r7, r5
100029fc:	19ff      	adds	r7, r7, r7
100029fe:	e7e0      	b.n	100029c2 <y64_x48+0xcc>

10002a00 <y64_x64>:
10002a00:	2400      	movs	r4, #0
10002a02:	1c5d      	adds	r5, r3, #1
10002a04:	d007      	beq.n	10002a16 <y64_x64+0x16>
10002a06:	4f14      	ldr	r7, [pc, #80]	@ (10002a58 <y64_x64+0x58>)
10002a08:	667d      	str	r5, [r7, #100]	@ 0x64
10002a0a:	6639      	str	r1, [r7, #96]	@ 0x60
10002a0c:	e7ff      	b.n	10002a0e <y64_x64+0xe>
10002a0e:	e7ff      	b.n	10002a10 <y64_x64+0x10>
10002a10:	e7ff      	b.n	10002a12 <y64_x64+0x12>
10002a12:	e7ff      	b.n	10002a14 <y64_x64+0x14>
10002a14:	6f3c      	ldr	r4, [r7, #112]	@ 0x70
10002a16:	b295      	uxth	r5, r2
10002a18:	b29e      	uxth	r6, r3
10002a1a:	4365      	muls	r5, r4
10002a1c:	4366      	muls	r6, r4
10002a1e:	1b40      	subs	r0, r0, r5
10002a20:	41b1      	sbcs	r1, r6
10002a22:	0c15      	lsrs	r5, r2, #16
10002a24:	0c1e      	lsrs	r6, r3, #16
10002a26:	4365      	muls	r5, r4
10002a28:	4366      	muls	r6, r4
10002a2a:	0436      	lsls	r6, r6, #16
10002a2c:	0c2f      	lsrs	r7, r5, #16
10002a2e:	433e      	orrs	r6, r7
10002a30:	042d      	lsls	r5, r5, #16
10002a32:	1b40      	subs	r0, r0, r5
10002a34:	41b1      	sbcs	r1, r6
10002a36:	4299      	cmp	r1, r3
10002a38:	d204      	bcs.n	10002a44 <y64_x64+0x44>
10002a3a:	0002      	movs	r2, r0
10002a3c:	000b      	movs	r3, r1
10002a3e:	0020      	movs	r0, r4
10002a40:	2100      	movs	r1, #0
10002a42:	bdf0      	pop	{r4, r5, r6, r7, pc}
10002a44:	d101      	bne.n	10002a4a <y64_x64+0x4a>
10002a46:	4290      	cmp	r0, r2
10002a48:	d3f7      	bcc.n	10002a3a <y64_x64+0x3a>
10002a4a:	1a80      	subs	r0, r0, r2
10002a4c:	4199      	sbcs	r1, r3
10002a4e:	3401      	adds	r4, #1
10002a50:	4299      	cmp	r1, r3
10002a52:	d3f2      	bcc.n	10002a3a <y64_x64+0x3a>
10002a54:	e7f6      	b.n	10002a44 <y64_x64+0x44>
10002a56:	0000      	.short	0x0000
10002a58:	d0000000 	.word	0xd0000000
10002a5c:	ffffffff 	.word	0xffffffff

10002a60 <__wrap___aeabi_drsub>:
10002a60:	4048      	eors	r0, r1
10002a62:	4041      	eors	r1, r0
10002a64:	4048      	eors	r0, r1

10002a66 <__wrap___aeabi_dsub>:
10002a66:	b418      	push	{r3, r4}
10002a68:	4b13      	ldr	r3, [pc, #76]	@ (10002ab8 <__wrap___aeabi_dmul+0xa>)
10002a6a:	685b      	ldr	r3, [r3, #4]
10002a6c:	9301      	str	r3, [sp, #4]
10002a6e:	bd08      	pop	{r3, pc}

10002a70 <__wrap___aeabi_dadd>:
10002a70:	b418      	push	{r3, r4}
10002a72:	4b11      	ldr	r3, [pc, #68]	@ (10002ab8 <__wrap___aeabi_dmul+0xa>)
10002a74:	681b      	ldr	r3, [r3, #0]
10002a76:	9301      	str	r3, [sp, #4]
10002a78:	bd08      	pop	{r3, pc}

10002a7a <__wrap___aeabi_ddiv>:
10002a7a:	4694      	mov	ip, r2
10002a7c:	4a0f      	ldr	r2, [pc, #60]	@ (10002abc <__wrap___aeabi_dmul+0xe>)
10002a7e:	6f92      	ldr	r2, [r2, #120]	@ 0x78
10002a80:	0892      	lsrs	r2, r2, #2
10002a82:	d205      	bcs.n	10002a90 <ddiv_save_state>
10002a84:	4662      	mov	r2, ip

10002a86 <ddiv_shim_call>:
10002a86:	b418      	push	{r3, r4}
10002a88:	4b0b      	ldr	r3, [pc, #44]	@ (10002ab8 <__wrap___aeabi_dmul+0xa>)
10002a8a:	68db      	ldr	r3, [r3, #12]
10002a8c:	9301      	str	r3, [sp, #4]
10002a8e:	bd08      	pop	{r3, pc}

10002a90 <ddiv_save_state>:
10002a90:	4a0a      	ldr	r2, [pc, #40]	@ (10002abc <__wrap___aeabi_dmul+0xe>)
10002a92:	b5f0      	push	{r4, r5, r6, r7, lr}
10002a94:	6e14      	ldr	r4, [r2, #96]	@ 0x60
10002a96:	6e55      	ldr	r5, [r2, #100]	@ 0x64
10002a98:	6f57      	ldr	r7, [r2, #116]	@ 0x74
10002a9a:	6f16      	ldr	r6, [r2, #112]	@ 0x70
10002a9c:	4662      	mov	r2, ip
10002a9e:	f7ff fff2 	bl	10002a86 <ddiv_shim_call>
10002aa2:	4a06      	ldr	r2, [pc, #24]	@ (10002abc <__wrap___aeabi_dmul+0xe>)
10002aa4:	6614      	str	r4, [r2, #96]	@ 0x60
10002aa6:	6655      	str	r5, [r2, #100]	@ 0x64
10002aa8:	6757      	str	r7, [r2, #116]	@ 0x74
10002aaa:	6716      	str	r6, [r2, #112]	@ 0x70
10002aac:	bdf0      	pop	{r4, r5, r6, r7, pc}

10002aae <__wrap___aeabi_dmul>:
10002aae:	b418      	push	{r3, r4}
10002ab0:	4b01      	ldr	r3, [pc, #4]	@ (10002ab8 <__wrap___aeabi_dmul+0xa>)
10002ab2:	689b      	ldr	r3, [r3, #8]
10002ab4:	9301      	str	r3, [sp, #4]
10002ab6:	bd08      	pop	{r3, pc}
10002ab8:	20000bc4 	.word	0x20000bc4
10002abc:	d0000000 	.word	0xd0000000

10002ac0 <__wrap___aeabi_cdrcmple>:
10002ac0:	b5ff      	push	{r0, r1, r2, r3, r4, r5, r6, r7, lr}
10002ac2:	4050      	eors	r0, r2
10002ac4:	4042      	eors	r2, r0
10002ac6:	4050      	eors	r0, r2
10002ac8:	4059      	eors	r1, r3
10002aca:	404b      	eors	r3, r1
10002acc:	4059      	eors	r1, r3
10002ace:	e000      	b.n	10002ad2 <__aeabi_dfcmple_guts>

10002ad0 <__wrap___aeabi_cdcmpeq>:
10002ad0:	b5ff      	push	{r0, r1, r2, r3, r4, r5, r6, r7, lr}

10002ad2 <__aeabi_dfcmple_guts>:
10002ad2:	4f15      	ldr	r7, [pc, #84]	@ (10002b28 <__aeabi_dfcmple_guts+0x56>)
10002ad4:	004c      	lsls	r4, r1, #1
10002ad6:	0d64      	lsrs	r4, r4, #21
10002ad8:	d003      	beq.n	10002ae2 <__aeabi_dfcmple_guts+0x10>
10002ada:	42bc      	cmp	r4, r7
10002adc:	d104      	bne.n	10002ae8 <__aeabi_dfcmple_guts+0x16>
10002ade:	030c      	lsls	r4, r1, #12
10002ae0:	d814      	bhi.n	10002b0c <__aeabi_dfcmple_guts+0x3a>
10002ae2:	2000      	movs	r0, #0
10002ae4:	0d09      	lsrs	r1, r1, #20
10002ae6:	0509      	lsls	r1, r1, #20
10002ae8:	005c      	lsls	r4, r3, #1
10002aea:	0d64      	lsrs	r4, r4, #21
10002aec:	d003      	beq.n	10002af6 <__aeabi_dfcmple_guts+0x24>
10002aee:	42bc      	cmp	r4, r7
10002af0:	d104      	bne.n	10002afc <__aeabi_dfcmple_guts+0x2a>
10002af2:	031c      	lsls	r4, r3, #12
10002af4:	d80a      	bhi.n	10002b0c <__aeabi_dfcmple_guts+0x3a>
10002af6:	2200      	movs	r2, #0
10002af8:	0d1b      	lsrs	r3, r3, #20
10002afa:	051b      	lsls	r3, r3, #20
10002afc:	2601      	movs	r6, #1
10002afe:	404b      	eors	r3, r1
10002b00:	d409      	bmi.n	10002b16 <__aeabi_dfcmple_guts+0x44>
10002b02:	404b      	eors	r3, r1
10002b04:	d503      	bpl.n	10002b0e <__aeabi_dfcmple_guts+0x3c>
10002b06:	428b      	cmp	r3, r1
10002b08:	d100      	bne.n	10002b0c <__aeabi_dfcmple_guts+0x3a>
10002b0a:	4282      	cmp	r2, r0
10002b0c:	bdff      	pop	{r0, r1, r2, r3, r4, r5, r6, r7, pc}
10002b0e:	4299      	cmp	r1, r3
10002b10:	d1fc      	bne.n	10002b0c <__aeabi_dfcmple_guts+0x3a>
10002b12:	4290      	cmp	r0, r2
10002b14:	bdff      	pop	{r0, r1, r2, r3, r4, r5, r6, r7, pc}
10002b16:	430b      	orrs	r3, r1
10002b18:	18db      	adds	r3, r3, r3
10002b1a:	4303      	orrs	r3, r0
10002b1c:	4313      	orrs	r3, r2
10002b1e:	d0f5      	beq.n	10002b0c <__aeabi_dfcmple_guts+0x3a>
10002b20:	43c9      	mvns	r1, r1
10002b22:	1849      	adds	r1, r1, r1
10002b24:	bdff      	pop	{r0, r1, r2, r3, r4, r5, r6, r7, pc}
10002b26:	0000      	.short	0x0000
10002b28:	000007ff 	.word	0x000007ff

10002b2c <__wrap___aeabi_dcmplt>:
10002b2c:	b500      	push	{lr}
10002b2e:	f7ff ffcf 	bl	10002ad0 <__wrap___aeabi_cdcmpeq>
10002b32:	4180      	sbcs	r0, r0
10002b34:	bd00      	pop	{pc}
10002b36:	46c0      	nop			@ (mov r8, r8)

10002b38 <__wrap___aeabi_dcmple>:
10002b38:	b500      	push	{lr}
10002b3a:	f7ff ffc9 	bl	10002ad0 <__wrap___aeabi_cdcmpeq>
10002b3e:	d901      	bls.n	10002b44 <__wrap___aeabi_dcmple+0xc>
10002b40:	2000      	movs	r0, #0
10002b42:	bd00      	pop	{pc}
10002b44:	2001      	movs	r0, #1
10002b46:	bd00      	pop	{pc}

10002b48 <__wrap___aeabi_dcmpge>:
10002b48:	b500      	push	{lr}
10002b4a:	f7ff ffb9 	bl	10002ac0 <__wrap___aeabi_cdrcmple>
10002b4e:	d901      	bls.n	10002b54 <__wrap___aeabi_dcmpge+0xc>
10002b50:	2000      	movs	r0, #0
10002b52:	bd00      	pop	{pc}
10002b54:	2001      	movs	r0, #1
10002b56:	bd00      	pop	{pc}

10002b58 <__wrap___aeabi_dcmpgt>:
10002b58:	b500      	push	{lr}
10002b5a:	f7ff ffb1 	bl	10002ac0 <__wrap___aeabi_cdrcmple>
10002b5e:	4180      	sbcs	r0, r0
10002b60:	bd00      	pop	{pc}

10002b62 <__wrap___aeabi_dcmpun>:
10002b62:	2001      	movs	r0, #1
10002b64:	0540      	lsls	r0, r0, #21
10002b66:	004a      	lsls	r2, r1, #1
10002b68:	1812      	adds	r2, r2, r0
10002b6a:	d804      	bhi.n	10002b76 <__wrap___aeabi_dcmpun+0x14>
10002b6c:	005a      	lsls	r2, r3, #1
10002b6e:	1812      	adds	r2, r2, r0
10002b70:	d801      	bhi.n	10002b76 <__wrap___aeabi_dcmpun+0x14>
10002b72:	2000      	movs	r0, #0
10002b74:	4770      	bx	lr
10002b76:	2001      	movs	r0, #1
10002b78:	4770      	bx	lr
	...

10002b7c <__wrap___aeabi_ui2d>:
10002b7c:	2100      	movs	r1, #0
10002b7e:	2800      	cmp	r0, #0
10002b80:	d105      	bne.n	10002b8e <__wrap___aeabi_i2d+0xa>
10002b82:	4770      	bx	lr

10002b84 <__wrap___aeabi_i2d>:
10002b84:	17c1      	asrs	r1, r0, #31
10002b86:	4048      	eors	r0, r1
10002b88:	1a40      	subs	r0, r0, r1
10002b8a:	d0fa      	beq.n	10002b82 <__wrap___aeabi_ui2d+0x6>
10002b8c:	07c9      	lsls	r1, r1, #31
10002b8e:	b513      	push	{r0, r1, r4, lr}
10002b90:	4b06      	ldr	r3, [pc, #24]	@ (10002bac <__wrap___aeabi_i2d+0x28>)
10002b92:	681b      	ldr	r3, [r3, #0]
10002b94:	4798      	blx	r3
10002b96:	bc0c      	pop	{r2, r3}
10002b98:	1c44      	adds	r4, r0, #1
10002b9a:	40a2      	lsls	r2, r4
10002b9c:	0510      	lsls	r0, r2, #20
10002b9e:	0b12      	lsrs	r2, r2, #12
10002ba0:	4903      	ldr	r1, [pc, #12]	@ (10002bb0 <__wrap___aeabi_i2d+0x2c>)
10002ba2:	1b09      	subs	r1, r1, r4
10002ba4:	0509      	lsls	r1, r1, #20
10002ba6:	4319      	orrs	r1, r3
10002ba8:	4311      	orrs	r1, r2
10002baa:	bd10      	pop	{r4, pc}
10002bac:	20000cc4 	.word	0x20000cc4
10002bb0:	0000041f 	.word	0x0000041f

10002bb4 <__wrap___aeabi_d2iz>:
10002bb4:	b510      	push	{r4, lr}
10002bb6:	004c      	lsls	r4, r1, #1
10002bb8:	0d62      	lsrs	r2, r4, #21
10002bba:	2380      	movs	r3, #128	@ 0x80
10002bbc:	18d2      	adds	r2, r2, r3
10002bbe:	00db      	lsls	r3, r3, #3
10002bc0:	1ad2      	subs	r2, r2, r3
10002bc2:	055b      	lsls	r3, r3, #21
10002bc4:	2a7e      	cmp	r2, #126	@ 0x7e
10002bc6:	dd10      	ble.n	10002bea <__wrap___aeabi_d2iz+0x36>
10002bc8:	3a9e      	subs	r2, #158	@ 0x9e
10002bca:	da13      	bge.n	10002bf4 <__wrap___aeabi_d2iz+0x40>
10002bcc:	17cc      	asrs	r4, r1, #31
10002bce:	0309      	lsls	r1, r1, #12
10002bd0:	0849      	lsrs	r1, r1, #1
10002bd2:	4319      	orrs	r1, r3
10002bd4:	4252      	negs	r2, r2
10002bd6:	40d1      	lsrs	r1, r2
10002bd8:	0064      	lsls	r4, r4, #1
10002bda:	3401      	adds	r4, #1
10002bdc:	3215      	adds	r2, #21
10002bde:	2a20      	cmp	r2, #32
10002be0:	da05      	bge.n	10002bee <__wrap___aeabi_d2iz+0x3a>
10002be2:	40d0      	lsrs	r0, r2
10002be4:	4308      	orrs	r0, r1
10002be6:	4360      	muls	r0, r4
10002be8:	bd10      	pop	{r4, pc}
10002bea:	2000      	movs	r0, #0
10002bec:	bd10      	pop	{r4, pc}
10002bee:	4608      	mov	r0, r1
10002bf0:	4360      	muls	r0, r4
10002bf2:	bd10      	pop	{r4, pc}
10002bf4:	0fc8      	lsrs	r0, r1, #31
10002bf6:	18c0      	adds	r0, r0, r3
10002bf8:	3801      	subs	r0, #1
10002bfa:	bd10      	pop	{r4, pc}

10002bfc <__wrap___aeabi_d2uiz>:
10002bfc:	b418      	push	{r3, r4}
10002bfe:	4b02      	ldr	r3, [pc, #8]	@ (10002c08 <__wrap___aeabi_d2uiz+0xc>)
10002c00:	6a5b      	ldr	r3, [r3, #36]	@ 0x24
10002c02:	9301      	str	r3, [sp, #4]
10002c04:	bd08      	pop	{r3, pc}
10002c06:	0000      	.short	0x0000
10002c08:	20000bc4 	.word	0x20000bc4

10002c0c <missing_double_func_shim>:
10002c0c:	b510      	push	{r4, lr}
10002c0e:	4801      	ldr	r0, [pc, #4]	@ (10002c14 <missing_double_func_shim+0x8>)
10002c10:	f7fe f8a8 	bl	10000d64 <panic>
10002c14:	10005c48 	.word	0x10005c48

10002c18 <__aeabi_double_init>:
10002c18:	b570      	push	{r4, r5, r6, lr}
10002c1a:	2313      	movs	r3, #19
10002c1c:	781c      	ldrb	r4, [r3, #0]
10002c1e:	2c01      	cmp	r4, #1
10002c20:	d012      	beq.n	10002c48 <__aeabi_double_init+0x30>
10002c22:	2c01      	cmp	r4, #1
10002c24:	dc12      	bgt.n	10002c4c <__aeabi_double_init+0x34>
10002c26:	4b21      	ldr	r3, [pc, #132]	@ (10002cac <__aeabi_double_init+0x94>)
10002c28:	4a21      	ldr	r2, [pc, #132]	@ (10002cb0 <__aeabi_double_init+0x98>)
10002c2a:	6493      	str	r3, [r2, #72]	@ 0x48
10002c2c:	4821      	ldr	r0, [pc, #132]	@ (10002cb4 <__aeabi_double_init+0x9c>)
10002c2e:	f7ff fb77 	bl	10002320 <rom_func_lookup>
10002c32:	4b21      	ldr	r3, [pc, #132]	@ (10002cb8 <__aeabi_double_init+0xa0>)
10002c34:	6018      	str	r0, [r3, #0]
10002c36:	bd70      	pop	{r4, r5, r6, pc}
10002c38:	4920      	ldr	r1, [pc, #128]	@ (10002cbc <__aeabi_double_init+0xa4>)
10002c3a:	4a1d      	ldr	r2, [pc, #116]	@ (10002cb0 <__aeabi_double_init+0x98>)
10002c3c:	0098      	lsls	r0, r3, #2
10002c3e:	5081      	str	r1, [r0, r2]
10002c40:	3301      	adds	r3, #1
10002c42:	2b1f      	cmp	r3, #31
10002c44:	d9f8      	bls.n	10002c38 <__aeabi_double_init+0x20>
10002c46:	e7ec      	b.n	10002c22 <__aeabi_double_init+0xa>
10002c48:	2300      	movs	r3, #0
10002c4a:	e7fa      	b.n	10002c42 <__aeabi_double_init+0x2a>
10002c4c:	481c      	ldr	r0, [pc, #112]	@ (10002cc0 <__aeabi_double_init+0xa8>)
10002c4e:	f7ff fb6f 	bl	10002330 <rom_data_lookup>
10002c52:	0005      	movs	r5, r0
10002c54:	481b      	ldr	r0, [pc, #108]	@ (10002cc4 <__aeabi_double_init+0xac>)
10002c56:	f7ff fb6b 	bl	10002330 <rom_data_lookup>
10002c5a:	3802      	subs	r0, #2
10002c5c:	7803      	ldrb	r3, [r0, #0]
10002c5e:	009b      	lsls	r3, r3, #2
10002c60:	2b7f      	cmp	r3, #127	@ 0x7f
10002c62:	dd09      	ble.n	10002c78 <__aeabi_double_init+0x60>
10002c64:	4812      	ldr	r0, [pc, #72]	@ (10002cb0 <__aeabi_double_init+0x98>)
10002c66:	2280      	movs	r2, #128	@ 0x80
10002c68:	0029      	movs	r1, r5
10002c6a:	f000 f8e5 	bl	10002e38 <__wrap___aeabi_memcpy>
10002c6e:	2c02      	cmp	r4, #2
10002c70:	d008      	beq.n	10002c84 <__aeabi_double_init+0x6c>
10002c72:	2c02      	cmp	r4, #2
10002c74:	dcda      	bgt.n	10002c2c <__aeabi_double_init+0x14>
10002c76:	e7d6      	b.n	10002c26 <__aeabi_double_init+0xe>
10002c78:	4b13      	ldr	r3, [pc, #76]	@ (10002cc8 <__aeabi_double_init+0xb0>)
10002c7a:	4a14      	ldr	r2, [pc, #80]	@ (10002ccc <__aeabi_double_init+0xb4>)
10002c7c:	4814      	ldr	r0, [pc, #80]	@ (10002cd0 <__aeabi_double_init+0xb8>)
10002c7e:	2133      	movs	r1, #51	@ 0x33
10002c80:	f001 f9f8 	bl	10004074 <__assert_func>
10002c84:	4b13      	ldr	r3, [pc, #76]	@ (10002cd4 <__aeabi_double_init+0xbc>)
10002c86:	881a      	ldrh	r2, [r3, #0]
10002c88:	23b5      	movs	r3, #181	@ 0xb5
10002c8a:	021b      	lsls	r3, r3, #8
10002c8c:	429a      	cmp	r2, r3
10002c8e:	d109      	bne.n	10002ca4 <__aeabi_double_init+0x8c>
10002c90:	4b11      	ldr	r3, [pc, #68]	@ (10002cd8 <__aeabi_double_init+0xc0>)
10002c92:	881a      	ldrh	r2, [r3, #0]
10002c94:	4b11      	ldr	r3, [pc, #68]	@ (10002cdc <__aeabi_double_init+0xc4>)
10002c96:	429a      	cmp	r2, r3
10002c98:	d104      	bne.n	10002ca4 <__aeabi_double_init+0x8c>
10002c9a:	4b11      	ldr	r3, [pc, #68]	@ (10002ce0 <__aeabi_double_init+0xc8>)
10002c9c:	881a      	ldrh	r2, [r3, #0]
10002c9e:	4b11      	ldr	r3, [pc, #68]	@ (10002ce4 <__aeabi_double_init+0xcc>)
10002ca0:	429a      	cmp	r2, r3
10002ca2:	d0e6      	beq.n	10002c72 <__aeabi_double_init+0x5a>
10002ca4:	2000      	movs	r0, #0
10002ca6:	f7fe f85d 	bl	10000d64 <panic>
10002caa:	46c0      	nop			@ (mov r8, r8)
10002cac:	10002ce9 	.word	0x10002ce9
10002cb0:	20000bc4 	.word	0x20000bc4
10002cb4:	0000334c 	.word	0x0000334c
10002cb8:	20000cc4 	.word	0x20000cc4
10002cbc:	10002c0d 	.word	0x10002c0d
10002cc0:	00004453 	.word	0x00004453
10002cc4:	00004653 	.word	0x00004653
10002cc8:	10005c60 	.word	0x10005c60
10002ccc:	10005ffc 	.word	0x10005ffc
10002cd0:	10005ca4 	.word	0x10005ca4
10002cd4:	00003854 	.word	0x00003854
10002cd8:	000038d8 	.word	0x000038d8
10002cdc:	00004649 	.word	0x00004649
10002ce0:	0000389c 	.word	0x0000389c
10002ce4:	00004659 	.word	0x00004659

10002ce8 <double_table_shim_on_use_helper>:
10002ce8:	b507      	push	{r0, r1, r2, lr}
10002cea:	4660      	mov	r0, ip
10002cec:	2800      	cmp	r0, #0
10002cee:	d100      	bne.n	10002cf2 <double_table_shim_on_use_helper+0xa>
10002cf0:	be00      	bkpt	0x0000
10002cf2:	8801      	ldrh	r1, [r0, #0]
10002cf4:	0a0a      	lsrs	r2, r1, #8
10002cf6:	3002      	adds	r0, #2
10002cf8:	2adf      	cmp	r2, #223	@ 0xdf
10002cfa:	d1fa      	bne.n	10002cf2 <double_table_shim_on_use_helper+0xa>
10002cfc:	b2c9      	uxtb	r1, r1
10002cfe:	0882      	lsrs	r2, r0, #2
10002d00:	d304      	bcc.n	10002d0c <double_table_shim_on_use_helper+0x24>
10002d02:	8802      	ldrh	r2, [r0, #0]
10002d04:	8840      	ldrh	r0, [r0, #2]
10002d06:	0400      	lsls	r0, r0, #16
10002d08:	4310      	orrs	r0, r2
10002d0a:	e000      	b.n	10002d0e <double_table_shim_on_use_helper+0x26>
10002d0c:	6800      	ldr	r0, [r0, #0]
10002d0e:	4a02      	ldr	r2, [pc, #8]	@ (10002d18 <double_table_shim_on_use_helper+0x30>)
10002d10:	5050      	str	r0, [r2, r1]
10002d12:	9003      	str	r0, [sp, #12]
10002d14:	bd07      	pop	{r0, r1, r2, pc}
10002d16:	0000      	.short	0x0000
10002d18:	20000bc4 	.word	0x20000bc4

10002d1c <__wrap___aeabi_lmul>:
10002d1c:	4351      	muls	r1, r2
10002d1e:	4343      	muls	r3, r0
10002d20:	18c9      	adds	r1, r1, r3
10002d22:	468c      	mov	ip, r1
10002d24:	0c11      	lsrs	r1, r2, #16
10002d26:	b283      	uxth	r3, r0
10002d28:	434b      	muls	r3, r1
10002d2a:	b410      	push	{r4}
10002d2c:	0c04      	lsrs	r4, r0, #16
10002d2e:	4361      	muls	r1, r4
10002d30:	b292      	uxth	r2, r2
10002d32:	b280      	uxth	r0, r0
10002d34:	4350      	muls	r0, r2
10002d36:	4362      	muls	r2, r4
10002d38:	041c      	lsls	r4, r3, #16
10002d3a:	0c1b      	lsrs	r3, r3, #16
10002d3c:	1900      	adds	r0, r0, r4
10002d3e:	bc10      	pop	{r4}
10002d40:	4159      	adcs	r1, r3
10002d42:	0413      	lsls	r3, r2, #16
10002d44:	0c12      	lsrs	r2, r2, #16
10002d46:	18c0      	adds	r0, r0, r3
10002d48:	4151      	adcs	r1, r2
10002d4a:	4461      	add	r1, ip
10002d4c:	4770      	bx	lr
	...

10002d50 <missing_float_func_shim>:
10002d50:	b510      	push	{r4, lr}
10002d52:	4801      	ldr	r0, [pc, #4]	@ (10002d58 <missing_float_func_shim+0x8>)
10002d54:	f7fe f806 	bl	10000d64 <panic>
10002d58:	10005684 	.word	0x10005684

10002d5c <__aeabi_float_init>:
10002d5c:	b570      	push	{r4, r5, r6, lr}
10002d5e:	2313      	movs	r3, #19
10002d60:	781e      	ldrb	r6, [r3, #0]
10002d62:	4818      	ldr	r0, [pc, #96]	@ (10002dc4 <__aeabi_float_init+0x68>)
10002d64:	f7ff fae4 	bl	10002330 <rom_data_lookup>
10002d68:	0005      	movs	r5, r0
10002d6a:	2e01      	cmp	r6, #1
10002d6c:	d011      	beq.n	10002d92 <__aeabi_float_init+0x36>
10002d6e:	2e01      	cmp	r6, #1
10002d70:	dd09      	ble.n	10002d86 <__aeabi_float_init+0x2a>
10002d72:	1eab      	subs	r3, r5, #2
10002d74:	781b      	ldrb	r3, [r3, #0]
10002d76:	009b      	lsls	r3, r3, #2
10002d78:	2b7f      	cmp	r3, #127	@ 0x7f
10002d7a:	dd1d      	ble.n	10002db8 <__aeabi_float_init+0x5c>
10002d7c:	4812      	ldr	r0, [pc, #72]	@ (10002dc8 <__aeabi_float_init+0x6c>)
10002d7e:	2280      	movs	r2, #128	@ 0x80
10002d80:	0029      	movs	r1, r5
10002d82:	f000 f859 	bl	10002e38 <__wrap___aeabi_memcpy>
10002d86:	4811      	ldr	r0, [pc, #68]	@ (10002dcc <__aeabi_float_init+0x70>)
10002d88:	f7ff faca 	bl	10002320 <rom_func_lookup>
10002d8c:	4b10      	ldr	r3, [pc, #64]	@ (10002dd0 <__aeabi_float_init+0x74>)
10002d8e:	6018      	str	r0, [r3, #0]
10002d90:	bd70      	pop	{r4, r5, r6, pc}
10002d92:	480d      	ldr	r0, [pc, #52]	@ (10002dc8 <__aeabi_float_init+0x6c>)
10002d94:	2254      	movs	r2, #84	@ 0x54
10002d96:	0029      	movs	r1, r5
10002d98:	f000 f84e 	bl	10002e38 <__wrap___aeabi_memcpy>
10002d9c:	2300      	movs	r3, #0
10002d9e:	e000      	b.n	10002da2 <__aeabi_float_init+0x46>
10002da0:	3301      	adds	r3, #1
10002da2:	2b1f      	cmp	r3, #31
10002da4:	d8e3      	bhi.n	10002d6e <__aeabi_float_init+0x12>
10002da6:	4a08      	ldr	r2, [pc, #32]	@ (10002dc8 <__aeabi_float_init+0x6c>)
10002da8:	009c      	lsls	r4, r3, #2
10002daa:	58a2      	ldr	r2, [r4, r2]
10002dac:	2a00      	cmp	r2, #0
10002dae:	d1f7      	bne.n	10002da0 <__aeabi_float_init+0x44>
10002db0:	4908      	ldr	r1, [pc, #32]	@ (10002dd4 <__aeabi_float_init+0x78>)
10002db2:	4a05      	ldr	r2, [pc, #20]	@ (10002dc8 <__aeabi_float_init+0x6c>)
10002db4:	50a1      	str	r1, [r4, r2]
10002db6:	e7f3      	b.n	10002da0 <__aeabi_float_init+0x44>
10002db8:	4b07      	ldr	r3, [pc, #28]	@ (10002dd8 <__aeabi_float_init+0x7c>)
10002dba:	4a08      	ldr	r2, [pc, #32]	@ (10002ddc <__aeabi_float_init+0x80>)
10002dbc:	4808      	ldr	r0, [pc, #32]	@ (10002de0 <__aeabi_float_init+0x84>)
10002dbe:	2142      	movs	r1, #66	@ 0x42
10002dc0:	f001 f958 	bl	10004074 <__assert_func>
10002dc4:	00004653 	.word	0x00004653
10002dc8:	20000cc8 	.word	0x20000cc8
10002dcc:	0000334c 	.word	0x0000334c
10002dd0:	20000cc4 	.word	0x20000cc4
10002dd4:	10002d51 	.word	0x10002d51
10002dd8:	10005cec 	.word	0x10005cec
10002ddc:	10006010 	.word	0x10006010
10002de0:	10005d20 	.word	0x10005d20

10002de4 <check_alloc>:
10002de4:	b510      	push	{r4, lr}
10002de6:	2800      	cmp	r0, #0
10002de8:	d004      	beq.n	10002df4 <check_alloc+0x10>
10002dea:	1840      	adds	r0, r0, r1
10002dec:	4b03      	ldr	r3, [pc, #12]	@ (10002dfc <check_alloc+0x18>)
10002dee:	4298      	cmp	r0, r3
10002df0:	d800      	bhi.n	10002df4 <check_alloc+0x10>
10002df2:	bd10      	pop	{r4, pc}
10002df4:	4802      	ldr	r0, [pc, #8]	@ (10002e00 <check_alloc+0x1c>)
10002df6:	f7fd ffb5 	bl	10000d64 <panic>
10002dfa:	46c0      	nop			@ (mov r8, r8)
10002dfc:	20040000 	.word	0x20040000
10002e00:	10005d64 	.word	0x10005d64

10002e04 <__wrap_calloc>:
10002e04:	b570      	push	{r4, r5, r6, lr}
10002e06:	0006      	movs	r6, r0
10002e08:	000c      	movs	r4, r1
10002e0a:	f001 fbcb 	bl	100045a4 <calloc>
10002e0e:	0005      	movs	r5, r0
10002e10:	0021      	movs	r1, r4
10002e12:	4371      	muls	r1, r6
10002e14:	f7ff ffe6 	bl	10002de4 <check_alloc>
10002e18:	0028      	movs	r0, r5
10002e1a:	bd70      	pop	{r4, r5, r6, pc}

10002e1c <__aeabi_mem_init>:
10002e1c:	4801      	ldr	r0, [pc, #4]	@ (10002e24 <__aeabi_mem_init+0x8>)
10002e1e:	2104      	movs	r1, #4
10002e20:	4b01      	ldr	r3, [pc, #4]	@ (10002e28 <__aeabi_mem_init+0xc>)
10002e22:	4718      	bx	r3
10002e24:	200002c0 	.word	0x200002c0
10002e28:	10002341 	.word	0x10002341

10002e2c <__wrap_memset>:
10002e2c:	4b01      	ldr	r3, [pc, #4]	@ (10002e34 <__wrap_memset+0x8>)
10002e2e:	681b      	ldr	r3, [r3, #0]
10002e30:	4718      	bx	r3
10002e32:	0000      	.short	0x0000
10002e34:	200002c0 	.word	0x200002c0

10002e38 <__wrap___aeabi_memcpy>:
10002e38:	4b01      	ldr	r3, [pc, #4]	@ (10002e40 <__wrap___aeabi_memcpy+0x8>)
10002e3a:	685b      	ldr	r3, [r3, #4]
10002e3c:	4718      	bx	r3
10002e3e:	0000      	.short	0x0000
10002e40:	200002c0 	.word	0x200002c0

10002e44 <_out_buffer>:
10002e44:	429a      	cmp	r2, r3
10002e46:	d200      	bcs.n	10002e4a <_out_buffer+0x6>
10002e48:	5488      	strb	r0, [r1, r2]
10002e4a:	4770      	bx	lr

10002e4c <_out_null>:
10002e4c:	4770      	bx	lr

10002e4e <_out_fct>:
10002e4e:	b510      	push	{r4, lr}
10002e50:	2800      	cmp	r0, #0
10002e52:	d002      	beq.n	10002e5a <_out_fct+0xc>
10002e54:	680b      	ldr	r3, [r1, #0]
10002e56:	6849      	ldr	r1, [r1, #4]
10002e58:	4798      	blx	r3
10002e5a:	bd10      	pop	{r4, pc}

10002e5c <_atoi>:
10002e5c:	0001      	movs	r1, r0
10002e5e:	2000      	movs	r0, #0
10002e60:	e007      	b.n	10002e72 <_atoi+0x16>
10002e62:	0083      	lsls	r3, r0, #2
10002e64:	181b      	adds	r3, r3, r0
10002e66:	005b      	lsls	r3, r3, #1
10002e68:	1c50      	adds	r0, r2, #1
10002e6a:	6008      	str	r0, [r1, #0]
10002e6c:	7810      	ldrb	r0, [r2, #0]
10002e6e:	18c0      	adds	r0, r0, r3
10002e70:	3830      	subs	r0, #48	@ 0x30
10002e72:	680a      	ldr	r2, [r1, #0]
10002e74:	7813      	ldrb	r3, [r2, #0]
10002e76:	3b30      	subs	r3, #48	@ 0x30
10002e78:	b2db      	uxtb	r3, r3
10002e7a:	2b09      	cmp	r3, #9
10002e7c:	d9f1      	bls.n	10002e62 <_atoi+0x6>
10002e7e:	4770      	bx	lr

10002e80 <_out_rev>:
10002e80:	b5f0      	push	{r4, r5, r6, r7, lr}
10002e82:	46de      	mov	lr, fp
10002e84:	4657      	mov	r7, sl
10002e86:	464e      	mov	r6, r9
10002e88:	4645      	mov	r5, r8
10002e8a:	b5e0      	push	{r5, r6, r7, lr}
10002e8c:	b083      	sub	sp, #12
10002e8e:	4693      	mov	fp, r2
10002e90:	001f      	movs	r7, r3
10002e92:	9b0c      	ldr	r3, [sp, #48]	@ 0x30
10002e94:	469a      	mov	sl, r3
10002e96:	9c0d      	ldr	r4, [sp, #52]	@ 0x34
10002e98:	9b0e      	ldr	r3, [sp, #56]	@ 0x38
10002e9a:	4699      	mov	r9, r3
10002e9c:	9b0f      	ldr	r3, [sp, #60]	@ 0x3c
10002e9e:	079b      	lsls	r3, r3, #30
10002ea0:	d003      	beq.n	10002eaa <_out_rev+0x2a>
10002ea2:	46b8      	mov	r8, r7
10002ea4:	000f      	movs	r7, r1
10002ea6:	0006      	movs	r6, r0
10002ea8:	e022      	b.n	10002ef0 <_out_rev+0x70>
10002eaa:	9201      	str	r2, [sp, #4]
10002eac:	46a3      	mov	fp, r4
10002eae:	4688      	mov	r8, r1
10002eb0:	464e      	mov	r6, r9
10002eb2:	46b9      	mov	r9, r7
10002eb4:	0007      	movs	r7, r0
10002eb6:	42b4      	cmp	r4, r6
10002eb8:	d207      	bcs.n	10002eca <_out_rev+0x4a>
10002eba:	1c55      	adds	r5, r2, #1
10002ebc:	464b      	mov	r3, r9
10002ebe:	4641      	mov	r1, r8
10002ec0:	2020      	movs	r0, #32
10002ec2:	47b8      	blx	r7
10002ec4:	3401      	adds	r4, #1
10002ec6:	002a      	movs	r2, r5
10002ec8:	e7f5      	b.n	10002eb6 <_out_rev+0x36>
10002eca:	003d      	movs	r5, r7
10002ecc:	464f      	mov	r7, r9
10002ece:	465c      	mov	r4, fp
10002ed0:	9b01      	ldr	r3, [sp, #4]
10002ed2:	469b      	mov	fp, r3
10002ed4:	46b1      	mov	r9, r6
10002ed6:	4646      	mov	r6, r8
10002ed8:	46b8      	mov	r8, r7
10002eda:	0037      	movs	r7, r6
10002edc:	002e      	movs	r6, r5
10002ede:	e007      	b.n	10002ef0 <_out_rev+0x70>
10002ee0:	3c01      	subs	r4, #1
10002ee2:	1c55      	adds	r5, r2, #1
10002ee4:	4653      	mov	r3, sl
10002ee6:	5d18      	ldrb	r0, [r3, r4]
10002ee8:	4643      	mov	r3, r8
10002eea:	0039      	movs	r1, r7
10002eec:	47b0      	blx	r6
10002eee:	002a      	movs	r2, r5
10002ef0:	2c00      	cmp	r4, #0
10002ef2:	d1f5      	bne.n	10002ee0 <_out_rev+0x60>
10002ef4:	0035      	movs	r5, r6
10002ef6:	003e      	movs	r6, r7
10002ef8:	4647      	mov	r7, r8
10002efa:	9b0f      	ldr	r3, [sp, #60]	@ 0x3c
10002efc:	079b      	lsls	r3, r3, #30
10002efe:	d407      	bmi.n	10002f10 <_out_rev+0x90>
10002f00:	0010      	movs	r0, r2
10002f02:	b003      	add	sp, #12
10002f04:	bcf0      	pop	{r4, r5, r6, r7}
10002f06:	46bb      	mov	fp, r7
10002f08:	46b2      	mov	sl, r6
10002f0a:	46a9      	mov	r9, r5
10002f0c:	46a0      	mov	r8, r4
10002f0e:	bdf0      	pop	{r4, r5, r6, r7, pc}
10002f10:	46b0      	mov	r8, r6
10002f12:	464e      	mov	r6, r9
10002f14:	46b9      	mov	r9, r7
10002f16:	002f      	movs	r7, r5
10002f18:	465d      	mov	r5, fp
10002f1a:	1b53      	subs	r3, r2, r5
10002f1c:	42b3      	cmp	r3, r6
10002f1e:	d2ef      	bcs.n	10002f00 <_out_rev+0x80>
10002f20:	1c54      	adds	r4, r2, #1
10002f22:	464b      	mov	r3, r9
10002f24:	4641      	mov	r1, r8
10002f26:	2020      	movs	r0, #32
10002f28:	47b8      	blx	r7
10002f2a:	0022      	movs	r2, r4
10002f2c:	e7f5      	b.n	10002f1a <_out_rev+0x9a>

10002f2e <_ntoa_format>:
10002f2e:	b5f0      	push	{r4, r5, r6, r7, lr}
10002f30:	46ce      	mov	lr, r9
10002f32:	4647      	mov	r7, r8
10002f34:	b580      	push	{r7, lr}
10002f36:	b085      	sub	sp, #20
10002f38:	4694      	mov	ip, r2
10002f3a:	4698      	mov	r8, r3
10002f3c:	9d0c      	ldr	r5, [sp, #48]	@ 0x30
10002f3e:	9c0d      	ldr	r4, [sp, #52]	@ 0x34
10002f40:	ab0e      	add	r3, sp, #56	@ 0x38
10002f42:	781b      	ldrb	r3, [r3, #0]
10002f44:	4699      	mov	r9, r3
10002f46:	9a10      	ldr	r2, [sp, #64]	@ 0x40
10002f48:	9b11      	ldr	r3, [sp, #68]	@ 0x44
10002f4a:	9e12      	ldr	r6, [sp, #72]	@ 0x48
10002f4c:	07b7      	lsls	r7, r6, #30
10002f4e:	d41c      	bmi.n	10002f8a <_ntoa_format+0x5c>
10002f50:	2b00      	cmp	r3, #0
10002f52:	d00c      	beq.n	10002f6e <_ntoa_format+0x40>
10002f54:	07f7      	lsls	r7, r6, #31
10002f56:	d50a      	bpl.n	10002f6e <_ntoa_format+0x40>
10002f58:	464f      	mov	r7, r9
10002f5a:	2f00      	cmp	r7, #0
10002f5c:	d102      	bne.n	10002f64 <_ntoa_format+0x36>
10002f5e:	370c      	adds	r7, #12
10002f60:	4237      	tst	r7, r6
10002f62:	d004      	beq.n	10002f6e <_ntoa_format+0x40>
10002f64:	3b01      	subs	r3, #1
10002f66:	e002      	b.n	10002f6e <_ntoa_format+0x40>
10002f68:	2730      	movs	r7, #48	@ 0x30
10002f6a:	552f      	strb	r7, [r5, r4]
10002f6c:	3401      	adds	r4, #1
10002f6e:	4294      	cmp	r4, r2
10002f70:	d201      	bcs.n	10002f76 <_ntoa_format+0x48>
10002f72:	2c1f      	cmp	r4, #31
10002f74:	d9f8      	bls.n	10002f68 <_ntoa_format+0x3a>
10002f76:	07f7      	lsls	r7, r6, #31
10002f78:	d507      	bpl.n	10002f8a <_ntoa_format+0x5c>
10002f7a:	429c      	cmp	r4, r3
10002f7c:	d205      	bcs.n	10002f8a <_ntoa_format+0x5c>
10002f7e:	2c1f      	cmp	r4, #31
10002f80:	d803      	bhi.n	10002f8a <_ntoa_format+0x5c>
10002f82:	2730      	movs	r7, #48	@ 0x30
10002f84:	552f      	strb	r7, [r5, r4]
10002f86:	3401      	adds	r4, #1
10002f88:	e7f5      	b.n	10002f76 <_ntoa_format+0x48>
10002f8a:	06f7      	lsls	r7, r6, #27
10002f8c:	d512      	bpl.n	10002fb4 <_ntoa_format+0x86>
10002f8e:	0577      	lsls	r7, r6, #21
10002f90:	d405      	bmi.n	10002f9e <_ntoa_format+0x70>
10002f92:	2c00      	cmp	r4, #0
10002f94:	d003      	beq.n	10002f9e <_ntoa_format+0x70>
10002f96:	4294      	cmp	r4, r2
10002f98:	d021      	beq.n	10002fde <_ntoa_format+0xb0>
10002f9a:	429c      	cmp	r4, r3
10002f9c:	d01f      	beq.n	10002fde <_ntoa_format+0xb0>
10002f9e:	9a0f      	ldr	r2, [sp, #60]	@ 0x3c
10002fa0:	2a10      	cmp	r2, #16
10002fa2:	d032      	beq.n	1000300a <_ntoa_format+0xdc>
10002fa4:	9a0f      	ldr	r2, [sp, #60]	@ 0x3c
10002fa6:	2a02      	cmp	r2, #2
10002fa8:	d037      	beq.n	1000301a <_ntoa_format+0xec>
10002faa:	2c1f      	cmp	r4, #31
10002fac:	d80a      	bhi.n	10002fc4 <_ntoa_format+0x96>
10002fae:	2230      	movs	r2, #48	@ 0x30
10002fb0:	552a      	strb	r2, [r5, r4]
10002fb2:	3401      	adds	r4, #1
10002fb4:	2c1f      	cmp	r4, #31
10002fb6:	d805      	bhi.n	10002fc4 <_ntoa_format+0x96>
10002fb8:	464a      	mov	r2, r9
10002fba:	2a00      	cmp	r2, #0
10002fbc:	d033      	beq.n	10003026 <_ntoa_format+0xf8>
10002fbe:	222d      	movs	r2, #45	@ 0x2d
10002fc0:	552a      	strb	r2, [r5, r4]
10002fc2:	3401      	adds	r4, #1
10002fc4:	9603      	str	r6, [sp, #12]
10002fc6:	9302      	str	r3, [sp, #8]
10002fc8:	9401      	str	r4, [sp, #4]
10002fca:	9500      	str	r5, [sp, #0]
10002fcc:	4643      	mov	r3, r8
10002fce:	4662      	mov	r2, ip
10002fd0:	f7ff ff56 	bl	10002e80 <_out_rev>
10002fd4:	b005      	add	sp, #20
10002fd6:	bcc0      	pop	{r6, r7}
10002fd8:	46b9      	mov	r9, r7
10002fda:	46b0      	mov	r8, r6
10002fdc:	bdf0      	pop	{r4, r5, r6, r7, pc}
10002fde:	1e62      	subs	r2, r4, #1
10002fe0:	2c01      	cmp	r4, #1
10002fe2:	d010      	beq.n	10003006 <_ntoa_format+0xd8>
10002fe4:	9f0f      	ldr	r7, [sp, #60]	@ 0x3c
10002fe6:	2f10      	cmp	r7, #16
10002fe8:	d00b      	beq.n	10003002 <_ntoa_format+0xd4>
10002fea:	0014      	movs	r4, r2
10002fec:	9a0f      	ldr	r2, [sp, #60]	@ 0x3c
10002fee:	2a10      	cmp	r2, #16
10002ff0:	d1d8      	bne.n	10002fa4 <_ntoa_format+0x76>
10002ff2:	06b2      	lsls	r2, r6, #26
10002ff4:	d5d6      	bpl.n	10002fa4 <_ntoa_format+0x76>
10002ff6:	2c1f      	cmp	r4, #31
10002ff8:	d8d4      	bhi.n	10002fa4 <_ntoa_format+0x76>
10002ffa:	2258      	movs	r2, #88	@ 0x58
10002ffc:	552a      	strb	r2, [r5, r4]
10002ffe:	3401      	adds	r4, #1
10003000:	e7d3      	b.n	10002faa <_ntoa_format+0x7c>
10003002:	3c02      	subs	r4, #2
10003004:	e7cb      	b.n	10002f9e <_ntoa_format+0x70>
10003006:	0014      	movs	r4, r2
10003008:	e7c9      	b.n	10002f9e <_ntoa_format+0x70>
1000300a:	06b2      	lsls	r2, r6, #26
1000300c:	d4ee      	bmi.n	10002fec <_ntoa_format+0xbe>
1000300e:	2c1f      	cmp	r4, #31
10003010:	d8ec      	bhi.n	10002fec <_ntoa_format+0xbe>
10003012:	2278      	movs	r2, #120	@ 0x78
10003014:	552a      	strb	r2, [r5, r4]
10003016:	3401      	adds	r4, #1
10003018:	e7c7      	b.n	10002faa <_ntoa_format+0x7c>
1000301a:	2c1f      	cmp	r4, #31
1000301c:	d8d2      	bhi.n	10002fc4 <_ntoa_format+0x96>
1000301e:	3260      	adds	r2, #96	@ 0x60
10003020:	552a      	strb	r2, [r5, r4]
10003022:	3401      	adds	r4, #1
10003024:	e7c1      	b.n	10002faa <_ntoa_format+0x7c>
10003026:	0772      	lsls	r2, r6, #29
10003028:	d503      	bpl.n	10003032 <_ntoa_format+0x104>
1000302a:	222b      	movs	r2, #43	@ 0x2b
1000302c:	552a      	strb	r2, [r5, r4]
1000302e:	3401      	adds	r4, #1
10003030:	e7c8      	b.n	10002fc4 <_ntoa_format+0x96>
10003032:	0732      	lsls	r2, r6, #28
10003034:	d5c6      	bpl.n	10002fc4 <_ntoa_format+0x96>
10003036:	2220      	movs	r2, #32
10003038:	552a      	strb	r2, [r5, r4]
1000303a:	3401      	adds	r4, #1
1000303c:	e7c2      	b.n	10002fc4 <_ntoa_format+0x96>

1000303e <_ntoa_long>:
1000303e:	b5f0      	push	{r4, r5, r6, r7, lr}
10003040:	46de      	mov	lr, fp
10003042:	4657      	mov	r7, sl
10003044:	464e      	mov	r6, r9
10003046:	4645      	mov	r5, r8
10003048:	b5e0      	push	{r5, r6, r7, lr}
1000304a:	b093      	sub	sp, #76	@ 0x4c
1000304c:	4681      	mov	r9, r0
1000304e:	468a      	mov	sl, r1
10003050:	9208      	str	r2, [sp, #32]
10003052:	9309      	str	r3, [sp, #36]	@ 0x24
10003054:	ab1c      	add	r3, sp, #112	@ 0x70
10003056:	cb10      	ldmia	r3!, {r4}
10003058:	781b      	ldrb	r3, [r3, #0]
1000305a:	469b      	mov	fp, r3
1000305c:	9d1e      	ldr	r5, [sp, #120]	@ 0x78
1000305e:	9b21      	ldr	r3, [sp, #132]	@ 0x84
10003060:	4698      	mov	r8, r3
10003062:	2c00      	cmp	r4, #0
10003064:	d103      	bne.n	1000306e <_ntoa_long+0x30>
10003066:	2310      	movs	r3, #16
10003068:	4642      	mov	r2, r8
1000306a:	439a      	bics	r2, r3
1000306c:	4690      	mov	r8, r2
1000306e:	2380      	movs	r3, #128	@ 0x80
10003070:	00db      	lsls	r3, r3, #3
10003072:	4646      	mov	r6, r8
10003074:	401e      	ands	r6, r3
10003076:	4642      	mov	r2, r8
10003078:	421a      	tst	r2, r3
1000307a:	d012      	beq.n	100030a2 <_ntoa_long+0x64>
1000307c:	2c00      	cmp	r4, #0
1000307e:	d022      	beq.n	100030c6 <_ntoa_long+0x88>
10003080:	2600      	movs	r6, #0
10003082:	e00e      	b.n	100030a2 <_ntoa_long+0x64>
10003084:	3330      	adds	r3, #48	@ 0x30
10003086:	b2d9      	uxtb	r1, r3
10003088:	1c77      	adds	r7, r6, #1
1000308a:	ab0a      	add	r3, sp, #40	@ 0x28
1000308c:	5599      	strb	r1, [r3, r6]
1000308e:	0029      	movs	r1, r5
10003090:	0020      	movs	r0, r4
10003092:	f7ff faad 	bl	100025f0 <__wrap___aeabi_uidiv>
10003096:	42ac      	cmp	r4, r5
10003098:	d316      	bcc.n	100030c8 <_ntoa_long+0x8a>
1000309a:	2f1f      	cmp	r7, #31
1000309c:	d814      	bhi.n	100030c8 <_ntoa_long+0x8a>
1000309e:	003e      	movs	r6, r7
100030a0:	0004      	movs	r4, r0
100030a2:	0029      	movs	r1, r5
100030a4:	0020      	movs	r0, r4
100030a6:	f7ff faa3 	bl	100025f0 <__wrap___aeabi_uidiv>
100030aa:	b2cb      	uxtb	r3, r1
100030ac:	2b09      	cmp	r3, #9
100030ae:	d9e9      	bls.n	10003084 <_ntoa_long+0x46>
100030b0:	4642      	mov	r2, r8
100030b2:	0692      	lsls	r2, r2, #26
100030b4:	d505      	bpl.n	100030c2 <_ntoa_long+0x84>
100030b6:	2141      	movs	r1, #65	@ 0x41
100030b8:	18c9      	adds	r1, r1, r3
100030ba:	b2c9      	uxtb	r1, r1
100030bc:	390a      	subs	r1, #10
100030be:	b2c9      	uxtb	r1, r1
100030c0:	e7e2      	b.n	10003088 <_ntoa_long+0x4a>
100030c2:	2161      	movs	r1, #97	@ 0x61
100030c4:	e7f8      	b.n	100030b8 <_ntoa_long+0x7a>
100030c6:	0027      	movs	r7, r4
100030c8:	4643      	mov	r3, r8
100030ca:	9306      	str	r3, [sp, #24]
100030cc:	9b20      	ldr	r3, [sp, #128]	@ 0x80
100030ce:	9305      	str	r3, [sp, #20]
100030d0:	9b1f      	ldr	r3, [sp, #124]	@ 0x7c
100030d2:	9304      	str	r3, [sp, #16]
100030d4:	9503      	str	r5, [sp, #12]
100030d6:	465b      	mov	r3, fp
100030d8:	9302      	str	r3, [sp, #8]
100030da:	9701      	str	r7, [sp, #4]
100030dc:	ab0a      	add	r3, sp, #40	@ 0x28
100030de:	9300      	str	r3, [sp, #0]
100030e0:	9b09      	ldr	r3, [sp, #36]	@ 0x24
100030e2:	9a08      	ldr	r2, [sp, #32]
100030e4:	4651      	mov	r1, sl
100030e6:	4648      	mov	r0, r9
100030e8:	f7ff ff21 	bl	10002f2e <_ntoa_format>
100030ec:	b013      	add	sp, #76	@ 0x4c
100030ee:	bcf0      	pop	{r4, r5, r6, r7}
100030f0:	46bb      	mov	fp, r7
100030f2:	46b2      	mov	sl, r6
100030f4:	46a9      	mov	r9, r5
100030f6:	46a0      	mov	r8, r4
100030f8:	bdf0      	pop	{r4, r5, r6, r7, pc}

100030fa <_ntoa_long_long>:
100030fa:	b5f0      	push	{r4, r5, r6, r7, lr}
100030fc:	46de      	mov	lr, fp
100030fe:	4657      	mov	r7, sl
10003100:	464e      	mov	r6, r9
10003102:	4645      	mov	r5, r8
10003104:	b5e0      	push	{r5, r6, r7, lr}
10003106:	b097      	sub	sp, #92	@ 0x5c
10003108:	900a      	str	r0, [sp, #40]	@ 0x28
1000310a:	910b      	str	r1, [sp, #44]	@ 0x2c
1000310c:	920c      	str	r2, [sp, #48]	@ 0x30
1000310e:	469a      	mov	sl, r3
10003110:	9b20      	ldr	r3, [sp, #128]	@ 0x80
10003112:	4699      	mov	r9, r3
10003114:	9f21      	ldr	r7, [sp, #132]	@ 0x84
10003116:	aa22      	add	r2, sp, #136	@ 0x88
10003118:	7813      	ldrb	r3, [r2, #0]
1000311a:	469b      	mov	fp, r3
1000311c:	9b24      	ldr	r3, [sp, #144]	@ 0x90
1000311e:	9309      	str	r3, [sp, #36]	@ 0x24
10003120:	9c25      	ldr	r4, [sp, #148]	@ 0x94
10003122:	9b28      	ldr	r3, [sp, #160]	@ 0xa0
10003124:	4698      	mov	r8, r3
10003126:	464a      	mov	r2, r9
10003128:	433a      	orrs	r2, r7
1000312a:	d102      	bne.n	10003132 <_ntoa_long_long+0x38>
1000312c:	3210      	adds	r2, #16
1000312e:	4393      	bics	r3, r2
10003130:	4698      	mov	r8, r3
10003132:	2280      	movs	r2, #128	@ 0x80
10003134:	00d2      	lsls	r2, r2, #3
10003136:	4645      	mov	r5, r8
10003138:	4015      	ands	r5, r2
1000313a:	4643      	mov	r3, r8
1000313c:	4213      	tst	r3, r2
1000313e:	d00a      	beq.n	10003156 <_ntoa_long_long+0x5c>
10003140:	464a      	mov	r2, r9
10003142:	433a      	orrs	r2, r7
10003144:	d041      	beq.n	100031ca <_ntoa_long_long+0xd0>
10003146:	2500      	movs	r5, #0
10003148:	002e      	movs	r6, r5
1000314a:	4653      	mov	r3, sl
1000314c:	930d      	str	r3, [sp, #52]	@ 0x34
1000314e:	464d      	mov	r5, r9
10003150:	9b09      	ldr	r3, [sp, #36]	@ 0x24
10003152:	469a      	mov	sl, r3
10003154:	e01b      	b.n	1000318e <_ntoa_long_long+0x94>
10003156:	002e      	movs	r6, r5
10003158:	4653      	mov	r3, sl
1000315a:	930d      	str	r3, [sp, #52]	@ 0x34
1000315c:	464d      	mov	r5, r9
1000315e:	9b09      	ldr	r3, [sp, #36]	@ 0x24
10003160:	469a      	mov	sl, r3
10003162:	e014      	b.n	1000318e <_ntoa_long_long+0x94>
10003164:	3330      	adds	r3, #48	@ 0x30
10003166:	b2da      	uxtb	r2, r3
10003168:	1c73      	adds	r3, r6, #1
1000316a:	4699      	mov	r9, r3
1000316c:	ab0e      	add	r3, sp, #56	@ 0x38
1000316e:	559a      	strb	r2, [r3, r6]
10003170:	4652      	mov	r2, sl
10003172:	0023      	movs	r3, r4
10003174:	0028      	movs	r0, r5
10003176:	0039      	movs	r1, r7
10003178:	f7ff fa78 	bl	1000266c <__wrap___aeabi_uldivmod>
1000317c:	42bc      	cmp	r4, r7
1000317e:	d826      	bhi.n	100031ce <_ntoa_long_long+0xd4>
10003180:	d019      	beq.n	100031b6 <_ntoa_long_long+0xbc>
10003182:	464b      	mov	r3, r9
10003184:	2b1f      	cmp	r3, #31
10003186:	d81c      	bhi.n	100031c2 <_ntoa_long_long+0xc8>
10003188:	464e      	mov	r6, r9
1000318a:	0005      	movs	r5, r0
1000318c:	000f      	movs	r7, r1
1000318e:	4652      	mov	r2, sl
10003190:	0023      	movs	r3, r4
10003192:	0028      	movs	r0, r5
10003194:	0039      	movs	r1, r7
10003196:	f7ff fa69 	bl	1000266c <__wrap___aeabi_uldivmod>
1000319a:	b2d3      	uxtb	r3, r2
1000319c:	2b09      	cmp	r3, #9
1000319e:	d9e1      	bls.n	10003164 <_ntoa_long_long+0x6a>
100031a0:	4642      	mov	r2, r8
100031a2:	0692      	lsls	r2, r2, #26
100031a4:	d505      	bpl.n	100031b2 <_ntoa_long_long+0xb8>
100031a6:	2241      	movs	r2, #65	@ 0x41
100031a8:	18d2      	adds	r2, r2, r3
100031aa:	b2d2      	uxtb	r2, r2
100031ac:	3a0a      	subs	r2, #10
100031ae:	b2d2      	uxtb	r2, r2
100031b0:	e7da      	b.n	10003168 <_ntoa_long_long+0x6e>
100031b2:	2261      	movs	r2, #97	@ 0x61
100031b4:	e7f8      	b.n	100031a8 <_ntoa_long_long+0xae>
100031b6:	45aa      	cmp	sl, r5
100031b8:	d9e3      	bls.n	10003182 <_ntoa_long_long+0x88>
100031ba:	464e      	mov	r6, r9
100031bc:	9b0d      	ldr	r3, [sp, #52]	@ 0x34
100031be:	469a      	mov	sl, r3
100031c0:	e008      	b.n	100031d4 <_ntoa_long_long+0xda>
100031c2:	464e      	mov	r6, r9
100031c4:	9b0d      	ldr	r3, [sp, #52]	@ 0x34
100031c6:	469a      	mov	sl, r3
100031c8:	e004      	b.n	100031d4 <_ntoa_long_long+0xda>
100031ca:	2600      	movs	r6, #0
100031cc:	e002      	b.n	100031d4 <_ntoa_long_long+0xda>
100031ce:	464e      	mov	r6, r9
100031d0:	9b0d      	ldr	r3, [sp, #52]	@ 0x34
100031d2:	469a      	mov	sl, r3
100031d4:	4643      	mov	r3, r8
100031d6:	9306      	str	r3, [sp, #24]
100031d8:	9b27      	ldr	r3, [sp, #156]	@ 0x9c
100031da:	9305      	str	r3, [sp, #20]
100031dc:	9b26      	ldr	r3, [sp, #152]	@ 0x98
100031de:	9304      	str	r3, [sp, #16]
100031e0:	9b09      	ldr	r3, [sp, #36]	@ 0x24
100031e2:	9303      	str	r3, [sp, #12]
100031e4:	465b      	mov	r3, fp
100031e6:	9302      	str	r3, [sp, #8]
100031e8:	9601      	str	r6, [sp, #4]
100031ea:	ab0e      	add	r3, sp, #56	@ 0x38
100031ec:	9300      	str	r3, [sp, #0]
100031ee:	4653      	mov	r3, sl
100031f0:	9a0c      	ldr	r2, [sp, #48]	@ 0x30
100031f2:	990b      	ldr	r1, [sp, #44]	@ 0x2c
100031f4:	980a      	ldr	r0, [sp, #40]	@ 0x28
100031f6:	f7ff fe9a 	bl	10002f2e <_ntoa_format>
100031fa:	b017      	add	sp, #92	@ 0x5c
100031fc:	bcf0      	pop	{r4, r5, r6, r7}
100031fe:	46bb      	mov	fp, r7
10003200:	46b2      	mov	sl, r6
10003202:	46a9      	mov	r9, r5
10003204:	46a0      	mov	r8, r4
10003206:	bdf0      	pop	{r4, r5, r6, r7, pc}

10003208 <_etoa>:
10003208:	b5f0      	push	{r4, r5, r6, r7, lr}
1000320a:	46de      	mov	lr, fp
1000320c:	4657      	mov	r7, sl
1000320e:	464e      	mov	r6, r9
10003210:	4645      	mov	r5, r8
10003212:	b5e0      	push	{r5, r6, r7, lr}
10003214:	b091      	sub	sp, #68	@ 0x44
10003216:	4680      	mov	r8, r0
10003218:	4689      	mov	r9, r1
1000321a:	920c      	str	r2, [sp, #48]	@ 0x30
1000321c:	469a      	mov	sl, r3
1000321e:	9c1a      	ldr	r4, [sp, #104]	@ 0x68
10003220:	9d1b      	ldr	r5, [sp, #108]	@ 0x6c
10003222:	0022      	movs	r2, r4
10003224:	002b      	movs	r3, r5
10003226:	0020      	movs	r0, r4
10003228:	0029      	movs	r1, r5
1000322a:	f7ff fc9a 	bl	10002b62 <__wrap___aeabi_dcmpun>
1000322e:	2800      	cmp	r0, #0
10003230:	d000      	beq.n	10003234 <_etoa+0x2c>
10003232:	e0ec      	b.n	1000340e <_etoa+0x206>
10003234:	2201      	movs	r2, #1
10003236:	4252      	negs	r2, r2
10003238:	4bd4      	ldr	r3, [pc, #848]	@ (1000358c <_etoa+0x384>)
1000323a:	0020      	movs	r0, r4
1000323c:	0029      	movs	r1, r5
1000323e:	f7ff fc8b 	bl	10002b58 <__wrap___aeabi_dcmpgt>
10003242:	2800      	cmp	r0, #0
10003244:	d000      	beq.n	10003248 <_etoa+0x40>
10003246:	e0e2      	b.n	1000340e <_etoa+0x206>
10003248:	2201      	movs	r2, #1
1000324a:	4252      	negs	r2, r2
1000324c:	4bd0      	ldr	r3, [pc, #832]	@ (10003590 <_etoa+0x388>)
1000324e:	0020      	movs	r0, r4
10003250:	0029      	movs	r1, r5
10003252:	f7ff fc6b 	bl	10002b2c <__wrap___aeabi_dcmplt>
10003256:	2800      	cmp	r0, #0
10003258:	d000      	beq.n	1000325c <_etoa+0x54>
1000325a:	e0d8      	b.n	1000340e <_etoa+0x206>
1000325c:	2200      	movs	r2, #0
1000325e:	2300      	movs	r3, #0
10003260:	0020      	movs	r0, r4
10003262:	0029      	movs	r1, r5
10003264:	f7ff fc62 	bl	10002b2c <__wrap___aeabi_dcmplt>
10003268:	2800      	cmp	r0, #0
1000326a:	d000      	beq.n	1000326e <_etoa+0x66>
1000326c:	e0e4      	b.n	10003438 <_etoa+0x230>
1000326e:	9406      	str	r4, [sp, #24]
10003270:	9507      	str	r5, [sp, #28]
10003272:	2380      	movs	r3, #128	@ 0x80
10003274:	00db      	lsls	r3, r3, #3
10003276:	9a1e      	ldr	r2, [sp, #120]	@ 0x78
10003278:	401a      	ands	r2, r3
1000327a:	920d      	str	r2, [sp, #52]	@ 0x34
1000327c:	9a1e      	ldr	r2, [sp, #120]	@ 0x78
1000327e:	421a      	tst	r2, r3
10003280:	d101      	bne.n	10003286 <_etoa+0x7e>
10003282:	2306      	movs	r3, #6
10003284:	931c      	str	r3, [sp, #112]	@ 0x70
10003286:	9806      	ldr	r0, [sp, #24]
10003288:	9907      	ldr	r1, [sp, #28]
1000328a:	0002      	movs	r2, r0
1000328c:	000b      	movs	r3, r1
1000328e:	9208      	str	r2, [sp, #32]
10003290:	9309      	str	r3, [sp, #36]	@ 0x24
10003292:	0003      	movs	r3, r0
10003294:	000a      	movs	r2, r1
10003296:	4302      	orrs	r2, r0
10003298:	d100      	bne.n	1000329c <_etoa+0x94>
1000329a:	e0d9      	b.n	10003450 <_etoa+0x248>
1000329c:	0d08      	lsrs	r0, r1, #20
1000329e:	0540      	lsls	r0, r0, #21
100032a0:	0d40      	lsrs	r0, r0, #21
100032a2:	4ebc      	ldr	r6, [pc, #752]	@ (10003594 <_etoa+0x38c>)
100032a4:	46b4      	mov	ip, r6
100032a6:	4460      	add	r0, ip
100032a8:	030a      	lsls	r2, r1, #12
100032aa:	0b12      	lsrs	r2, r2, #12
100032ac:	001e      	movs	r6, r3
100032ae:	4bba      	ldr	r3, [pc, #744]	@ (10003598 <_etoa+0x390>)
100032b0:	4313      	orrs	r3, r2
100032b2:	001f      	movs	r7, r3
100032b4:	f7ff fc66 	bl	10002b84 <__wrap___aeabi_i2d>
100032b8:	4ab8      	ldr	r2, [pc, #736]	@ (1000359c <_etoa+0x394>)
100032ba:	4bb9      	ldr	r3, [pc, #740]	@ (100035a0 <_etoa+0x398>)
100032bc:	f7ff fbf7 	bl	10002aae <__wrap___aeabi_dmul>
100032c0:	4ab8      	ldr	r2, [pc, #736]	@ (100035a4 <_etoa+0x39c>)
100032c2:	4bb9      	ldr	r3, [pc, #740]	@ (100035a8 <_etoa+0x3a0>)
100032c4:	f7ff fbd4 	bl	10002a70 <__wrap___aeabi_dadd>
100032c8:	9008      	str	r0, [sp, #32]
100032ca:	9109      	str	r1, [sp, #36]	@ 0x24
100032cc:	2200      	movs	r2, #0
100032ce:	4bb7      	ldr	r3, [pc, #732]	@ (100035ac <_etoa+0x3a4>)
100032d0:	0030      	movs	r0, r6
100032d2:	0039      	movs	r1, r7
100032d4:	f7ff fbc7 	bl	10002a66 <__wrap___aeabi_dsub>
100032d8:	4ab5      	ldr	r2, [pc, #724]	@ (100035b0 <_etoa+0x3a8>)
100032da:	4bb6      	ldr	r3, [pc, #728]	@ (100035b4 <_etoa+0x3ac>)
100032dc:	f7ff fbe7 	bl	10002aae <__wrap___aeabi_dmul>
100032e0:	0002      	movs	r2, r0
100032e2:	000b      	movs	r3, r1
100032e4:	9808      	ldr	r0, [sp, #32]
100032e6:	9909      	ldr	r1, [sp, #36]	@ 0x24
100032e8:	f7ff fbc2 	bl	10002a70 <__wrap___aeabi_dadd>
100032ec:	f7ff fc62 	bl	10002bb4 <__wrap___aeabi_d2iz>
100032f0:	4683      	mov	fp, r0
100032f2:	f7ff fc47 	bl	10002b84 <__wrap___aeabi_i2d>
100032f6:	0006      	movs	r6, r0
100032f8:	000f      	movs	r7, r1
100032fa:	4aaf      	ldr	r2, [pc, #700]	@ (100035b8 <_etoa+0x3b0>)
100032fc:	4baf      	ldr	r3, [pc, #700]	@ (100035bc <_etoa+0x3b4>)
100032fe:	f7ff fbd6 	bl	10002aae <__wrap___aeabi_dmul>
10003302:	2200      	movs	r2, #0
10003304:	4bae      	ldr	r3, [pc, #696]	@ (100035c0 <_etoa+0x3b8>)
10003306:	f7ff fbb3 	bl	10002a70 <__wrap___aeabi_dadd>
1000330a:	f7ff fc53 	bl	10002bb4 <__wrap___aeabi_d2iz>
1000330e:	9008      	str	r0, [sp, #32]
10003310:	4aac      	ldr	r2, [pc, #688]	@ (100035c4 <_etoa+0x3bc>)
10003312:	4bad      	ldr	r3, [pc, #692]	@ (100035c8 <_etoa+0x3c0>)
10003314:	0030      	movs	r0, r6
10003316:	0039      	movs	r1, r7
10003318:	f7ff fbc9 	bl	10002aae <__wrap___aeabi_dmul>
1000331c:	0006      	movs	r6, r0
1000331e:	000f      	movs	r7, r1
10003320:	9808      	ldr	r0, [sp, #32]
10003322:	f7ff fc2f 	bl	10002b84 <__wrap___aeabi_i2d>
10003326:	4aa9      	ldr	r2, [pc, #676]	@ (100035cc <_etoa+0x3c4>)
10003328:	4ba9      	ldr	r3, [pc, #676]	@ (100035d0 <_etoa+0x3c8>)
1000332a:	f7ff fbc0 	bl	10002aae <__wrap___aeabi_dmul>
1000332e:	0002      	movs	r2, r0
10003330:	000b      	movs	r3, r1
10003332:	0030      	movs	r0, r6
10003334:	0039      	movs	r1, r7
10003336:	f7ff fb96 	bl	10002a66 <__wrap___aeabi_dsub>
1000333a:	0006      	movs	r6, r0
1000333c:	000f      	movs	r7, r1
1000333e:	0002      	movs	r2, r0
10003340:	000b      	movs	r3, r1
10003342:	f7ff fbb4 	bl	10002aae <__wrap___aeabi_dmul>
10003346:	900a      	str	r0, [sp, #40]	@ 0x28
10003348:	910b      	str	r1, [sp, #44]	@ 0x2c
1000334a:	9b08      	ldr	r3, [sp, #32]
1000334c:	4aa1      	ldr	r2, [pc, #644]	@ (100035d4 <_etoa+0x3cc>)
1000334e:	4694      	mov	ip, r2
10003350:	4463      	add	r3, ip
10003352:	2100      	movs	r1, #0
10003354:	2200      	movs	r2, #0
10003356:	9108      	str	r1, [sp, #32]
10003358:	9209      	str	r2, [sp, #36]	@ 0x24
1000335a:	051b      	lsls	r3, r3, #20
1000335c:	9309      	str	r3, [sp, #36]	@ 0x24
1000335e:	2300      	movs	r3, #0
10003360:	9308      	str	r3, [sp, #32]
10003362:	0032      	movs	r2, r6
10003364:	003b      	movs	r3, r7
10003366:	0030      	movs	r0, r6
10003368:	0039      	movs	r1, r7
1000336a:	f7ff fb81 	bl	10002a70 <__wrap___aeabi_dadd>
1000336e:	900e      	str	r0, [sp, #56]	@ 0x38
10003370:	910f      	str	r1, [sp, #60]	@ 0x3c
10003372:	0032      	movs	r2, r6
10003374:	003b      	movs	r3, r7
10003376:	2000      	movs	r0, #0
10003378:	2180      	movs	r1, #128	@ 0x80
1000337a:	05c9      	lsls	r1, r1, #23
1000337c:	f7ff fb73 	bl	10002a66 <__wrap___aeabi_dsub>
10003380:	0006      	movs	r6, r0
10003382:	000f      	movs	r7, r1
10003384:	2200      	movs	r2, #0
10003386:	4b94      	ldr	r3, [pc, #592]	@ (100035d8 <_etoa+0x3d0>)
10003388:	980a      	ldr	r0, [sp, #40]	@ 0x28
1000338a:	990b      	ldr	r1, [sp, #44]	@ 0x2c
1000338c:	f7ff fb75 	bl	10002a7a <__wrap___aeabi_ddiv>
10003390:	2200      	movs	r2, #0
10003392:	4b92      	ldr	r3, [pc, #584]	@ (100035dc <_etoa+0x3d4>)
10003394:	f7ff fb6c 	bl	10002a70 <__wrap___aeabi_dadd>
10003398:	0002      	movs	r2, r0
1000339a:	000b      	movs	r3, r1
1000339c:	980a      	ldr	r0, [sp, #40]	@ 0x28
1000339e:	990b      	ldr	r1, [sp, #44]	@ 0x2c
100033a0:	f7ff fb6b 	bl	10002a7a <__wrap___aeabi_ddiv>
100033a4:	2200      	movs	r2, #0
100033a6:	4b8e      	ldr	r3, [pc, #568]	@ (100035e0 <_etoa+0x3d8>)
100033a8:	f7ff fb62 	bl	10002a70 <__wrap___aeabi_dadd>
100033ac:	0002      	movs	r2, r0
100033ae:	000b      	movs	r3, r1
100033b0:	980a      	ldr	r0, [sp, #40]	@ 0x28
100033b2:	990b      	ldr	r1, [sp, #44]	@ 0x2c
100033b4:	f7ff fb61 	bl	10002a7a <__wrap___aeabi_ddiv>
100033b8:	0002      	movs	r2, r0
100033ba:	000b      	movs	r3, r1
100033bc:	0030      	movs	r0, r6
100033be:	0039      	movs	r1, r7
100033c0:	f7ff fb56 	bl	10002a70 <__wrap___aeabi_dadd>
100033c4:	0002      	movs	r2, r0
100033c6:	000b      	movs	r3, r1
100033c8:	980e      	ldr	r0, [sp, #56]	@ 0x38
100033ca:	990f      	ldr	r1, [sp, #60]	@ 0x3c
100033cc:	f7ff fb55 	bl	10002a7a <__wrap___aeabi_ddiv>
100033d0:	2200      	movs	r2, #0
100033d2:	4b71      	ldr	r3, [pc, #452]	@ (10003598 <_etoa+0x390>)
100033d4:	f7ff fb4c 	bl	10002a70 <__wrap___aeabi_dadd>
100033d8:	9a08      	ldr	r2, [sp, #32]
100033da:	9b09      	ldr	r3, [sp, #36]	@ 0x24
100033dc:	f7ff fb67 	bl	10002aae <__wrap___aeabi_dmul>
100033e0:	0006      	movs	r6, r0
100033e2:	000f      	movs	r7, r1
100033e4:	9608      	str	r6, [sp, #32]
100033e6:	9709      	str	r7, [sp, #36]	@ 0x24
100033e8:	9a06      	ldr	r2, [sp, #24]
100033ea:	9b07      	ldr	r3, [sp, #28]
100033ec:	f7ff fbb4 	bl	10002b58 <__wrap___aeabi_dcmpgt>
100033f0:	2800      	cmp	r0, #0
100033f2:	d02f      	beq.n	10003454 <_etoa+0x24c>
100033f4:	2301      	movs	r3, #1
100033f6:	425b      	negs	r3, r3
100033f8:	469c      	mov	ip, r3
100033fa:	44e3      	add	fp, ip
100033fc:	2200      	movs	r2, #0
100033fe:	4b77      	ldr	r3, [pc, #476]	@ (100035dc <_etoa+0x3d4>)
10003400:	0030      	movs	r0, r6
10003402:	0039      	movs	r1, r7
10003404:	f7ff fb39 	bl	10002a7a <__wrap___aeabi_ddiv>
10003408:	9008      	str	r0, [sp, #32]
1000340a:	9109      	str	r1, [sp, #36]	@ 0x24
1000340c:	e022      	b.n	10003454 <_etoa+0x24c>
1000340e:	9b1e      	ldr	r3, [sp, #120]	@ 0x78
10003410:	9304      	str	r3, [sp, #16]
10003412:	9b1d      	ldr	r3, [sp, #116]	@ 0x74
10003414:	9303      	str	r3, [sp, #12]
10003416:	9b1c      	ldr	r3, [sp, #112]	@ 0x70
10003418:	9302      	str	r3, [sp, #8]
1000341a:	9400      	str	r4, [sp, #0]
1000341c:	9501      	str	r5, [sp, #4]
1000341e:	4653      	mov	r3, sl
10003420:	9a0c      	ldr	r2, [sp, #48]	@ 0x30
10003422:	4649      	mov	r1, r9
10003424:	4640      	mov	r0, r8
10003426:	f000 f8ff 	bl	10003628 <_ftoa>
1000342a:	b011      	add	sp, #68	@ 0x44
1000342c:	bcf0      	pop	{r4, r5, r6, r7}
1000342e:	46bb      	mov	fp, r7
10003430:	46b2      	mov	sl, r6
10003432:	46a9      	mov	r9, r5
10003434:	46a0      	mov	r8, r4
10003436:	bdf0      	pop	{r4, r5, r6, r7, pc}
10003438:	2100      	movs	r1, #0
1000343a:	2200      	movs	r2, #0
1000343c:	9106      	str	r1, [sp, #24]
1000343e:	9207      	str	r2, [sp, #28]
10003440:	9406      	str	r4, [sp, #24]
10003442:	2380      	movs	r3, #128	@ 0x80
10003444:	061b      	lsls	r3, r3, #24
10003446:	469c      	mov	ip, r3
10003448:	44ac      	add	ip, r5
1000344a:	4663      	mov	r3, ip
1000344c:	9307      	str	r3, [sp, #28]
1000344e:	e710      	b.n	10003272 <_etoa+0x6a>
10003450:	2300      	movs	r3, #0
10003452:	469b      	mov	fp, r3
10003454:	465b      	mov	r3, fp
10003456:	3363      	adds	r3, #99	@ 0x63
10003458:	2bc6      	cmp	r3, #198	@ 0xc6
1000345a:	d820      	bhi.n	1000349e <_etoa+0x296>
1000345c:	2604      	movs	r6, #4
1000345e:	9b1e      	ldr	r3, [sp, #120]	@ 0x78
10003460:	051b      	lsls	r3, r3, #20
10003462:	d528      	bpl.n	100034b6 <_etoa+0x2ae>
10003464:	9a08      	ldr	r2, [sp, #32]
10003466:	9b09      	ldr	r3, [sp, #36]	@ 0x24
10003468:	0019      	movs	r1, r3
1000346a:	4311      	orrs	r1, r2
1000346c:	d00f      	beq.n	1000348e <_etoa+0x286>
1000346e:	4a5d      	ldr	r2, [pc, #372]	@ (100035e4 <_etoa+0x3dc>)
10003470:	4b5d      	ldr	r3, [pc, #372]	@ (100035e8 <_etoa+0x3e0>)
10003472:	9806      	ldr	r0, [sp, #24]
10003474:	9907      	ldr	r1, [sp, #28]
10003476:	f7ff fb67 	bl	10002b48 <__wrap___aeabi_dcmpge>
1000347a:	2800      	cmp	r0, #0
1000347c:	d07a      	beq.n	10003574 <_etoa+0x36c>
1000347e:	2200      	movs	r2, #0
10003480:	4b5a      	ldr	r3, [pc, #360]	@ (100035ec <_etoa+0x3e4>)
10003482:	9806      	ldr	r0, [sp, #24]
10003484:	9907      	ldr	r1, [sp, #28]
10003486:	f7ff fb51 	bl	10002b2c <__wrap___aeabi_dcmplt>
1000348a:	2800      	cmp	r0, #0
1000348c:	d072      	beq.n	10003574 <_etoa+0x36c>
1000348e:	9b1c      	ldr	r3, [sp, #112]	@ 0x70
10003490:	455b      	cmp	r3, fp
10003492:	dd06      	ble.n	100034a2 <_etoa+0x29a>
10003494:	465a      	mov	r2, fp
10003496:	1a9b      	subs	r3, r3, r2
10003498:	3b01      	subs	r3, #1
1000349a:	931c      	str	r3, [sp, #112]	@ 0x70
1000349c:	e003      	b.n	100034a6 <_etoa+0x29e>
1000349e:	2605      	movs	r6, #5
100034a0:	e7dd      	b.n	1000345e <_etoa+0x256>
100034a2:	2300      	movs	r3, #0
100034a4:	931c      	str	r3, [sp, #112]	@ 0x70
100034a6:	2380      	movs	r3, #128	@ 0x80
100034a8:	00db      	lsls	r3, r3, #3
100034aa:	9a1e      	ldr	r2, [sp, #120]	@ 0x78
100034ac:	431a      	orrs	r2, r3
100034ae:	921e      	str	r2, [sp, #120]	@ 0x78
100034b0:	2600      	movs	r6, #0
100034b2:	2300      	movs	r3, #0
100034b4:	469b      	mov	fp, r3
100034b6:	9b1d      	ldr	r3, [sp, #116]	@ 0x74
100034b8:	429e      	cmp	r6, r3
100034ba:	d265      	bcs.n	10003588 <_etoa+0x380>
100034bc:	1b9f      	subs	r7, r3, r6
100034be:	2302      	movs	r3, #2
100034c0:	9a1e      	ldr	r2, [sp, #120]	@ 0x78
100034c2:	401a      	ands	r2, r3
100034c4:	920a      	str	r2, [sp, #40]	@ 0x28
100034c6:	9a1e      	ldr	r2, [sp, #120]	@ 0x78
100034c8:	4213      	tst	r3, r2
100034ca:	d002      	beq.n	100034d2 <_etoa+0x2ca>
100034cc:	2e00      	cmp	r6, #0
100034ce:	d000      	beq.n	100034d2 <_etoa+0x2ca>
100034d0:	2700      	movs	r7, #0
100034d2:	465b      	mov	r3, fp
100034d4:	2b00      	cmp	r3, #0
100034d6:	d007      	beq.n	100034e8 <_etoa+0x2e0>
100034d8:	9a08      	ldr	r2, [sp, #32]
100034da:	9b09      	ldr	r3, [sp, #36]	@ 0x24
100034dc:	9806      	ldr	r0, [sp, #24]
100034de:	9907      	ldr	r1, [sp, #28]
100034e0:	f7ff facb 	bl	10002a7a <__wrap___aeabi_ddiv>
100034e4:	9006      	str	r0, [sp, #24]
100034e6:	9107      	str	r1, [sp, #28]
100034e8:	2200      	movs	r2, #0
100034ea:	2300      	movs	r3, #0
100034ec:	0020      	movs	r0, r4
100034ee:	0029      	movs	r1, r5
100034f0:	f7ff fb1c 	bl	10002b2c <__wrap___aeabi_dcmplt>
100034f4:	2800      	cmp	r0, #0
100034f6:	d000      	beq.n	100034fa <_etoa+0x2f2>
100034f8:	e07c      	b.n	100035f4 <_etoa+0x3ec>
100034fa:	4b3d      	ldr	r3, [pc, #244]	@ (100035f0 <_etoa+0x3e8>)
100034fc:	9a1e      	ldr	r2, [sp, #120]	@ 0x78
100034fe:	4013      	ands	r3, r2
10003500:	9304      	str	r3, [sp, #16]
10003502:	9703      	str	r7, [sp, #12]
10003504:	9b1c      	ldr	r3, [sp, #112]	@ 0x70
10003506:	9302      	str	r3, [sp, #8]
10003508:	9b06      	ldr	r3, [sp, #24]
1000350a:	9c07      	ldr	r4, [sp, #28]
1000350c:	9300      	str	r3, [sp, #0]
1000350e:	9401      	str	r4, [sp, #4]
10003510:	4653      	mov	r3, sl
10003512:	9a0c      	ldr	r2, [sp, #48]	@ 0x30
10003514:	4649      	mov	r1, r9
10003516:	4640      	mov	r0, r8
10003518:	f000 f886 	bl	10003628 <_ftoa>
1000351c:	2e00      	cmp	r6, #0
1000351e:	d100      	bne.n	10003522 <_etoa+0x31a>
10003520:	e783      	b.n	1000342a <_etoa+0x222>
10003522:	9b1e      	ldr	r3, [sp, #120]	@ 0x78
10003524:	069b      	lsls	r3, r3, #26
10003526:	d571      	bpl.n	1000360c <_etoa+0x404>
10003528:	2545      	movs	r5, #69	@ 0x45
1000352a:	1c44      	adds	r4, r0, #1
1000352c:	4653      	mov	r3, sl
1000352e:	0002      	movs	r2, r0
10003530:	4649      	mov	r1, r9
10003532:	0028      	movs	r0, r5
10003534:	47c0      	blx	r8
10003536:	465a      	mov	r2, fp
10003538:	17d3      	asrs	r3, r2, #31
1000353a:	18d2      	adds	r2, r2, r3
1000353c:	405a      	eors	r2, r3
1000353e:	2305      	movs	r3, #5
10003540:	9305      	str	r3, [sp, #20]
10003542:	3e01      	subs	r6, #1
10003544:	9604      	str	r6, [sp, #16]
10003546:	2300      	movs	r3, #0
10003548:	9303      	str	r3, [sp, #12]
1000354a:	330a      	adds	r3, #10
1000354c:	9302      	str	r3, [sp, #8]
1000354e:	465b      	mov	r3, fp
10003550:	0fdb      	lsrs	r3, r3, #31
10003552:	9301      	str	r3, [sp, #4]
10003554:	9200      	str	r2, [sp, #0]
10003556:	4653      	mov	r3, sl
10003558:	0022      	movs	r2, r4
1000355a:	4649      	mov	r1, r9
1000355c:	4640      	mov	r0, r8
1000355e:	f7ff fd6e 	bl	1000303e <_ntoa_long>
10003562:	9b0a      	ldr	r3, [sp, #40]	@ 0x28
10003564:	2b00      	cmp	r3, #0
10003566:	d100      	bne.n	1000356a <_etoa+0x362>
10003568:	e75f      	b.n	1000342a <_etoa+0x222>
1000356a:	0002      	movs	r2, r0
1000356c:	4647      	mov	r7, r8
1000356e:	9e0c      	ldr	r6, [sp, #48]	@ 0x30
10003570:	9d1d      	ldr	r5, [sp, #116]	@ 0x74
10003572:	e053      	b.n	1000361c <_etoa+0x414>
10003574:	9b1c      	ldr	r3, [sp, #112]	@ 0x70
10003576:	2b00      	cmp	r3, #0
10003578:	d09d      	beq.n	100034b6 <_etoa+0x2ae>
1000357a:	9b0d      	ldr	r3, [sp, #52]	@ 0x34
1000357c:	2b00      	cmp	r3, #0
1000357e:	d09a      	beq.n	100034b6 <_etoa+0x2ae>
10003580:	9b1c      	ldr	r3, [sp, #112]	@ 0x70
10003582:	3b01      	subs	r3, #1
10003584:	931c      	str	r3, [sp, #112]	@ 0x70
10003586:	e796      	b.n	100034b6 <_etoa+0x2ae>
10003588:	2700      	movs	r7, #0
1000358a:	e798      	b.n	100034be <_etoa+0x2b6>
1000358c:	7fefffff 	.word	0x7fefffff
10003590:	ffefffff 	.word	0xffefffff
10003594:	fffffc01 	.word	0xfffffc01
10003598:	3ff00000 	.word	0x3ff00000
1000359c:	509f79fb 	.word	0x509f79fb
100035a0:	3fd34413 	.word	0x3fd34413
100035a4:	8b60c8b3 	.word	0x8b60c8b3
100035a8:	3fc68a28 	.word	0x3fc68a28
100035ac:	3ff80000 	.word	0x3ff80000
100035b0:	636f4361 	.word	0x636f4361
100035b4:	3fd287a7 	.word	0x3fd287a7
100035b8:	0979a371 	.word	0x0979a371
100035bc:	400a934f 	.word	0x400a934f
100035c0:	3fe00000 	.word	0x3fe00000
100035c4:	bbb55516 	.word	0xbbb55516
100035c8:	40026bb1 	.word	0x40026bb1
100035cc:	fefa39ef 	.word	0xfefa39ef
100035d0:	3fe62e42 	.word	0x3fe62e42
100035d4:	000003ff 	.word	0x000003ff
100035d8:	402c0000 	.word	0x402c0000
100035dc:	40240000 	.word	0x40240000
100035e0:	40180000 	.word	0x40180000
100035e4:	eb1c432d 	.word	0xeb1c432d
100035e8:	3f1a36e2 	.word	0x3f1a36e2
100035ec:	412e8480 	.word	0x412e8480
100035f0:	fffff7ff 	.word	0xfffff7ff
100035f4:	9c06      	ldr	r4, [sp, #24]
100035f6:	9d07      	ldr	r5, [sp, #28]
100035f8:	0022      	movs	r2, r4
100035fa:	0029      	movs	r1, r5
100035fc:	2080      	movs	r0, #128	@ 0x80
100035fe:	0600      	lsls	r0, r0, #24
10003600:	4684      	mov	ip, r0
10003602:	4461      	add	r1, ip
10003604:	000b      	movs	r3, r1
10003606:	9206      	str	r2, [sp, #24]
10003608:	9307      	str	r3, [sp, #28]
1000360a:	e776      	b.n	100034fa <_etoa+0x2f2>
1000360c:	2565      	movs	r5, #101	@ 0x65
1000360e:	e78c      	b.n	1000352a <_etoa+0x322>
10003610:	1c54      	adds	r4, r2, #1
10003612:	4653      	mov	r3, sl
10003614:	4649      	mov	r1, r9
10003616:	2020      	movs	r0, #32
10003618:	47b8      	blx	r7
1000361a:	0022      	movs	r2, r4
1000361c:	1b93      	subs	r3, r2, r6
1000361e:	42ab      	cmp	r3, r5
10003620:	d3f6      	bcc.n	10003610 <_etoa+0x408>
10003622:	0010      	movs	r0, r2
10003624:	e701      	b.n	1000342a <_etoa+0x222>
10003626:	46c0      	nop			@ (mov r8, r8)

10003628 <_ftoa>:
10003628:	b5f0      	push	{r4, r5, r6, r7, lr}
1000362a:	46de      	mov	lr, fp
1000362c:	4657      	mov	r7, sl
1000362e:	464e      	mov	r6, r9
10003630:	4645      	mov	r5, r8
10003632:	b5e0      	push	{r5, r6, r7, lr}
10003634:	b095      	sub	sp, #84	@ 0x54
10003636:	9006      	str	r0, [sp, #24]
10003638:	9107      	str	r1, [sp, #28]
1000363a:	4693      	mov	fp, r2
1000363c:	4699      	mov	r9, r3
1000363e:	9f20      	ldr	r7, [sp, #128]	@ 0x80
10003640:	9a1e      	ldr	r2, [sp, #120]	@ 0x78
10003642:	9b1f      	ldr	r3, [sp, #124]	@ 0x7c
10003644:	0010      	movs	r0, r2
10003646:	0019      	movs	r1, r3
10003648:	f7ff fa8b 	bl	10002b62 <__wrap___aeabi_dcmpun>
1000364c:	2800      	cmp	r0, #0
1000364e:	d131      	bne.n	100036b4 <_ftoa+0x8c>
10003650:	2201      	movs	r2, #1
10003652:	4252      	negs	r2, r2
10003654:	4bbf      	ldr	r3, [pc, #764]	@ (10003954 <_ftoa+0x32c>)
10003656:	981e      	ldr	r0, [sp, #120]	@ 0x78
10003658:	991f      	ldr	r1, [sp, #124]	@ 0x7c
1000365a:	f7ff fa67 	bl	10002b2c <__wrap___aeabi_dcmplt>
1000365e:	2800      	cmp	r0, #0
10003660:	d137      	bne.n	100036d2 <_ftoa+0xaa>
10003662:	2201      	movs	r2, #1
10003664:	4252      	negs	r2, r2
10003666:	4bbc      	ldr	r3, [pc, #752]	@ (10003958 <_ftoa+0x330>)
10003668:	981e      	ldr	r0, [sp, #120]	@ 0x78
1000366a:	991f      	ldr	r1, [sp, #124]	@ 0x7c
1000366c:	f7ff fa74 	bl	10002b58 <__wrap___aeabi_dcmpgt>
10003670:	2800      	cmp	r0, #0
10003672:	d13d      	bne.n	100036f0 <_ftoa+0xc8>
10003674:	2200      	movs	r2, #0
10003676:	4bb9      	ldr	r3, [pc, #740]	@ (1000395c <_ftoa+0x334>)
10003678:	981e      	ldr	r0, [sp, #120]	@ 0x78
1000367a:	991f      	ldr	r1, [sp, #124]	@ 0x7c
1000367c:	f7ff fa6c 	bl	10002b58 <__wrap___aeabi_dcmpgt>
10003680:	2800      	cmp	r0, #0
10003682:	d150      	bne.n	10003726 <_ftoa+0xfe>
10003684:	2200      	movs	r2, #0
10003686:	4bb6      	ldr	r3, [pc, #728]	@ (10003960 <_ftoa+0x338>)
10003688:	981e      	ldr	r0, [sp, #120]	@ 0x78
1000368a:	991f      	ldr	r1, [sp, #124]	@ 0x7c
1000368c:	f7ff fa4e 	bl	10002b2c <__wrap___aeabi_dcmplt>
10003690:	2800      	cmp	r0, #0
10003692:	d148      	bne.n	10003726 <_ftoa+0xfe>
10003694:	2200      	movs	r2, #0
10003696:	2300      	movs	r3, #0
10003698:	981e      	ldr	r0, [sp, #120]	@ 0x78
1000369a:	991f      	ldr	r1, [sp, #124]	@ 0x7c
1000369c:	f7ff fa46 	bl	10002b2c <__wrap___aeabi_dcmplt>
100036a0:	2800      	cmp	r0, #0
100036a2:	d150      	bne.n	10003746 <_ftoa+0x11e>
100036a4:	2300      	movs	r3, #0
100036a6:	4698      	mov	r8, r3
100036a8:	9b22      	ldr	r3, [sp, #136]	@ 0x88
100036aa:	055b      	lsls	r3, r3, #21
100036ac:	d400      	bmi.n	100036b0 <_ftoa+0x88>
100036ae:	e0b6      	b.n	1000381e <_ftoa+0x1f6>
100036b0:	2400      	movs	r4, #0
100036b2:	e058      	b.n	10003766 <_ftoa+0x13e>
100036b4:	9b22      	ldr	r3, [sp, #136]	@ 0x88
100036b6:	9303      	str	r3, [sp, #12]
100036b8:	9b21      	ldr	r3, [sp, #132]	@ 0x84
100036ba:	9302      	str	r3, [sp, #8]
100036bc:	2303      	movs	r3, #3
100036be:	9301      	str	r3, [sp, #4]
100036c0:	4ba8      	ldr	r3, [pc, #672]	@ (10003964 <_ftoa+0x33c>)
100036c2:	9300      	str	r3, [sp, #0]
100036c4:	464b      	mov	r3, r9
100036c6:	465a      	mov	r2, fp
100036c8:	9907      	ldr	r1, [sp, #28]
100036ca:	9806      	ldr	r0, [sp, #24]
100036cc:	f7ff fbd8 	bl	10002e80 <_out_rev>
100036d0:	e10e      	b.n	100038f0 <_ftoa+0x2c8>
100036d2:	9b22      	ldr	r3, [sp, #136]	@ 0x88
100036d4:	9303      	str	r3, [sp, #12]
100036d6:	9b21      	ldr	r3, [sp, #132]	@ 0x84
100036d8:	9302      	str	r3, [sp, #8]
100036da:	2304      	movs	r3, #4
100036dc:	9301      	str	r3, [sp, #4]
100036de:	4ba2      	ldr	r3, [pc, #648]	@ (10003968 <_ftoa+0x340>)
100036e0:	9300      	str	r3, [sp, #0]
100036e2:	464b      	mov	r3, r9
100036e4:	465a      	mov	r2, fp
100036e6:	9907      	ldr	r1, [sp, #28]
100036e8:	9806      	ldr	r0, [sp, #24]
100036ea:	f7ff fbc9 	bl	10002e80 <_out_rev>
100036ee:	e0ff      	b.n	100038f0 <_ftoa+0x2c8>
100036f0:	2304      	movs	r3, #4
100036f2:	9a22      	ldr	r2, [sp, #136]	@ 0x88
100036f4:	401a      	ands	r2, r3
100036f6:	9922      	ldr	r1, [sp, #136]	@ 0x88
100036f8:	420b      	tst	r3, r1
100036fa:	d010      	beq.n	1000371e <_ftoa+0xf6>
100036fc:	4b9b      	ldr	r3, [pc, #620]	@ (1000396c <_ftoa+0x344>)
100036fe:	2a00      	cmp	r2, #0
10003700:	d00f      	beq.n	10003722 <_ftoa+0xfa>
10003702:	2204      	movs	r2, #4
10003704:	9922      	ldr	r1, [sp, #136]	@ 0x88
10003706:	9103      	str	r1, [sp, #12]
10003708:	9921      	ldr	r1, [sp, #132]	@ 0x84
1000370a:	9102      	str	r1, [sp, #8]
1000370c:	9201      	str	r2, [sp, #4]
1000370e:	9300      	str	r3, [sp, #0]
10003710:	464b      	mov	r3, r9
10003712:	465a      	mov	r2, fp
10003714:	9907      	ldr	r1, [sp, #28]
10003716:	9806      	ldr	r0, [sp, #24]
10003718:	f7ff fbb2 	bl	10002e80 <_out_rev>
1000371c:	e0e8      	b.n	100038f0 <_ftoa+0x2c8>
1000371e:	4b94      	ldr	r3, [pc, #592]	@ (10003970 <_ftoa+0x348>)
10003720:	e7ed      	b.n	100036fe <_ftoa+0xd6>
10003722:	2203      	movs	r2, #3
10003724:	e7ee      	b.n	10003704 <_ftoa+0xdc>
10003726:	9b22      	ldr	r3, [sp, #136]	@ 0x88
10003728:	9304      	str	r3, [sp, #16]
1000372a:	9b21      	ldr	r3, [sp, #132]	@ 0x84
1000372c:	9303      	str	r3, [sp, #12]
1000372e:	9702      	str	r7, [sp, #8]
10003730:	9b1e      	ldr	r3, [sp, #120]	@ 0x78
10003732:	9c1f      	ldr	r4, [sp, #124]	@ 0x7c
10003734:	9300      	str	r3, [sp, #0]
10003736:	9401      	str	r4, [sp, #4]
10003738:	464b      	mov	r3, r9
1000373a:	465a      	mov	r2, fp
1000373c:	9907      	ldr	r1, [sp, #28]
1000373e:	9806      	ldr	r0, [sp, #24]
10003740:	f7ff fd62 	bl	10003208 <_etoa>
10003744:	e0d4      	b.n	100038f0 <_ftoa+0x2c8>
10003746:	9a1e      	ldr	r2, [sp, #120]	@ 0x78
10003748:	9b1f      	ldr	r3, [sp, #124]	@ 0x7c
1000374a:	2000      	movs	r0, #0
1000374c:	2100      	movs	r1, #0
1000374e:	f7ff f98a 	bl	10002a66 <__wrap___aeabi_dsub>
10003752:	901e      	str	r0, [sp, #120]	@ 0x78
10003754:	911f      	str	r1, [sp, #124]	@ 0x7c
10003756:	2301      	movs	r3, #1
10003758:	4698      	mov	r8, r3
1000375a:	e7a5      	b.n	100036a8 <_ftoa+0x80>
1000375c:	ab0c      	add	r3, sp, #48	@ 0x30
1000375e:	2230      	movs	r2, #48	@ 0x30
10003760:	551a      	strb	r2, [r3, r4]
10003762:	3f01      	subs	r7, #1
10003764:	3401      	adds	r4, #1
10003766:	2c1f      	cmp	r4, #31
10003768:	d801      	bhi.n	1000376e <_ftoa+0x146>
1000376a:	2f09      	cmp	r7, #9
1000376c:	d8f6      	bhi.n	1000375c <_ftoa+0x134>
1000376e:	981e      	ldr	r0, [sp, #120]	@ 0x78
10003770:	991f      	ldr	r1, [sp, #124]	@ 0x7c
10003772:	f7ff fa1f 	bl	10002bb4 <__wrap___aeabi_d2iz>
10003776:	0005      	movs	r5, r0
10003778:	f7ff fa04 	bl	10002b84 <__wrap___aeabi_i2d>
1000377c:	0002      	movs	r2, r0
1000377e:	000b      	movs	r3, r1
10003780:	981e      	ldr	r0, [sp, #120]	@ 0x78
10003782:	991f      	ldr	r1, [sp, #124]	@ 0x7c
10003784:	f7ff f96f 	bl	10002a66 <__wrap___aeabi_dsub>
10003788:	4b7a      	ldr	r3, [pc, #488]	@ (10003974 <_ftoa+0x34c>)
1000378a:	00fa      	lsls	r2, r7, #3
1000378c:	189b      	adds	r3, r3, r2
1000378e:	681a      	ldr	r2, [r3, #0]
10003790:	685b      	ldr	r3, [r3, #4]
10003792:	920a      	str	r2, [sp, #40]	@ 0x28
10003794:	930b      	str	r3, [sp, #44]	@ 0x2c
10003796:	f7ff f98a 	bl	10002aae <__wrap___aeabi_dmul>
1000379a:	9008      	str	r0, [sp, #32]
1000379c:	9109      	str	r1, [sp, #36]	@ 0x24
1000379e:	f7ff fa2d 	bl	10002bfc <__wrap___aeabi_d2uiz>
100037a2:	0006      	movs	r6, r0
100037a4:	f7ff f9ea 	bl	10002b7c <__wrap___aeabi_ui2d>
100037a8:	0002      	movs	r2, r0
100037aa:	000b      	movs	r3, r1
100037ac:	9808      	ldr	r0, [sp, #32]
100037ae:	9909      	ldr	r1, [sp, #36]	@ 0x24
100037b0:	f7ff f959 	bl	10002a66 <__wrap___aeabi_dsub>
100037b4:	9008      	str	r0, [sp, #32]
100037b6:	9109      	str	r1, [sp, #36]	@ 0x24
100037b8:	2200      	movs	r2, #0
100037ba:	4b6f      	ldr	r3, [pc, #444]	@ (10003978 <_ftoa+0x350>)
100037bc:	f7ff f9cc 	bl	10002b58 <__wrap___aeabi_dcmpgt>
100037c0:	2800      	cmp	r0, #0
100037c2:	d02e      	beq.n	10003822 <_ftoa+0x1fa>
100037c4:	3601      	adds	r6, #1
100037c6:	0030      	movs	r0, r6
100037c8:	f7ff f9d8 	bl	10002b7c <__wrap___aeabi_ui2d>
100037cc:	0002      	movs	r2, r0
100037ce:	000b      	movs	r3, r1
100037d0:	980a      	ldr	r0, [sp, #40]	@ 0x28
100037d2:	990b      	ldr	r1, [sp, #44]	@ 0x2c
100037d4:	f7ff f9b0 	bl	10002b38 <__wrap___aeabi_dcmple>
100037d8:	2800      	cmp	r0, #0
100037da:	d001      	beq.n	100037e0 <_ftoa+0x1b8>
100037dc:	3501      	adds	r5, #1
100037de:	2600      	movs	r6, #0
100037e0:	2f00      	cmp	r7, #0
100037e2:	d12c      	bne.n	1000383e <_ftoa+0x216>
100037e4:	0028      	movs	r0, r5
100037e6:	f7ff f9cd 	bl	10002b84 <__wrap___aeabi_i2d>
100037ea:	0002      	movs	r2, r0
100037ec:	000b      	movs	r3, r1
100037ee:	981e      	ldr	r0, [sp, #120]	@ 0x78
100037f0:	991f      	ldr	r1, [sp, #124]	@ 0x7c
100037f2:	f7ff f938 	bl	10002a66 <__wrap___aeabi_dsub>
100037f6:	0006      	movs	r6, r0
100037f8:	000f      	movs	r7, r1
100037fa:	2200      	movs	r2, #0
100037fc:	4b5e      	ldr	r3, [pc, #376]	@ (10003978 <_ftoa+0x350>)
100037fe:	f7ff f995 	bl	10002b2c <__wrap___aeabi_dcmplt>
10003802:	2800      	cmp	r0, #0
10003804:	d146      	bne.n	10003894 <_ftoa+0x26c>
10003806:	2200      	movs	r2, #0
10003808:	4b5b      	ldr	r3, [pc, #364]	@ (10003978 <_ftoa+0x350>)
1000380a:	0030      	movs	r0, r6
1000380c:	0039      	movs	r1, r7
1000380e:	f7ff f9a3 	bl	10002b58 <__wrap___aeabi_dcmpgt>
10003812:	2800      	cmp	r0, #0
10003814:	d13e      	bne.n	10003894 <_ftoa+0x26c>
10003816:	07eb      	lsls	r3, r5, #31
10003818:	d53c      	bpl.n	10003894 <_ftoa+0x26c>
1000381a:	3501      	adds	r5, #1
1000381c:	e03a      	b.n	10003894 <_ftoa+0x26c>
1000381e:	2706      	movs	r7, #6
10003820:	e746      	b.n	100036b0 <_ftoa+0x88>
10003822:	2200      	movs	r2, #0
10003824:	4b54      	ldr	r3, [pc, #336]	@ (10003978 <_ftoa+0x350>)
10003826:	9808      	ldr	r0, [sp, #32]
10003828:	9909      	ldr	r1, [sp, #36]	@ 0x24
1000382a:	f7ff f97f 	bl	10002b2c <__wrap___aeabi_dcmplt>
1000382e:	2800      	cmp	r0, #0
10003830:	d1d6      	bne.n	100037e0 <_ftoa+0x1b8>
10003832:	2e00      	cmp	r6, #0
10003834:	d001      	beq.n	1000383a <_ftoa+0x212>
10003836:	07f3      	lsls	r3, r6, #31
10003838:	d5d2      	bpl.n	100037e0 <_ftoa+0x1b8>
1000383a:	3601      	adds	r6, #1
1000383c:	e7d0      	b.n	100037e0 <_ftoa+0x1b8>
1000383e:	46aa      	mov	sl, r5
10003840:	2c1f      	cmp	r4, #31
10003842:	d811      	bhi.n	10003868 <_ftoa+0x240>
10003844:	3f01      	subs	r7, #1
10003846:	210a      	movs	r1, #10
10003848:	0030      	movs	r0, r6
1000384a:	f7fe fed1 	bl	100025f0 <__wrap___aeabi_uidiv>
1000384e:	1c65      	adds	r5, r4, #1
10003850:	3130      	adds	r1, #48	@ 0x30
10003852:	ab0c      	add	r3, sp, #48	@ 0x30
10003854:	5519      	strb	r1, [r3, r4]
10003856:	210a      	movs	r1, #10
10003858:	0030      	movs	r0, r6
1000385a:	f7fe fec9 	bl	100025f0 <__wrap___aeabi_uidiv>
1000385e:	2e09      	cmp	r6, #9
10003860:	d90e      	bls.n	10003880 <_ftoa+0x258>
10003862:	0006      	movs	r6, r0
10003864:	002c      	movs	r4, r5
10003866:	e7eb      	b.n	10003840 <_ftoa+0x218>
10003868:	4655      	mov	r5, sl
1000386a:	2c1f      	cmp	r4, #31
1000386c:	d80c      	bhi.n	10003888 <_ftoa+0x260>
1000386e:	1e7b      	subs	r3, r7, #1
10003870:	2f00      	cmp	r7, #0
10003872:	d009      	beq.n	10003888 <_ftoa+0x260>
10003874:	aa0c      	add	r2, sp, #48	@ 0x30
10003876:	2130      	movs	r1, #48	@ 0x30
10003878:	5511      	strb	r1, [r2, r4]
1000387a:	001f      	movs	r7, r3
1000387c:	3401      	adds	r4, #1
1000387e:	e7f4      	b.n	1000386a <_ftoa+0x242>
10003880:	002b      	movs	r3, r5
10003882:	4655      	mov	r5, sl
10003884:	001c      	movs	r4, r3
10003886:	e7f0      	b.n	1000386a <_ftoa+0x242>
10003888:	2c1f      	cmp	r4, #31
1000388a:	d803      	bhi.n	10003894 <_ftoa+0x26c>
1000388c:	ab0c      	add	r3, sp, #48	@ 0x30
1000388e:	222e      	movs	r2, #46	@ 0x2e
10003890:	551a      	strb	r2, [r3, r4]
10003892:	3401      	adds	r4, #1
10003894:	2c1f      	cmp	r4, #31
10003896:	d810      	bhi.n	100038ba <_ftoa+0x292>
10003898:	210a      	movs	r1, #10
1000389a:	0028      	movs	r0, r5
1000389c:	f7fe fe80 	bl	100025a0 <__wrap___aeabi_idiv>
100038a0:	1c66      	adds	r6, r4, #1
100038a2:	3130      	adds	r1, #48	@ 0x30
100038a4:	ab0c      	add	r3, sp, #48	@ 0x30
100038a6:	5519      	strb	r1, [r3, r4]
100038a8:	210a      	movs	r1, #10
100038aa:	0028      	movs	r0, r5
100038ac:	f7fe fe78 	bl	100025a0 <__wrap___aeabi_idiv>
100038b0:	1e05      	subs	r5, r0, #0
100038b2:	d001      	beq.n	100038b8 <_ftoa+0x290>
100038b4:	0034      	movs	r4, r6
100038b6:	e7ed      	b.n	10003894 <_ftoa+0x26c>
100038b8:	0034      	movs	r4, r6
100038ba:	2303      	movs	r3, #3
100038bc:	9a22      	ldr	r2, [sp, #136]	@ 0x88
100038be:	4013      	ands	r3, r2
100038c0:	2b01      	cmp	r3, #1
100038c2:	d01c      	beq.n	100038fe <_ftoa+0x2d6>
100038c4:	2c1f      	cmp	r4, #31
100038c6:	d806      	bhi.n	100038d6 <_ftoa+0x2ae>
100038c8:	4643      	mov	r3, r8
100038ca:	2b00      	cmp	r3, #0
100038cc:	d032      	beq.n	10003934 <_ftoa+0x30c>
100038ce:	ab0c      	add	r3, sp, #48	@ 0x30
100038d0:	222d      	movs	r2, #45	@ 0x2d
100038d2:	551a      	strb	r2, [r3, r4]
100038d4:	3401      	adds	r4, #1
100038d6:	9b22      	ldr	r3, [sp, #136]	@ 0x88
100038d8:	9303      	str	r3, [sp, #12]
100038da:	9b21      	ldr	r3, [sp, #132]	@ 0x84
100038dc:	9302      	str	r3, [sp, #8]
100038de:	9401      	str	r4, [sp, #4]
100038e0:	ab0c      	add	r3, sp, #48	@ 0x30
100038e2:	9300      	str	r3, [sp, #0]
100038e4:	464b      	mov	r3, r9
100038e6:	465a      	mov	r2, fp
100038e8:	9907      	ldr	r1, [sp, #28]
100038ea:	9806      	ldr	r0, [sp, #24]
100038ec:	f7ff fac8 	bl	10002e80 <_out_rev>
100038f0:	b015      	add	sp, #84	@ 0x54
100038f2:	bcf0      	pop	{r4, r5, r6, r7}
100038f4:	46bb      	mov	fp, r7
100038f6:	46b2      	mov	sl, r6
100038f8:	46a9      	mov	r9, r5
100038fa:	46a0      	mov	r8, r4
100038fc:	bdf0      	pop	{r4, r5, r6, r7, pc}
100038fe:	9b21      	ldr	r3, [sp, #132]	@ 0x84
10003900:	2b00      	cmp	r3, #0
10003902:	d013      	beq.n	1000392c <_ftoa+0x304>
10003904:	4643      	mov	r3, r8
10003906:	2b00      	cmp	r3, #0
10003908:	d102      	bne.n	10003910 <_ftoa+0x2e8>
1000390a:	330c      	adds	r3, #12
1000390c:	4213      	tst	r3, r2
1000390e:	d00f      	beq.n	10003930 <_ftoa+0x308>
10003910:	9b21      	ldr	r3, [sp, #132]	@ 0x84
10003912:	3b01      	subs	r3, #1
10003914:	9321      	str	r3, [sp, #132]	@ 0x84
10003916:	0019      	movs	r1, r3
10003918:	e003      	b.n	10003922 <_ftoa+0x2fa>
1000391a:	ab0c      	add	r3, sp, #48	@ 0x30
1000391c:	2230      	movs	r2, #48	@ 0x30
1000391e:	551a      	strb	r2, [r3, r4]
10003920:	3401      	adds	r4, #1
10003922:	428c      	cmp	r4, r1
10003924:	d2ce      	bcs.n	100038c4 <_ftoa+0x29c>
10003926:	2c1f      	cmp	r4, #31
10003928:	d9f7      	bls.n	1000391a <_ftoa+0x2f2>
1000392a:	e7cb      	b.n	100038c4 <_ftoa+0x29c>
1000392c:	9921      	ldr	r1, [sp, #132]	@ 0x84
1000392e:	e7f8      	b.n	10003922 <_ftoa+0x2fa>
10003930:	9921      	ldr	r1, [sp, #132]	@ 0x84
10003932:	e7f6      	b.n	10003922 <_ftoa+0x2fa>
10003934:	9b22      	ldr	r3, [sp, #136]	@ 0x88
10003936:	075b      	lsls	r3, r3, #29
10003938:	d504      	bpl.n	10003944 <_ftoa+0x31c>
1000393a:	ab0c      	add	r3, sp, #48	@ 0x30
1000393c:	222b      	movs	r2, #43	@ 0x2b
1000393e:	551a      	strb	r2, [r3, r4]
10003940:	3401      	adds	r4, #1
10003942:	e7c8      	b.n	100038d6 <_ftoa+0x2ae>
10003944:	9b22      	ldr	r3, [sp, #136]	@ 0x88
10003946:	071b      	lsls	r3, r3, #28
10003948:	d5c5      	bpl.n	100038d6 <_ftoa+0x2ae>
1000394a:	ab0c      	add	r3, sp, #48	@ 0x30
1000394c:	2220      	movs	r2, #32
1000394e:	551a      	strb	r2, [r3, r4]
10003950:	3401      	adds	r4, #1
10003952:	e7c0      	b.n	100038d6 <_ftoa+0x2ae>
10003954:	ffefffff 	.word	0xffefffff
10003958:	7fefffff 	.word	0x7fefffff
1000395c:	41cdcd65 	.word	0x41cdcd65
10003960:	c1cdcd65 	.word	0xc1cdcd65
10003964:	10005dbc 	.word	0x10005dbc
10003968:	10005dc0 	.word	0x10005dc0
1000396c:	10005db0 	.word	0x10005db0
10003970:	10005db8 	.word	0x10005db8
10003974:	10006218 	.word	0x10006218
10003978:	3fe00000 	.word	0x3fe00000

1000397c <_vsnprintf>:
1000397c:	b5f0      	push	{r4, r5, r6, r7, lr}
1000397e:	46de      	mov	lr, fp
10003980:	4657      	mov	r7, sl
10003982:	464e      	mov	r6, r9
10003984:	4645      	mov	r5, r8
10003986:	b5e0      	push	{r5, r6, r7, lr}
10003988:	b093      	sub	sp, #76	@ 0x4c
1000398a:	4682      	mov	sl, r0
1000398c:	4688      	mov	r8, r1
1000398e:	4693      	mov	fp, r2
10003990:	9311      	str	r3, [sp, #68]	@ 0x44
10003992:	2900      	cmp	r1, #0
10003994:	d100      	bne.n	10003998 <_vsnprintf+0x1c>
10003996:	e30d      	b.n	10003fb4 <_vsnprintf+0x638>
10003998:	2500      	movs	r5, #0
1000399a:	4656      	mov	r6, sl
1000399c:	9b11      	ldr	r3, [sp, #68]	@ 0x44
1000399e:	7818      	ldrb	r0, [r3, #0]
100039a0:	2800      	cmp	r0, #0
100039a2:	d100      	bne.n	100039a6 <_vsnprintf+0x2a>
100039a4:	e309      	b.n	10003fba <_vsnprintf+0x63e>
100039a6:	2825      	cmp	r0, #37	@ 0x25
100039a8:	d009      	beq.n	100039be <_vsnprintf+0x42>
100039aa:	1c6c      	adds	r4, r5, #1
100039ac:	465b      	mov	r3, fp
100039ae:	002a      	movs	r2, r5
100039b0:	4641      	mov	r1, r8
100039b2:	47b0      	blx	r6
100039b4:	9b11      	ldr	r3, [sp, #68]	@ 0x44
100039b6:	3301      	adds	r3, #1
100039b8:	9311      	str	r3, [sp, #68]	@ 0x44
100039ba:	0025      	movs	r5, r4
100039bc:	e7ee      	b.n	1000399c <_vsnprintf+0x20>
100039be:	3301      	adds	r3, #1
100039c0:	9311      	str	r3, [sp, #68]	@ 0x44
100039c2:	2700      	movs	r7, #0
100039c4:	e020      	b.n	10003a08 <_vsnprintf+0x8c>
100039c6:	2301      	movs	r3, #1
100039c8:	431f      	orrs	r7, r3
100039ca:	3201      	adds	r2, #1
100039cc:	9211      	str	r2, [sp, #68]	@ 0x44
100039ce:	2401      	movs	r4, #1
100039d0:	e018      	b.n	10003a04 <_vsnprintf+0x88>
100039d2:	2302      	movs	r3, #2
100039d4:	431f      	orrs	r7, r3
100039d6:	3201      	adds	r2, #1
100039d8:	9211      	str	r2, [sp, #68]	@ 0x44
100039da:	2401      	movs	r4, #1
100039dc:	e012      	b.n	10003a04 <_vsnprintf+0x88>
100039de:	2304      	movs	r3, #4
100039e0:	431f      	orrs	r7, r3
100039e2:	3201      	adds	r2, #1
100039e4:	9211      	str	r2, [sp, #68]	@ 0x44
100039e6:	2401      	movs	r4, #1
100039e8:	e00c      	b.n	10003a04 <_vsnprintf+0x88>
100039ea:	2308      	movs	r3, #8
100039ec:	431f      	orrs	r7, r3
100039ee:	3201      	adds	r2, #1
100039f0:	9211      	str	r2, [sp, #68]	@ 0x44
100039f2:	2401      	movs	r4, #1
100039f4:	e006      	b.n	10003a04 <_vsnprintf+0x88>
100039f6:	2310      	movs	r3, #16
100039f8:	431f      	orrs	r7, r3
100039fa:	3201      	adds	r2, #1
100039fc:	9211      	str	r2, [sp, #68]	@ 0x44
100039fe:	2401      	movs	r4, #1
10003a00:	e000      	b.n	10003a04 <_vsnprintf+0x88>
10003a02:	2400      	movs	r4, #0
10003a04:	2c00      	cmp	r4, #0
10003a06:	d009      	beq.n	10003a1c <_vsnprintf+0xa0>
10003a08:	9a11      	ldr	r2, [sp, #68]	@ 0x44
10003a0a:	7813      	ldrb	r3, [r2, #0]
10003a0c:	3b20      	subs	r3, #32
10003a0e:	b2d9      	uxtb	r1, r3
10003a10:	2910      	cmp	r1, #16
10003a12:	d8f6      	bhi.n	10003a02 <_vsnprintf+0x86>
10003a14:	008b      	lsls	r3, r1, #2
10003a16:	49c8      	ldr	r1, [pc, #800]	@ (10003d38 <_vsnprintf+0x3bc>)
10003a18:	58cb      	ldr	r3, [r1, r3]
10003a1a:	469f      	mov	pc, r3
10003a1c:	9b11      	ldr	r3, [sp, #68]	@ 0x44
10003a1e:	781a      	ldrb	r2, [r3, #0]
10003a20:	0013      	movs	r3, r2
10003a22:	3b30      	subs	r3, #48	@ 0x30
10003a24:	b2db      	uxtb	r3, r3
10003a26:	2b09      	cmp	r3, #9
10003a28:	d910      	bls.n	10003a4c <_vsnprintf+0xd0>
10003a2a:	2a2a      	cmp	r2, #42	@ 0x2a
10003a2c:	d013      	beq.n	10003a56 <_vsnprintf+0xda>
10003a2e:	940b      	str	r4, [sp, #44]	@ 0x2c
10003a30:	9b11      	ldr	r3, [sp, #68]	@ 0x44
10003a32:	781a      	ldrb	r2, [r3, #0]
10003a34:	2a2e      	cmp	r2, #46	@ 0x2e
10003a36:	d01e      	beq.n	10003a76 <_vsnprintf+0xfa>
10003a38:	9a11      	ldr	r2, [sp, #68]	@ 0x44
10003a3a:	7813      	ldrb	r3, [r2, #0]
10003a3c:	3b68      	subs	r3, #104	@ 0x68
10003a3e:	b2d9      	uxtb	r1, r3
10003a40:	2912      	cmp	r1, #18
10003a42:	d859      	bhi.n	10003af8 <_vsnprintf+0x17c>
10003a44:	008b      	lsls	r3, r1, #2
10003a46:	49bd      	ldr	r1, [pc, #756]	@ (10003d3c <_vsnprintf+0x3c0>)
10003a48:	58cb      	ldr	r3, [r1, r3]
10003a4a:	469f      	mov	pc, r3
10003a4c:	a811      	add	r0, sp, #68	@ 0x44
10003a4e:	f7ff fa05 	bl	10002e5c <_atoi>
10003a52:	900b      	str	r0, [sp, #44]	@ 0x2c
10003a54:	e7ec      	b.n	10003a30 <_vsnprintf+0xb4>
10003a56:	9b1c      	ldr	r3, [sp, #112]	@ 0x70
10003a58:	1d1a      	adds	r2, r3, #4
10003a5a:	921c      	str	r2, [sp, #112]	@ 0x70
10003a5c:	681b      	ldr	r3, [r3, #0]
10003a5e:	2b00      	cmp	r3, #0
10003a60:	db04      	blt.n	10003a6c <_vsnprintf+0xf0>
10003a62:	930b      	str	r3, [sp, #44]	@ 0x2c
10003a64:	9b11      	ldr	r3, [sp, #68]	@ 0x44
10003a66:	3301      	adds	r3, #1
10003a68:	9311      	str	r3, [sp, #68]	@ 0x44
10003a6a:	e7e1      	b.n	10003a30 <_vsnprintf+0xb4>
10003a6c:	2202      	movs	r2, #2
10003a6e:	4317      	orrs	r7, r2
10003a70:	425b      	negs	r3, r3
10003a72:	930b      	str	r3, [sp, #44]	@ 0x2c
10003a74:	e7f6      	b.n	10003a64 <_vsnprintf+0xe8>
10003a76:	2280      	movs	r2, #128	@ 0x80
10003a78:	00d2      	lsls	r2, r2, #3
10003a7a:	4317      	orrs	r7, r2
10003a7c:	1c5a      	adds	r2, r3, #1
10003a7e:	9211      	str	r2, [sp, #68]	@ 0x44
10003a80:	785a      	ldrb	r2, [r3, #1]
10003a82:	0013      	movs	r3, r2
10003a84:	3b30      	subs	r3, #48	@ 0x30
10003a86:	b2db      	uxtb	r3, r3
10003a88:	2b09      	cmp	r3, #9
10003a8a:	d90b      	bls.n	10003aa4 <_vsnprintf+0x128>
10003a8c:	2a2a      	cmp	r2, #42	@ 0x2a
10003a8e:	d1d3      	bne.n	10003a38 <_vsnprintf+0xbc>
10003a90:	9b1c      	ldr	r3, [sp, #112]	@ 0x70
10003a92:	1d1a      	adds	r2, r3, #4
10003a94:	921c      	str	r2, [sp, #112]	@ 0x70
10003a96:	681c      	ldr	r4, [r3, #0]
10003a98:	2c00      	cmp	r4, #0
10003a9a:	db08      	blt.n	10003aae <_vsnprintf+0x132>
10003a9c:	9b11      	ldr	r3, [sp, #68]	@ 0x44
10003a9e:	3301      	adds	r3, #1
10003aa0:	9311      	str	r3, [sp, #68]	@ 0x44
10003aa2:	e7c9      	b.n	10003a38 <_vsnprintf+0xbc>
10003aa4:	a811      	add	r0, sp, #68	@ 0x44
10003aa6:	f7ff f9d9 	bl	10002e5c <_atoi>
10003aaa:	0004      	movs	r4, r0
10003aac:	e7c4      	b.n	10003a38 <_vsnprintf+0xbc>
10003aae:	2400      	movs	r4, #0
10003ab0:	e7f4      	b.n	10003a9c <_vsnprintf+0x120>
10003ab2:	2380      	movs	r3, #128	@ 0x80
10003ab4:	005b      	lsls	r3, r3, #1
10003ab6:	433b      	orrs	r3, r7
10003ab8:	1c51      	adds	r1, r2, #1
10003aba:	9111      	str	r1, [sp, #68]	@ 0x44
10003abc:	7851      	ldrb	r1, [r2, #1]
10003abe:	296c      	cmp	r1, #108	@ 0x6c
10003ac0:	d001      	beq.n	10003ac6 <_vsnprintf+0x14a>
10003ac2:	001f      	movs	r7, r3
10003ac4:	e018      	b.n	10003af8 <_vsnprintf+0x17c>
10003ac6:	23c0      	movs	r3, #192	@ 0xc0
10003ac8:	009b      	lsls	r3, r3, #2
10003aca:	431f      	orrs	r7, r3
10003acc:	3202      	adds	r2, #2
10003ace:	9211      	str	r2, [sp, #68]	@ 0x44
10003ad0:	e012      	b.n	10003af8 <_vsnprintf+0x17c>
10003ad2:	2380      	movs	r3, #128	@ 0x80
10003ad4:	433b      	orrs	r3, r7
10003ad6:	1c51      	adds	r1, r2, #1
10003ad8:	9111      	str	r1, [sp, #68]	@ 0x44
10003ada:	7851      	ldrb	r1, [r2, #1]
10003adc:	2968      	cmp	r1, #104	@ 0x68
10003ade:	d001      	beq.n	10003ae4 <_vsnprintf+0x168>
10003ae0:	001f      	movs	r7, r3
10003ae2:	e009      	b.n	10003af8 <_vsnprintf+0x17c>
10003ae4:	23c0      	movs	r3, #192	@ 0xc0
10003ae6:	431f      	orrs	r7, r3
10003ae8:	3202      	adds	r2, #2
10003aea:	9211      	str	r2, [sp, #68]	@ 0x44
10003aec:	e004      	b.n	10003af8 <_vsnprintf+0x17c>
10003aee:	2380      	movs	r3, #128	@ 0x80
10003af0:	005b      	lsls	r3, r3, #1
10003af2:	431f      	orrs	r7, r3
10003af4:	3201      	adds	r2, #1
10003af6:	9211      	str	r2, [sp, #68]	@ 0x44
10003af8:	9b11      	ldr	r3, [sp, #68]	@ 0x44
10003afa:	7818      	ldrb	r0, [r3, #0]
10003afc:	2867      	cmp	r0, #103	@ 0x67
10003afe:	d818      	bhi.n	10003b32 <_vsnprintf+0x1b6>
10003b00:	2825      	cmp	r0, #37	@ 0x25
10003b02:	d200      	bcs.n	10003b06 <_vsnprintf+0x18a>
10003b04:	e24c      	b.n	10003fa0 <_vsnprintf+0x624>
10003b06:	0003      	movs	r3, r0
10003b08:	3b25      	subs	r3, #37	@ 0x25
10003b0a:	b2da      	uxtb	r2, r3
10003b0c:	2a42      	cmp	r2, #66	@ 0x42
10003b0e:	d900      	bls.n	10003b12 <_vsnprintf+0x196>
10003b10:	e246      	b.n	10003fa0 <_vsnprintf+0x624>
10003b12:	0093      	lsls	r3, r2, #2
10003b14:	4a8a      	ldr	r2, [pc, #552]	@ (10003d40 <_vsnprintf+0x3c4>)
10003b16:	58d3      	ldr	r3, [r2, r3]
10003b18:	469f      	mov	pc, r3
10003b1a:	2380      	movs	r3, #128	@ 0x80
10003b1c:	009b      	lsls	r3, r3, #2
10003b1e:	431f      	orrs	r7, r3
10003b20:	3201      	adds	r2, #1
10003b22:	9211      	str	r2, [sp, #68]	@ 0x44
10003b24:	e7e8      	b.n	10003af8 <_vsnprintf+0x17c>
10003b26:	2380      	movs	r3, #128	@ 0x80
10003b28:	005b      	lsls	r3, r3, #1
10003b2a:	431f      	orrs	r7, r3
10003b2c:	3201      	adds	r2, #1
10003b2e:	9211      	str	r2, [sp, #68]	@ 0x44
10003b30:	e7e2      	b.n	10003af8 <_vsnprintf+0x17c>
10003b32:	2878      	cmp	r0, #120	@ 0x78
10003b34:	d900      	bls.n	10003b38 <_vsnprintf+0x1bc>
10003b36:	e233      	b.n	10003fa0 <_vsnprintf+0x624>
10003b38:	2869      	cmp	r0, #105	@ 0x69
10003b3a:	d200      	bcs.n	10003b3e <_vsnprintf+0x1c2>
10003b3c:	e230      	b.n	10003fa0 <_vsnprintf+0x624>
10003b3e:	0002      	movs	r2, r0
10003b40:	3a69      	subs	r2, #105	@ 0x69
10003b42:	b2d2      	uxtb	r2, r2
10003b44:	2301      	movs	r3, #1
10003b46:	4093      	lsls	r3, r2
10003b48:	4a7e      	ldr	r2, [pc, #504]	@ (10003d44 <_vsnprintf+0x3c8>)
10003b4a:	4213      	tst	r3, r2
10003b4c:	d111      	bne.n	10003b72 <_vsnprintf+0x1f6>
10003b4e:	061a      	lsls	r2, r3, #24
10003b50:	d500      	bpl.n	10003b54 <_vsnprintf+0x1d8>
10003b52:	e200      	b.n	10003f56 <_vsnprintf+0x5da>
10003b54:	055b      	lsls	r3, r3, #21
10003b56:	d400      	bmi.n	10003b5a <_vsnprintf+0x1de>
10003b58:	e222      	b.n	10003fa0 <_vsnprintf+0x624>
10003b5a:	9b1c      	ldr	r3, [sp, #112]	@ 0x70
10003b5c:	1d1a      	adds	r2, r3, #4
10003b5e:	921c      	str	r2, [sp, #112]	@ 0x70
10003b60:	681b      	ldr	r3, [r3, #0]
10003b62:	469a      	mov	sl, r3
10003b64:	2c00      	cmp	r4, #0
10003b66:	d000      	beq.n	10003b6a <_vsnprintf+0x1ee>
10003b68:	e1b2      	b.n	10003ed0 <_vsnprintf+0x554>
10003b6a:	2201      	movs	r2, #1
10003b6c:	4252      	negs	r2, r2
10003b6e:	4653      	mov	r3, sl
10003b70:	e18e      	b.n	10003e90 <_vsnprintf+0x514>
10003b72:	286f      	cmp	r0, #111	@ 0x6f
10003b74:	d00e      	beq.n	10003b94 <_vsnprintf+0x218>
10003b76:	d806      	bhi.n	10003b86 <_vsnprintf+0x20a>
10003b78:	2858      	cmp	r0, #88	@ 0x58
10003b7a:	d03d      	beq.n	10003bf8 <_vsnprintf+0x27c>
10003b7c:	2862      	cmp	r0, #98	@ 0x62
10003b7e:	d104      	bne.n	10003b8a <_vsnprintf+0x20e>
10003b80:	2302      	movs	r3, #2
10003b82:	469c      	mov	ip, r3
10003b84:	e008      	b.n	10003b98 <_vsnprintf+0x21c>
10003b86:	2878      	cmp	r0, #120	@ 0x78
10003b88:	d039      	beq.n	10003bfe <_vsnprintf+0x282>
10003b8a:	2310      	movs	r3, #16
10003b8c:	439f      	bics	r7, r3
10003b8e:	3b06      	subs	r3, #6
10003b90:	469c      	mov	ip, r3
10003b92:	e001      	b.n	10003b98 <_vsnprintf+0x21c>
10003b94:	2308      	movs	r3, #8
10003b96:	469c      	mov	ip, r3
10003b98:	2858      	cmp	r0, #88	@ 0x58
10003b9a:	d033      	beq.n	10003c04 <_vsnprintf+0x288>
10003b9c:	2869      	cmp	r0, #105	@ 0x69
10003b9e:	d003      	beq.n	10003ba8 <_vsnprintf+0x22c>
10003ba0:	2864      	cmp	r0, #100	@ 0x64
10003ba2:	d001      	beq.n	10003ba8 <_vsnprintf+0x22c>
10003ba4:	220c      	movs	r2, #12
10003ba6:	4397      	bics	r7, r2
10003ba8:	057a      	lsls	r2, r7, #21
10003baa:	d501      	bpl.n	10003bb0 <_vsnprintf+0x234>
10003bac:	2201      	movs	r2, #1
10003bae:	4397      	bics	r7, r2
10003bb0:	2869      	cmp	r0, #105	@ 0x69
10003bb2:	d02a      	beq.n	10003c0a <_vsnprintf+0x28e>
10003bb4:	2864      	cmp	r0, #100	@ 0x64
10003bb6:	d028      	beq.n	10003c0a <_vsnprintf+0x28e>
10003bb8:	05ba      	lsls	r2, r7, #22
10003bba:	d500      	bpl.n	10003bbe <_vsnprintf+0x242>
10003bbc:	e09f      	b.n	10003cfe <_vsnprintf+0x382>
10003bbe:	05fa      	lsls	r2, r7, #23
10003bc0:	d500      	bpl.n	10003bc4 <_vsnprintf+0x248>
10003bc2:	e0c1      	b.n	10003d48 <_vsnprintf+0x3cc>
10003bc4:	067a      	lsls	r2, r7, #25
10003bc6:	d400      	bmi.n	10003bca <_vsnprintf+0x24e>
10003bc8:	e0d3      	b.n	10003d72 <_vsnprintf+0x3f6>
10003bca:	9a1c      	ldr	r2, [sp, #112]	@ 0x70
10003bcc:	1d11      	adds	r1, r2, #4
10003bce:	911c      	str	r1, [sp, #112]	@ 0x70
10003bd0:	6811      	ldr	r1, [r2, #0]
10003bd2:	22ff      	movs	r2, #255	@ 0xff
10003bd4:	400a      	ands	r2, r1
10003bd6:	9705      	str	r7, [sp, #20]
10003bd8:	9b0b      	ldr	r3, [sp, #44]	@ 0x2c
10003bda:	9304      	str	r3, [sp, #16]
10003bdc:	9403      	str	r4, [sp, #12]
10003bde:	4663      	mov	r3, ip
10003be0:	9302      	str	r3, [sp, #8]
10003be2:	2300      	movs	r3, #0
10003be4:	9301      	str	r3, [sp, #4]
10003be6:	9200      	str	r2, [sp, #0]
10003be8:	465b      	mov	r3, fp
10003bea:	002a      	movs	r2, r5
10003bec:	4641      	mov	r1, r8
10003bee:	0030      	movs	r0, r6
10003bf0:	f7ff fa25 	bl	1000303e <_ntoa_long>
10003bf4:	0005      	movs	r5, r0
10003bf6:	e027      	b.n	10003c48 <_vsnprintf+0x2cc>
10003bf8:	2310      	movs	r3, #16
10003bfa:	469c      	mov	ip, r3
10003bfc:	e7cc      	b.n	10003b98 <_vsnprintf+0x21c>
10003bfe:	2310      	movs	r3, #16
10003c00:	469c      	mov	ip, r3
10003c02:	e7c9      	b.n	10003b98 <_vsnprintf+0x21c>
10003c04:	2220      	movs	r2, #32
10003c06:	4317      	orrs	r7, r2
10003c08:	e7c8      	b.n	10003b9c <_vsnprintf+0x220>
10003c0a:	05ba      	lsls	r2, r7, #22
10003c0c:	d420      	bmi.n	10003c50 <_vsnprintf+0x2d4>
10003c0e:	05fa      	lsls	r2, r7, #23
10003c10:	d450      	bmi.n	10003cb4 <_vsnprintf+0x338>
10003c12:	067a      	lsls	r2, r7, #25
10003c14:	d566      	bpl.n	10003ce4 <_vsnprintf+0x368>
10003c16:	9a1c      	ldr	r2, [sp, #112]	@ 0x70
10003c18:	1d11      	adds	r1, r2, #4
10003c1a:	911c      	str	r1, [sp, #112]	@ 0x70
10003c1c:	6811      	ldr	r1, [r2, #0]
10003c1e:	22ff      	movs	r2, #255	@ 0xff
10003c20:	400a      	ands	r2, r1
10003c22:	17d0      	asrs	r0, r2, #31
10003c24:	1811      	adds	r1, r2, r0
10003c26:	4041      	eors	r1, r0
10003c28:	9705      	str	r7, [sp, #20]
10003c2a:	9b0b      	ldr	r3, [sp, #44]	@ 0x2c
10003c2c:	9304      	str	r3, [sp, #16]
10003c2e:	9403      	str	r4, [sp, #12]
10003c30:	4663      	mov	r3, ip
10003c32:	9302      	str	r3, [sp, #8]
10003c34:	0fd2      	lsrs	r2, r2, #31
10003c36:	9201      	str	r2, [sp, #4]
10003c38:	9100      	str	r1, [sp, #0]
10003c3a:	465b      	mov	r3, fp
10003c3c:	002a      	movs	r2, r5
10003c3e:	4641      	mov	r1, r8
10003c40:	0030      	movs	r0, r6
10003c42:	f7ff f9fc 	bl	1000303e <_ntoa_long>
10003c46:	0005      	movs	r5, r0
10003c48:	9b11      	ldr	r3, [sp, #68]	@ 0x44
10003c4a:	3301      	adds	r3, #1
10003c4c:	9311      	str	r3, [sp, #68]	@ 0x44
10003c4e:	e6a5      	b.n	1000399c <_vsnprintf+0x20>
10003c50:	9a1c      	ldr	r2, [sp, #112]	@ 0x70
10003c52:	3207      	adds	r2, #7
10003c54:	2107      	movs	r1, #7
10003c56:	438a      	bics	r2, r1
10003c58:	0011      	movs	r1, r2
10003c5a:	3108      	adds	r1, #8
10003c5c:	911c      	str	r1, [sp, #112]	@ 0x70
10003c5e:	6811      	ldr	r1, [r2, #0]
10003c60:	6853      	ldr	r3, [r2, #4]
10003c62:	4699      	mov	r9, r3
10003c64:	17db      	asrs	r3, r3, #31
10003c66:	930c      	str	r3, [sp, #48]	@ 0x30
10003c68:	930d      	str	r3, [sp, #52]	@ 0x34
10003c6a:	9a0c      	ldr	r2, [sp, #48]	@ 0x30
10003c6c:	9b0d      	ldr	r3, [sp, #52]	@ 0x34
10003c6e:	0010      	movs	r0, r2
10003c70:	4048      	eors	r0, r1
10003c72:	900e      	str	r0, [sp, #56]	@ 0x38
10003c74:	464a      	mov	r2, r9
10003c76:	4053      	eors	r3, r2
10003c78:	930f      	str	r3, [sp, #60]	@ 0x3c
10003c7a:	980e      	ldr	r0, [sp, #56]	@ 0x38
10003c7c:	990f      	ldr	r1, [sp, #60]	@ 0x3c
10003c7e:	9a0c      	ldr	r2, [sp, #48]	@ 0x30
10003c80:	9b0d      	ldr	r3, [sp, #52]	@ 0x34
10003c82:	1a80      	subs	r0, r0, r2
10003c84:	4199      	sbcs	r1, r3
10003c86:	900e      	str	r0, [sp, #56]	@ 0x38
10003c88:	910f      	str	r1, [sp, #60]	@ 0x3c
10003c8a:	9708      	str	r7, [sp, #32]
10003c8c:	9b0b      	ldr	r3, [sp, #44]	@ 0x2c
10003c8e:	9307      	str	r3, [sp, #28]
10003c90:	9406      	str	r4, [sp, #24]
10003c92:	4663      	mov	r3, ip
10003c94:	9304      	str	r3, [sp, #16]
10003c96:	2300      	movs	r3, #0
10003c98:	9305      	str	r3, [sp, #20]
10003c9a:	464b      	mov	r3, r9
10003c9c:	0fda      	lsrs	r2, r3, #31
10003c9e:	9202      	str	r2, [sp, #8]
10003ca0:	9000      	str	r0, [sp, #0]
10003ca2:	9101      	str	r1, [sp, #4]
10003ca4:	465b      	mov	r3, fp
10003ca6:	002a      	movs	r2, r5
10003ca8:	4641      	mov	r1, r8
10003caa:	0030      	movs	r0, r6
10003cac:	f7ff fa25 	bl	100030fa <_ntoa_long_long>
10003cb0:	0005      	movs	r5, r0
10003cb2:	e7c9      	b.n	10003c48 <_vsnprintf+0x2cc>
10003cb4:	9a1c      	ldr	r2, [sp, #112]	@ 0x70
10003cb6:	1d11      	adds	r1, r2, #4
10003cb8:	911c      	str	r1, [sp, #112]	@ 0x70
10003cba:	6812      	ldr	r2, [r2, #0]
10003cbc:	17d0      	asrs	r0, r2, #31
10003cbe:	1811      	adds	r1, r2, r0
10003cc0:	4041      	eors	r1, r0
10003cc2:	9705      	str	r7, [sp, #20]
10003cc4:	9b0b      	ldr	r3, [sp, #44]	@ 0x2c
10003cc6:	9304      	str	r3, [sp, #16]
10003cc8:	9403      	str	r4, [sp, #12]
10003cca:	4663      	mov	r3, ip
10003ccc:	9302      	str	r3, [sp, #8]
10003cce:	0fd2      	lsrs	r2, r2, #31
10003cd0:	9201      	str	r2, [sp, #4]
10003cd2:	9100      	str	r1, [sp, #0]
10003cd4:	465b      	mov	r3, fp
10003cd6:	002a      	movs	r2, r5
10003cd8:	4641      	mov	r1, r8
10003cda:	0030      	movs	r0, r6
10003cdc:	f7ff f9af 	bl	1000303e <_ntoa_long>
10003ce0:	0005      	movs	r5, r0
10003ce2:	e7b1      	b.n	10003c48 <_vsnprintf+0x2cc>
10003ce4:	063a      	lsls	r2, r7, #24
10003ce6:	d505      	bpl.n	10003cf4 <_vsnprintf+0x378>
10003ce8:	9a1c      	ldr	r2, [sp, #112]	@ 0x70
10003cea:	1d11      	adds	r1, r2, #4
10003cec:	911c      	str	r1, [sp, #112]	@ 0x70
10003cee:	2300      	movs	r3, #0
10003cf0:	5ed2      	ldrsh	r2, [r2, r3]
10003cf2:	e796      	b.n	10003c22 <_vsnprintf+0x2a6>
10003cf4:	9a1c      	ldr	r2, [sp, #112]	@ 0x70
10003cf6:	1d11      	adds	r1, r2, #4
10003cf8:	911c      	str	r1, [sp, #112]	@ 0x70
10003cfa:	6812      	ldr	r2, [r2, #0]
10003cfc:	e791      	b.n	10003c22 <_vsnprintf+0x2a6>
10003cfe:	9a1c      	ldr	r2, [sp, #112]	@ 0x70
10003d00:	3207      	adds	r2, #7
10003d02:	2107      	movs	r1, #7
10003d04:	438a      	bics	r2, r1
10003d06:	0011      	movs	r1, r2
10003d08:	3108      	adds	r1, #8
10003d0a:	911c      	str	r1, [sp, #112]	@ 0x70
10003d0c:	9708      	str	r7, [sp, #32]
10003d0e:	9b0b      	ldr	r3, [sp, #44]	@ 0x2c
10003d10:	9307      	str	r3, [sp, #28]
10003d12:	9406      	str	r4, [sp, #24]
10003d14:	4663      	mov	r3, ip
10003d16:	9304      	str	r3, [sp, #16]
10003d18:	2300      	movs	r3, #0
10003d1a:	9305      	str	r3, [sp, #20]
10003d1c:	9302      	str	r3, [sp, #8]
10003d1e:	6853      	ldr	r3, [r2, #4]
10003d20:	6812      	ldr	r2, [r2, #0]
10003d22:	9200      	str	r2, [sp, #0]
10003d24:	9301      	str	r3, [sp, #4]
10003d26:	465b      	mov	r3, fp
10003d28:	002a      	movs	r2, r5
10003d2a:	4641      	mov	r1, r8
10003d2c:	0030      	movs	r0, r6
10003d2e:	f7ff f9e4 	bl	100030fa <_ntoa_long_long>
10003d32:	0005      	movs	r5, r0
10003d34:	e788      	b.n	10003c48 <_vsnprintf+0x2cc>
10003d36:	46c0      	nop			@ (mov r8, r8)
10003d38:	10006078 	.word	0x10006078
10003d3c:	100060bc 	.word	0x100060bc
10003d40:	10006108 	.word	0x10006108
10003d44:	00009041 	.word	0x00009041
10003d48:	9a1c      	ldr	r2, [sp, #112]	@ 0x70
10003d4a:	1d11      	adds	r1, r2, #4
10003d4c:	911c      	str	r1, [sp, #112]	@ 0x70
10003d4e:	9705      	str	r7, [sp, #20]
10003d50:	9b0b      	ldr	r3, [sp, #44]	@ 0x2c
10003d52:	9304      	str	r3, [sp, #16]
10003d54:	9403      	str	r4, [sp, #12]
10003d56:	4663      	mov	r3, ip
10003d58:	9302      	str	r3, [sp, #8]
10003d5a:	2300      	movs	r3, #0
10003d5c:	9301      	str	r3, [sp, #4]
10003d5e:	6813      	ldr	r3, [r2, #0]
10003d60:	9300      	str	r3, [sp, #0]
10003d62:	465b      	mov	r3, fp
10003d64:	002a      	movs	r2, r5
10003d66:	4641      	mov	r1, r8
10003d68:	0030      	movs	r0, r6
10003d6a:	f7ff f968 	bl	1000303e <_ntoa_long>
10003d6e:	0005      	movs	r5, r0
10003d70:	e76a      	b.n	10003c48 <_vsnprintf+0x2cc>
10003d72:	063a      	lsls	r2, r7, #24
10003d74:	d506      	bpl.n	10003d84 <_vsnprintf+0x408>
10003d76:	9a1c      	ldr	r2, [sp, #112]	@ 0x70
10003d78:	1d11      	adds	r1, r2, #4
10003d7a:	911c      	str	r1, [sp, #112]	@ 0x70
10003d7c:	6812      	ldr	r2, [r2, #0]
10003d7e:	0412      	lsls	r2, r2, #16
10003d80:	0c12      	lsrs	r2, r2, #16
10003d82:	e728      	b.n	10003bd6 <_vsnprintf+0x25a>
10003d84:	9a1c      	ldr	r2, [sp, #112]	@ 0x70
10003d86:	1d11      	adds	r1, r2, #4
10003d88:	911c      	str	r1, [sp, #112]	@ 0x70
10003d8a:	6812      	ldr	r2, [r2, #0]
10003d8c:	e723      	b.n	10003bd6 <_vsnprintf+0x25a>
10003d8e:	2846      	cmp	r0, #70	@ 0x46
10003d90:	d019      	beq.n	10003dc6 <_vsnprintf+0x44a>
10003d92:	9b1c      	ldr	r3, [sp, #112]	@ 0x70
10003d94:	3307      	adds	r3, #7
10003d96:	2207      	movs	r2, #7
10003d98:	4393      	bics	r3, r2
10003d9a:	001a      	movs	r2, r3
10003d9c:	3208      	adds	r2, #8
10003d9e:	921c      	str	r2, [sp, #112]	@ 0x70
10003da0:	9704      	str	r7, [sp, #16]
10003da2:	9a0b      	ldr	r2, [sp, #44]	@ 0x2c
10003da4:	9203      	str	r2, [sp, #12]
10003da6:	9402      	str	r4, [sp, #8]
10003da8:	681a      	ldr	r2, [r3, #0]
10003daa:	685b      	ldr	r3, [r3, #4]
10003dac:	9200      	str	r2, [sp, #0]
10003dae:	9301      	str	r3, [sp, #4]
10003db0:	465b      	mov	r3, fp
10003db2:	002a      	movs	r2, r5
10003db4:	4641      	mov	r1, r8
10003db6:	0030      	movs	r0, r6
10003db8:	f7ff fc36 	bl	10003628 <_ftoa>
10003dbc:	0005      	movs	r5, r0
10003dbe:	9b11      	ldr	r3, [sp, #68]	@ 0x44
10003dc0:	3301      	adds	r3, #1
10003dc2:	9311      	str	r3, [sp, #68]	@ 0x44
10003dc4:	e5ea      	b.n	1000399c <_vsnprintf+0x20>
10003dc6:	2320      	movs	r3, #32
10003dc8:	431f      	orrs	r7, r3
10003dca:	e7e2      	b.n	10003d92 <_vsnprintf+0x416>
10003dcc:	2867      	cmp	r0, #103	@ 0x67
10003dce:	d001      	beq.n	10003dd4 <_vsnprintf+0x458>
10003dd0:	2847      	cmp	r0, #71	@ 0x47
10003dd2:	d102      	bne.n	10003dda <_vsnprintf+0x45e>
10003dd4:	2380      	movs	r3, #128	@ 0x80
10003dd6:	011b      	lsls	r3, r3, #4
10003dd8:	431f      	orrs	r7, r3
10003dda:	2845      	cmp	r0, #69	@ 0x45
10003ddc:	d001      	beq.n	10003de2 <_vsnprintf+0x466>
10003dde:	2847      	cmp	r0, #71	@ 0x47
10003de0:	d101      	bne.n	10003de6 <_vsnprintf+0x46a>
10003de2:	2320      	movs	r3, #32
10003de4:	431f      	orrs	r7, r3
10003de6:	9b1c      	ldr	r3, [sp, #112]	@ 0x70
10003de8:	3307      	adds	r3, #7
10003dea:	2207      	movs	r2, #7
10003dec:	4393      	bics	r3, r2
10003dee:	001a      	movs	r2, r3
10003df0:	3208      	adds	r2, #8
10003df2:	921c      	str	r2, [sp, #112]	@ 0x70
10003df4:	9704      	str	r7, [sp, #16]
10003df6:	9a0b      	ldr	r2, [sp, #44]	@ 0x2c
10003df8:	9203      	str	r2, [sp, #12]
10003dfa:	9402      	str	r4, [sp, #8]
10003dfc:	681a      	ldr	r2, [r3, #0]
10003dfe:	685b      	ldr	r3, [r3, #4]
10003e00:	9200      	str	r2, [sp, #0]
10003e02:	9301      	str	r3, [sp, #4]
10003e04:	465b      	mov	r3, fp
10003e06:	002a      	movs	r2, r5
10003e08:	4641      	mov	r1, r8
10003e0a:	0030      	movs	r0, r6
10003e0c:	f7ff f9fc 	bl	10003208 <_etoa>
10003e10:	0005      	movs	r5, r0
10003e12:	9b11      	ldr	r3, [sp, #68]	@ 0x44
10003e14:	3301      	adds	r3, #1
10003e16:	9311      	str	r3, [sp, #68]	@ 0x44
10003e18:	e5c0      	b.n	1000399c <_vsnprintf+0x20>
10003e1a:	2302      	movs	r3, #2
10003e1c:	001a      	movs	r2, r3
10003e1e:	403a      	ands	r2, r7
10003e20:	4691      	mov	r9, r2
10003e22:	423b      	tst	r3, r7
10003e24:	d01d      	beq.n	10003e62 <_vsnprintf+0x4e6>
10003e26:	2401      	movs	r4, #1
10003e28:	9b1c      	ldr	r3, [sp, #112]	@ 0x70
10003e2a:	1d1a      	adds	r2, r3, #4
10003e2c:	921c      	str	r2, [sp, #112]	@ 0x70
10003e2e:	1c6f      	adds	r7, r5, #1
10003e30:	7818      	ldrb	r0, [r3, #0]
10003e32:	465b      	mov	r3, fp
10003e34:	002a      	movs	r2, r5
10003e36:	4641      	mov	r1, r8
10003e38:	47b0      	blx	r6
10003e3a:	464b      	mov	r3, r9
10003e3c:	2b00      	cmp	r3, #0
10003e3e:	d114      	bne.n	10003e6a <_vsnprintf+0x4ee>
10003e40:	9b11      	ldr	r3, [sp, #68]	@ 0x44
10003e42:	3301      	adds	r3, #1
10003e44:	9311      	str	r3, [sp, #68]	@ 0x44
10003e46:	003d      	movs	r5, r7
10003e48:	e5a8      	b.n	1000399c <_vsnprintf+0x20>
10003e4a:	1c57      	adds	r7, r2, #1
10003e4c:	465b      	mov	r3, fp
10003e4e:	4641      	mov	r1, r8
10003e50:	2020      	movs	r0, #32
10003e52:	47b0      	blx	r6
10003e54:	0023      	movs	r3, r4
10003e56:	003a      	movs	r2, r7
10003e58:	1c5c      	adds	r4, r3, #1
10003e5a:	429d      	cmp	r5, r3
10003e5c:	d8f5      	bhi.n	10003e4a <_vsnprintf+0x4ce>
10003e5e:	0015      	movs	r5, r2
10003e60:	e7e2      	b.n	10003e28 <_vsnprintf+0x4ac>
10003e62:	2301      	movs	r3, #1
10003e64:	002a      	movs	r2, r5
10003e66:	9d0b      	ldr	r5, [sp, #44]	@ 0x2c
10003e68:	e7f6      	b.n	10003e58 <_vsnprintf+0x4dc>
10003e6a:	003a      	movs	r2, r7
10003e6c:	46b1      	mov	r9, r6
10003e6e:	9e0b      	ldr	r6, [sp, #44]	@ 0x2c
10003e70:	e006      	b.n	10003e80 <_vsnprintf+0x504>
10003e72:	1c57      	adds	r7, r2, #1
10003e74:	465b      	mov	r3, fp
10003e76:	4641      	mov	r1, r8
10003e78:	2020      	movs	r0, #32
10003e7a:	47c8      	blx	r9
10003e7c:	002c      	movs	r4, r5
10003e7e:	003a      	movs	r2, r7
10003e80:	1c65      	adds	r5, r4, #1
10003e82:	42a6      	cmp	r6, r4
10003e84:	d8f5      	bhi.n	10003e72 <_vsnprintf+0x4f6>
10003e86:	0017      	movs	r7, r2
10003e88:	464e      	mov	r6, r9
10003e8a:	e7d9      	b.n	10003e40 <_vsnprintf+0x4c4>
10003e8c:	3301      	adds	r3, #1
10003e8e:	000a      	movs	r2, r1
10003e90:	7819      	ldrb	r1, [r3, #0]
10003e92:	2900      	cmp	r1, #0
10003e94:	d002      	beq.n	10003e9c <_vsnprintf+0x520>
10003e96:	1e51      	subs	r1, r2, #1
10003e98:	2a00      	cmp	r2, #0
10003e9a:	d1f7      	bne.n	10003e8c <_vsnprintf+0x510>
10003e9c:	4652      	mov	r2, sl
10003e9e:	1a9b      	subs	r3, r3, r2
10003ea0:	2280      	movs	r2, #128	@ 0x80
10003ea2:	00d2      	lsls	r2, r2, #3
10003ea4:	0039      	movs	r1, r7
10003ea6:	4011      	ands	r1, r2
10003ea8:	4689      	mov	r9, r1
10003eaa:	4217      	tst	r7, r2
10003eac:	d002      	beq.n	10003eb4 <_vsnprintf+0x538>
10003eae:	42a3      	cmp	r3, r4
10003eb0:	d900      	bls.n	10003eb4 <_vsnprintf+0x538>
10003eb2:	0023      	movs	r3, r4
10003eb4:	2202      	movs	r2, #2
10003eb6:	0011      	movs	r1, r2
10003eb8:	4039      	ands	r1, r7
10003eba:	9110      	str	r1, [sp, #64]	@ 0x40
10003ebc:	423a      	tst	r2, r7
10003ebe:	d009      	beq.n	10003ed4 <_vsnprintf+0x558>
10003ec0:	002a      	movs	r2, r5
10003ec2:	0025      	movs	r5, r4
10003ec4:	4657      	mov	r7, sl
10003ec6:	469a      	mov	sl, r3
10003ec8:	0033      	movs	r3, r6
10003eca:	464e      	mov	r6, r9
10003ecc:	4699      	mov	r9, r3
10003ece:	e021      	b.n	10003f14 <_vsnprintf+0x598>
10003ed0:	0022      	movs	r2, r4
10003ed2:	e64c      	b.n	10003b6e <_vsnprintf+0x1f2>
10003ed4:	002a      	movs	r2, r5
10003ed6:	4645      	mov	r5, r8
10003ed8:	46a0      	mov	r8, r4
10003eda:	e006      	b.n	10003eea <_vsnprintf+0x56e>
10003edc:	1c54      	adds	r4, r2, #1
10003ede:	465b      	mov	r3, fp
10003ee0:	0029      	movs	r1, r5
10003ee2:	2020      	movs	r0, #32
10003ee4:	47b0      	blx	r6
10003ee6:	003b      	movs	r3, r7
10003ee8:	0022      	movs	r2, r4
10003eea:	1c5f      	adds	r7, r3, #1
10003eec:	990b      	ldr	r1, [sp, #44]	@ 0x2c
10003eee:	4299      	cmp	r1, r3
10003ef0:	d8f4      	bhi.n	10003edc <_vsnprintf+0x560>
10003ef2:	4644      	mov	r4, r8
10003ef4:	46a8      	mov	r8, r5
10003ef6:	003b      	movs	r3, r7
10003ef8:	0025      	movs	r5, r4
10003efa:	4657      	mov	r7, sl
10003efc:	469a      	mov	sl, r3
10003efe:	0033      	movs	r3, r6
10003f00:	464e      	mov	r6, r9
10003f02:	4699      	mov	r9, r3
10003f04:	e006      	b.n	10003f14 <_vsnprintf+0x598>
10003f06:	001d      	movs	r5, r3
10003f08:	3701      	adds	r7, #1
10003f0a:	1c54      	adds	r4, r2, #1
10003f0c:	465b      	mov	r3, fp
10003f0e:	4641      	mov	r1, r8
10003f10:	47c8      	blx	r9
10003f12:	0022      	movs	r2, r4
10003f14:	7838      	ldrb	r0, [r7, #0]
10003f16:	2800      	cmp	r0, #0
10003f18:	d004      	beq.n	10003f24 <_vsnprintf+0x5a8>
10003f1a:	2e00      	cmp	r6, #0
10003f1c:	d0f4      	beq.n	10003f08 <_vsnprintf+0x58c>
10003f1e:	1e6b      	subs	r3, r5, #1
10003f20:	2d00      	cmp	r5, #0
10003f22:	d1f0      	bne.n	10003f06 <_vsnprintf+0x58a>
10003f24:	0015      	movs	r5, r2
10003f26:	4653      	mov	r3, sl
10003f28:	464e      	mov	r6, r9
10003f2a:	9a10      	ldr	r2, [sp, #64]	@ 0x40
10003f2c:	2a00      	cmp	r2, #0
10003f2e:	d103      	bne.n	10003f38 <_vsnprintf+0x5bc>
10003f30:	9b11      	ldr	r3, [sp, #68]	@ 0x44
10003f32:	3301      	adds	r3, #1
10003f34:	9311      	str	r3, [sp, #68]	@ 0x44
10003f36:	e531      	b.n	1000399c <_vsnprintf+0x20>
10003f38:	9f0b      	ldr	r7, [sp, #44]	@ 0x2c
10003f3a:	002a      	movs	r2, r5
10003f3c:	e006      	b.n	10003f4c <_vsnprintf+0x5d0>
10003f3e:	1c55      	adds	r5, r2, #1
10003f40:	465b      	mov	r3, fp
10003f42:	4641      	mov	r1, r8
10003f44:	2020      	movs	r0, #32
10003f46:	47b0      	blx	r6
10003f48:	0023      	movs	r3, r4
10003f4a:	002a      	movs	r2, r5
10003f4c:	1c5c      	adds	r4, r3, #1
10003f4e:	429f      	cmp	r7, r3
10003f50:	d8f5      	bhi.n	10003f3e <_vsnprintf+0x5c2>
10003f52:	0015      	movs	r5, r2
10003f54:	e7ec      	b.n	10003f30 <_vsnprintf+0x5b4>
10003f56:	2321      	movs	r3, #33	@ 0x21
10003f58:	433b      	orrs	r3, r7
10003f5a:	9a1c      	ldr	r2, [sp, #112]	@ 0x70
10003f5c:	1d11      	adds	r1, r2, #4
10003f5e:	911c      	str	r1, [sp, #112]	@ 0x70
10003f60:	6812      	ldr	r2, [r2, #0]
10003f62:	9305      	str	r3, [sp, #20]
10003f64:	2308      	movs	r3, #8
10003f66:	9304      	str	r3, [sp, #16]
10003f68:	9403      	str	r4, [sp, #12]
10003f6a:	3308      	adds	r3, #8
10003f6c:	9302      	str	r3, [sp, #8]
10003f6e:	2300      	movs	r3, #0
10003f70:	9301      	str	r3, [sp, #4]
10003f72:	9200      	str	r2, [sp, #0]
10003f74:	465b      	mov	r3, fp
10003f76:	002a      	movs	r2, r5
10003f78:	4641      	mov	r1, r8
10003f7a:	0030      	movs	r0, r6
10003f7c:	f7ff f85f 	bl	1000303e <_ntoa_long>
10003f80:	0005      	movs	r5, r0
10003f82:	9b11      	ldr	r3, [sp, #68]	@ 0x44
10003f84:	3301      	adds	r3, #1
10003f86:	9311      	str	r3, [sp, #68]	@ 0x44
10003f88:	e508      	b.n	1000399c <_vsnprintf+0x20>
10003f8a:	1c6c      	adds	r4, r5, #1
10003f8c:	465b      	mov	r3, fp
10003f8e:	002a      	movs	r2, r5
10003f90:	4641      	mov	r1, r8
10003f92:	2025      	movs	r0, #37	@ 0x25
10003f94:	47b0      	blx	r6
10003f96:	9b11      	ldr	r3, [sp, #68]	@ 0x44
10003f98:	3301      	adds	r3, #1
10003f9a:	9311      	str	r3, [sp, #68]	@ 0x44
10003f9c:	0025      	movs	r5, r4
10003f9e:	e4fd      	b.n	1000399c <_vsnprintf+0x20>
10003fa0:	1c6c      	adds	r4, r5, #1
10003fa2:	465b      	mov	r3, fp
10003fa4:	002a      	movs	r2, r5
10003fa6:	4641      	mov	r1, r8
10003fa8:	47b0      	blx	r6
10003faa:	9b11      	ldr	r3, [sp, #68]	@ 0x44
10003fac:	3301      	adds	r3, #1
10003fae:	9311      	str	r3, [sp, #68]	@ 0x44
10003fb0:	0025      	movs	r5, r4
10003fb2:	e4f3      	b.n	1000399c <_vsnprintf+0x20>
10003fb4:	4b0a      	ldr	r3, [pc, #40]	@ (10003fe0 <_vsnprintf+0x664>)
10003fb6:	469a      	mov	sl, r3
10003fb8:	e4ee      	b.n	10003998 <_vsnprintf+0x1c>
10003fba:	46b2      	mov	sl, r6
10003fbc:	455d      	cmp	r5, fp
10003fbe:	d30d      	bcc.n	10003fdc <_vsnprintf+0x660>
10003fc0:	465b      	mov	r3, fp
10003fc2:	1e5a      	subs	r2, r3, #1
10003fc4:	465b      	mov	r3, fp
10003fc6:	4641      	mov	r1, r8
10003fc8:	2000      	movs	r0, #0
10003fca:	47d0      	blx	sl
10003fcc:	0028      	movs	r0, r5
10003fce:	b013      	add	sp, #76	@ 0x4c
10003fd0:	bcf0      	pop	{r4, r5, r6, r7}
10003fd2:	46bb      	mov	fp, r7
10003fd4:	46b2      	mov	sl, r6
10003fd6:	46a9      	mov	r9, r5
10003fd8:	46a0      	mov	r8, r4
10003fda:	bdf0      	pop	{r4, r5, r6, r7, pc}
10003fdc:	002a      	movs	r2, r5
10003fde:	e7f1      	b.n	10003fc4 <_vsnprintf+0x648>
10003fe0:	10002e4d 	.word	0x10002e4d

10003fe4 <__wrap_sprintf>:
10003fe4:	b40e      	push	{r1, r2, r3}
10003fe6:	b530      	push	{r4, r5, lr}
10003fe8:	b084      	sub	sp, #16
10003fea:	0001      	movs	r1, r0
10003fec:	ac07      	add	r4, sp, #28
10003fee:	cc08      	ldmia	r4!, {r3}
10003ff0:	9403      	str	r4, [sp, #12]
10003ff2:	2201      	movs	r2, #1
10003ff4:	4d05      	ldr	r5, [pc, #20]	@ (1000400c <__wrap_sprintf+0x28>)
10003ff6:	9400      	str	r4, [sp, #0]
10003ff8:	4252      	negs	r2, r2
10003ffa:	0028      	movs	r0, r5
10003ffc:	f7ff fcbe 	bl	1000397c <_vsnprintf>
10004000:	b004      	add	sp, #16
10004002:	bc30      	pop	{r4, r5}
10004004:	bc08      	pop	{r3}
10004006:	b003      	add	sp, #12
10004008:	4718      	bx	r3
1000400a:	46c0      	nop			@ (mov r8, r8)
1000400c:	10002e45 	.word	0x10002e45

10004010 <vfctprintf>:
10004010:	b500      	push	{lr}
10004012:	b085      	sub	sp, #20
10004014:	9002      	str	r0, [sp, #8]
10004016:	9103      	str	r1, [sp, #12]
10004018:	2101      	movs	r1, #1
1000401a:	4804      	ldr	r0, [pc, #16]	@ (1000402c <vfctprintf+0x1c>)
1000401c:	9300      	str	r3, [sp, #0]
1000401e:	0013      	movs	r3, r2
10004020:	424a      	negs	r2, r1
10004022:	a902      	add	r1, sp, #8
10004024:	f7ff fcaa 	bl	1000397c <_vsnprintf>
10004028:	b005      	add	sp, #20
1000402a:	bd00      	pop	{pc}
1000402c:	10002e4f 	.word	0x10002e4f

10004030 <_exit>:
10004030:	be00      	bkpt	0x0000
10004032:	e7fd      	b.n	10004030 <_exit>

10004034 <_sbrk>:
10004034:	0003      	movs	r3, r0
10004036:	4a0a      	ldr	r2, [pc, #40]	@ (10004060 <_sbrk+0x2c>)
10004038:	6812      	ldr	r2, [r2, #0]
1000403a:	2a00      	cmp	r2, #0
1000403c:	d008      	beq.n	10004050 <_sbrk+0x1c>
1000403e:	4a08      	ldr	r2, [pc, #32]	@ (10004060 <_sbrk+0x2c>)
10004040:	6810      	ldr	r0, [r2, #0]
10004042:	18c3      	adds	r3, r0, r3
10004044:	4a07      	ldr	r2, [pc, #28]	@ (10004064 <_sbrk+0x30>)
10004046:	429a      	cmp	r2, r3
10004048:	d306      	bcc.n	10004058 <_sbrk+0x24>
1000404a:	4a05      	ldr	r2, [pc, #20]	@ (10004060 <_sbrk+0x2c>)
1000404c:	6013      	str	r3, [r2, #0]
1000404e:	4770      	bx	lr
10004050:	4a03      	ldr	r2, [pc, #12]	@ (10004060 <_sbrk+0x2c>)
10004052:	4905      	ldr	r1, [pc, #20]	@ (10004068 <_sbrk+0x34>)
10004054:	6011      	str	r1, [r2, #0]
10004056:	e7f2      	b.n	1000403e <_sbrk+0xa>
10004058:	2001      	movs	r0, #1
1000405a:	4240      	negs	r0, r0
1000405c:	e7f7      	b.n	1000404e <_sbrk+0x1a>
1000405e:	46c0      	nop			@ (mov r8, r8)
10004060:	20000b90 	.word	0x20000b90
10004064:	20040000 	.word	0x20040000
10004068:	20000dd8 	.word	0x20000dd8

1000406c <exit>:
1000406c:	b510      	push	{r4, lr}
1000406e:	f7ff ffdf 	bl	10004030 <_exit>
	...

10004074 <__assert_func>:
10004074:	b530      	push	{r4, r5, lr}
10004076:	b083      	sub	sp, #12
10004078:	000d      	movs	r5, r1
1000407a:	0019      	movs	r1, r3
1000407c:	2a00      	cmp	r2, #0
1000407e:	d00b      	beq.n	10004098 <__assert_func+0x24>
10004080:	4b07      	ldr	r3, [pc, #28]	@ (100040a0 <__assert_func+0x2c>)
10004082:	4c08      	ldr	r4, [pc, #32]	@ (100040a4 <__assert_func+0x30>)
10004084:	9201      	str	r2, [sp, #4]
10004086:	9300      	str	r3, [sp, #0]
10004088:	002b      	movs	r3, r5
1000408a:	0002      	movs	r2, r0
1000408c:	0020      	movs	r0, r4
1000408e:	f000 f95f 	bl	10004350 <__wrap_printf>
10004092:	2001      	movs	r0, #1
10004094:	f7ff ffcc 	bl	10004030 <_exit>
10004098:	4b03      	ldr	r3, [pc, #12]	@ (100040a8 <__assert_func+0x34>)
1000409a:	001a      	movs	r2, r3
1000409c:	e7f1      	b.n	10004082 <__assert_func+0xe>
1000409e:	46c0      	nop			@ (mov r8, r8)
100040a0:	10005dc8 	.word	0x10005dc8
100040a4:	10005dd8 	.word	0x10005dd8
100040a8:	10005684 	.word	0x10005684

100040ac <runtime_init>:
100040ac:	b510      	push	{r4, lr}
100040ae:	f3ef 8305 	mrs	r3, IPSR
100040b2:	2b00      	cmp	r3, #0
100040b4:	d000      	beq.n	100040b8 <runtime_init+0xc>
100040b6:	be00      	bkpt	0x0000
100040b8:	f7fe f982 	bl	100023c0 <runtime_run_initializers>
100040bc:	4c03      	ldr	r4, [pc, #12]	@ (100040cc <runtime_init+0x20>)
100040be:	e001      	b.n	100040c4 <runtime_init+0x18>
100040c0:	cc08      	ldmia	r4!, {r3}
100040c2:	4798      	blx	r3
100040c4:	4b02      	ldr	r3, [pc, #8]	@ (100040d0 <runtime_init+0x24>)
100040c6:	429c      	cmp	r4, r3
100040c8:	d3fa      	bcc.n	100040c0 <runtime_init+0x14>
100040ca:	bd10      	pop	{r4, pc}
100040cc:	100055a4 	.word	0x100055a4
100040d0:	100055a8 	.word	0x100055a8

100040d4 <stdio_out_chars_no_crlf>:
100040d4:	b510      	push	{r4, lr}
100040d6:	0003      	movs	r3, r0
100040d8:	0008      	movs	r0, r1
100040da:	0011      	movs	r1, r2
100040dc:	681b      	ldr	r3, [r3, #0]
100040de:	4798      	blx	r3
100040e0:	bd10      	pop	{r4, pc}
	...

100040e4 <stdio_out_chars_crlf>:
100040e4:	b5f8      	push	{r3, r4, r5, r6, r7, lr}
100040e6:	0007      	movs	r7, r0
100040e8:	000d      	movs	r5, r1
100040ea:	0016      	movs	r6, r2
100040ec:	7d43      	ldrb	r3, [r0, #21]
100040ee:	2b00      	cmp	r3, #0
100040f0:	d002      	beq.n	100040f8 <stdio_out_chars_crlf+0x14>
100040f2:	2400      	movs	r4, #0
100040f4:	2000      	movs	r0, #0
100040f6:	e00c      	b.n	10004112 <stdio_out_chars_crlf+0x2e>
100040f8:	6803      	ldr	r3, [r0, #0]
100040fa:	0011      	movs	r1, r2
100040fc:	0028      	movs	r0, r5
100040fe:	4798      	blx	r3
10004100:	e02d      	b.n	1000415e <stdio_out_chars_crlf+0x7a>
10004102:	7d3b      	ldrb	r3, [r7, #20]
10004104:	e010      	b.n	10004128 <stdio_out_chars_crlf+0x44>
10004106:	683b      	ldr	r3, [r7, #0]
10004108:	4815      	ldr	r0, [pc, #84]	@ (10004160 <stdio_out_chars_crlf+0x7c>)
1000410a:	2102      	movs	r1, #2
1000410c:	4798      	blx	r3
1000410e:	1c60      	adds	r0, r4, #1
10004110:	3401      	adds	r4, #1
10004112:	42b4      	cmp	r4, r6
10004114:	da14      	bge.n	10004140 <stdio_out_chars_crlf+0x5c>
10004116:	2c00      	cmp	r4, #0
10004118:	ddf3      	ble.n	10004102 <stdio_out_chars_crlf+0x1e>
1000411a:	192b      	adds	r3, r5, r4
1000411c:	3b01      	subs	r3, #1
1000411e:	781b      	ldrb	r3, [r3, #0]
10004120:	3b0d      	subs	r3, #13
10004122:	425a      	negs	r2, r3
10004124:	4153      	adcs	r3, r2
10004126:	b2db      	uxtb	r3, r3
10004128:	5d2a      	ldrb	r2, [r5, r4]
1000412a:	2a0a      	cmp	r2, #10
1000412c:	d1f0      	bne.n	10004110 <stdio_out_chars_crlf+0x2c>
1000412e:	2b00      	cmp	r3, #0
10004130:	d1ee      	bne.n	10004110 <stdio_out_chars_crlf+0x2c>
10004132:	42a0      	cmp	r0, r4
10004134:	dae7      	bge.n	10004106 <stdio_out_chars_crlf+0x22>
10004136:	683b      	ldr	r3, [r7, #0]
10004138:	1a21      	subs	r1, r4, r0
1000413a:	1828      	adds	r0, r5, r0
1000413c:	4798      	blx	r3
1000413e:	e7e2      	b.n	10004106 <stdio_out_chars_crlf+0x22>
10004140:	42b0      	cmp	r0, r6
10004142:	da03      	bge.n	1000414c <stdio_out_chars_crlf+0x68>
10004144:	683b      	ldr	r3, [r7, #0]
10004146:	1a31      	subs	r1, r6, r0
10004148:	1828      	adds	r0, r5, r0
1000414a:	4798      	blx	r3
1000414c:	2e00      	cmp	r6, #0
1000414e:	dd06      	ble.n	1000415e <stdio_out_chars_crlf+0x7a>
10004150:	19ad      	adds	r5, r5, r6
10004152:	3d01      	subs	r5, #1
10004154:	782b      	ldrb	r3, [r5, #0]
10004156:	3b0d      	subs	r3, #13
10004158:	425a      	negs	r2, r3
1000415a:	4153      	adcs	r3, r2
1000415c:	753b      	strb	r3, [r7, #20]
1000415e:	bdf8      	pop	{r3, r4, r5, r6, r7, pc}
10004160:	10006268 	.word	0x10006268

10004164 <stdio_stack_buffer_flush>:
10004164:	b570      	push	{r4, r5, r6, lr}
10004166:	0005      	movs	r5, r0
10004168:	6803      	ldr	r3, [r0, #0]
1000416a:	2b00      	cmp	r3, #0
1000416c:	d016      	beq.n	1000419c <stdio_stack_buffer_flush+0x38>
1000416e:	4b0c      	ldr	r3, [pc, #48]	@ (100041a0 <stdio_stack_buffer_flush+0x3c>)
10004170:	681c      	ldr	r4, [r3, #0]
10004172:	e005      	b.n	10004180 <stdio_stack_buffer_flush+0x1c>
10004174:	0029      	movs	r1, r5
10004176:	c904      	ldmia	r1!, {r2}
10004178:	0020      	movs	r0, r4
1000417a:	f7ff ffb3 	bl	100040e4 <stdio_out_chars_crlf>
1000417e:	6924      	ldr	r4, [r4, #16]
10004180:	2c00      	cmp	r4, #0
10004182:	d009      	beq.n	10004198 <stdio_stack_buffer_flush+0x34>
10004184:	6823      	ldr	r3, [r4, #0]
10004186:	2b00      	cmp	r3, #0
10004188:	d0f9      	beq.n	1000417e <stdio_stack_buffer_flush+0x1a>
1000418a:	4b06      	ldr	r3, [pc, #24]	@ (100041a4 <stdio_stack_buffer_flush+0x40>)
1000418c:	681b      	ldr	r3, [r3, #0]
1000418e:	2b00      	cmp	r3, #0
10004190:	d0f0      	beq.n	10004174 <stdio_stack_buffer_flush+0x10>
10004192:	42a3      	cmp	r3, r4
10004194:	d1f3      	bne.n	1000417e <stdio_stack_buffer_flush+0x1a>
10004196:	e7ed      	b.n	10004174 <stdio_stack_buffer_flush+0x10>
10004198:	2300      	movs	r3, #0
1000419a:	602b      	str	r3, [r5, #0]
1000419c:	bd70      	pop	{r4, r5, r6, pc}
1000419e:	46c0      	nop			@ (mov r8, r8)
100041a0:	20000b74 	.word	0x20000b74
100041a4:	20000b8c 	.word	0x20000b8c

100041a8 <stdio_buffered_printer>:
100041a8:	b570      	push	{r4, r5, r6, lr}
100041aa:	0005      	movs	r5, r0
100041ac:	000c      	movs	r4, r1
100041ae:	680b      	ldr	r3, [r1, #0]
100041b0:	2b80      	cmp	r3, #128	@ 0x80
100041b2:	d005      	beq.n	100041c0 <stdio_buffered_printer+0x18>
100041b4:	6823      	ldr	r3, [r4, #0]
100041b6:	1c5a      	adds	r2, r3, #1
100041b8:	6022      	str	r2, [r4, #0]
100041ba:	18e4      	adds	r4, r4, r3
100041bc:	7125      	strb	r5, [r4, #4]
100041be:	bd70      	pop	{r4, r5, r6, pc}
100041c0:	0008      	movs	r0, r1
100041c2:	f7ff ffcf 	bl	10004164 <stdio_stack_buffer_flush>
100041c6:	e7f5      	b.n	100041b4 <stdio_buffered_printer+0xc>

100041c8 <stdout_serialize_begin>:
100041c8:	b510      	push	{r4, lr}
100041ca:	f7fd fdf3 	bl	10001db4 <time_us_64>
100041ce:	4a07      	ldr	r2, [pc, #28]	@ (100041ec <stdout_serialize_begin+0x24>)
100041d0:	2300      	movs	r3, #0
100041d2:	1812      	adds	r2, r2, r0
100041d4:	414b      	adcs	r3, r1
100041d6:	2b00      	cmp	r3, #0
100041d8:	db03      	blt.n	100041e2 <stdout_serialize_begin+0x1a>
100041da:	4805      	ldr	r0, [pc, #20]	@ (100041f0 <stdout_serialize_begin+0x28>)
100041dc:	f001 f9bc 	bl	10005558 <__mutex_try_enter_block_until_veneer>
100041e0:	bd10      	pop	{r4, pc}
100041e2:	2201      	movs	r2, #1
100041e4:	4252      	negs	r2, r2
100041e6:	4b03      	ldr	r3, [pc, #12]	@ (100041f4 <stdout_serialize_begin+0x2c>)
100041e8:	e7f7      	b.n	100041da <stdout_serialize_begin+0x12>
100041ea:	46c0      	nop			@ (mov r8, r8)
100041ec:	000f4240 	.word	0x000f4240
100041f0:	20000840 	.word	0x20000840
100041f4:	7fffffff 	.word	0x7fffffff

100041f8 <stdout_serialize_end>:
100041f8:	b510      	push	{r4, lr}
100041fa:	4802      	ldr	r0, [pc, #8]	@ (10004204 <stdout_serialize_end+0xc>)
100041fc:	f001 f994 	bl	10005528 <__mutex_exit_veneer>
10004200:	bd10      	pop	{r4, pc}
10004202:	46c0      	nop			@ (mov r8, r8)
10004204:	20000840 	.word	0x20000840

10004208 <stdio_put_string>:
10004208:	b5f0      	push	{r4, r5, r6, r7, lr}
1000420a:	46ce      	mov	lr, r9
1000420c:	4647      	mov	r7, r8
1000420e:	b580      	push	{r7, lr}
10004210:	b083      	sub	sp, #12
10004212:	0006      	movs	r6, r0
10004214:	000d      	movs	r5, r1
10004216:	4690      	mov	r8, r2
10004218:	001c      	movs	r4, r3
1000421a:	f7ff ffd5 	bl	100041c8 <stdout_serialize_begin>
1000421e:	4681      	mov	r9, r0
10004220:	1c6b      	adds	r3, r5, #1
10004222:	d005      	beq.n	10004230 <stdio_put_string+0x28>
10004224:	2c00      	cmp	r4, #0
10004226:	d008      	beq.n	1000423a <stdio_put_string+0x32>
10004228:	4f18      	ldr	r7, [pc, #96]	@ (1000428c <stdio_put_string+0x84>)
1000422a:	4b19      	ldr	r3, [pc, #100]	@ (10004290 <stdio_put_string+0x88>)
1000422c:	681c      	ldr	r4, [r3, #0]
1000422e:	e007      	b.n	10004240 <stdio_put_string+0x38>
10004230:	0030      	movs	r0, r6
10004232:	f000 ff8f 	bl	10005154 <strlen>
10004236:	0005      	movs	r5, r0
10004238:	e7f4      	b.n	10004224 <stdio_put_string+0x1c>
1000423a:	4f16      	ldr	r7, [pc, #88]	@ (10004294 <stdio_put_string+0x8c>)
1000423c:	e7f5      	b.n	1000422a <stdio_put_string+0x22>
1000423e:	6924      	ldr	r4, [r4, #16]
10004240:	2c00      	cmp	r4, #0
10004242:	d017      	beq.n	10004274 <stdio_put_string+0x6c>
10004244:	6823      	ldr	r3, [r4, #0]
10004246:	2b00      	cmp	r3, #0
10004248:	d0f9      	beq.n	1000423e <stdio_put_string+0x36>
1000424a:	4b13      	ldr	r3, [pc, #76]	@ (10004298 <stdio_put_string+0x90>)
1000424c:	681b      	ldr	r3, [r3, #0]
1000424e:	2b00      	cmp	r3, #0
10004250:	d001      	beq.n	10004256 <stdio_put_string+0x4e>
10004252:	42a3      	cmp	r3, r4
10004254:	d1f3      	bne.n	1000423e <stdio_put_string+0x36>
10004256:	002a      	movs	r2, r5
10004258:	0031      	movs	r1, r6
1000425a:	0020      	movs	r0, r4
1000425c:	47b8      	blx	r7
1000425e:	4643      	mov	r3, r8
10004260:	2b00      	cmp	r3, #0
10004262:	d0ec      	beq.n	1000423e <stdio_put_string+0x36>
10004264:	466b      	mov	r3, sp
10004266:	1dd9      	adds	r1, r3, #7
10004268:	230a      	movs	r3, #10
1000426a:	700b      	strb	r3, [r1, #0]
1000426c:	2201      	movs	r2, #1
1000426e:	0020      	movs	r0, r4
10004270:	47b8      	blx	r7
10004272:	e7e4      	b.n	1000423e <stdio_put_string+0x36>
10004274:	464b      	mov	r3, r9
10004276:	2b00      	cmp	r3, #0
10004278:	d105      	bne.n	10004286 <stdio_put_string+0x7e>
1000427a:	0028      	movs	r0, r5
1000427c:	b003      	add	sp, #12
1000427e:	bcc0      	pop	{r6, r7}
10004280:	46b9      	mov	r9, r7
10004282:	46b0      	mov	r8, r6
10004284:	bdf0      	pop	{r4, r5, r6, r7, pc}
10004286:	f7ff ffb7 	bl	100041f8 <stdout_serialize_end>
1000428a:	e7f6      	b.n	1000427a <stdio_put_string+0x72>
1000428c:	100040e5 	.word	0x100040e5
10004290:	20000b74 	.word	0x20000b74
10004294:	100040d5 	.word	0x100040d5
10004298:	20000b8c 	.word	0x20000b8c

1000429c <stdio_set_driver_enabled>:
1000429c:	4a09      	ldr	r2, [pc, #36]	@ (100042c4 <stdio_set_driver_enabled+0x28>)
1000429e:	e001      	b.n	100042a4 <stdio_set_driver_enabled+0x8>
100042a0:	3310      	adds	r3, #16
100042a2:	001a      	movs	r2, r3
100042a4:	6813      	ldr	r3, [r2, #0]
100042a6:	2b00      	cmp	r3, #0
100042a8:	d008      	beq.n	100042bc <stdio_set_driver_enabled+0x20>
100042aa:	4283      	cmp	r3, r0
100042ac:	d1f8      	bne.n	100042a0 <stdio_set_driver_enabled+0x4>
100042ae:	2900      	cmp	r1, #0
100042b0:	d107      	bne.n	100042c2 <stdio_set_driver_enabled+0x26>
100042b2:	6903      	ldr	r3, [r0, #16]
100042b4:	6013      	str	r3, [r2, #0]
100042b6:	2300      	movs	r3, #0
100042b8:	6103      	str	r3, [r0, #16]
100042ba:	e002      	b.n	100042c2 <stdio_set_driver_enabled+0x26>
100042bc:	2900      	cmp	r1, #0
100042be:	d000      	beq.n	100042c2 <stdio_set_driver_enabled+0x26>
100042c0:	6010      	str	r0, [r2, #0]
100042c2:	4770      	bx	lr
100042c4:	20000b74 	.word	0x20000b74

100042c8 <stdio_flush>:
100042c8:	b510      	push	{r4, lr}
100042ca:	4b06      	ldr	r3, [pc, #24]	@ (100042e4 <stdio_flush+0x1c>)
100042cc:	681c      	ldr	r4, [r3, #0]
100042ce:	e001      	b.n	100042d4 <stdio_flush+0xc>
100042d0:	4798      	blx	r3
100042d2:	6924      	ldr	r4, [r4, #16]
100042d4:	2c00      	cmp	r4, #0
100042d6:	d003      	beq.n	100042e0 <stdio_flush+0x18>
100042d8:	6863      	ldr	r3, [r4, #4]
100042da:	2b00      	cmp	r3, #0
100042dc:	d1f8      	bne.n	100042d0 <stdio_flush+0x8>
100042de:	e7f8      	b.n	100042d2 <stdio_flush+0xa>
100042e0:	bd10      	pop	{r4, pc}
100042e2:	46c0      	nop			@ (mov r8, r8)
100042e4:	20000b74 	.word	0x20000b74

100042e8 <stdio_init_all>:
100042e8:	b510      	push	{r4, lr}
100042ea:	f000 f943 	bl	10004574 <stdio_uart_init>
100042ee:	2001      	movs	r0, #1
100042f0:	bd10      	pop	{r4, pc}

100042f2 <__wrap_puts>:
100042f2:	b570      	push	{r4, r5, r6, lr}
100042f4:	0005      	movs	r5, r0
100042f6:	f000 ff2d 	bl	10005154 <strlen>
100042fa:	0004      	movs	r4, r0
100042fc:	2301      	movs	r3, #1
100042fe:	2201      	movs	r2, #1
10004300:	0001      	movs	r1, r0
10004302:	0028      	movs	r0, r5
10004304:	f7ff ff80 	bl	10004208 <stdio_put_string>
10004308:	f7ff ffde 	bl	100042c8 <stdio_flush>
1000430c:	0020      	movs	r0, r4
1000430e:	bd70      	pop	{r4, r5, r6, pc}

10004310 <__wrap_vprintf>:
10004310:	b570      	push	{r4, r5, r6, lr}
10004312:	b0a2      	sub	sp, #136	@ 0x88
10004314:	0004      	movs	r4, r0
10004316:	000e      	movs	r6, r1
10004318:	f7ff ff56 	bl	100041c8 <stdout_serialize_begin>
1000431c:	0005      	movs	r5, r0
1000431e:	2300      	movs	r3, #0
10004320:	9301      	str	r3, [sp, #4]
10004322:	480a      	ldr	r0, [pc, #40]	@ (1000434c <__wrap_vprintf+0x3c>)
10004324:	0033      	movs	r3, r6
10004326:	0022      	movs	r2, r4
10004328:	a901      	add	r1, sp, #4
1000432a:	f7ff fe71 	bl	10004010 <vfctprintf>
1000432e:	0004      	movs	r4, r0
10004330:	a801      	add	r0, sp, #4
10004332:	f7ff ff17 	bl	10004164 <stdio_stack_buffer_flush>
10004336:	f7ff ffc7 	bl	100042c8 <stdio_flush>
1000433a:	2d00      	cmp	r5, #0
1000433c:	d102      	bne.n	10004344 <__wrap_vprintf+0x34>
1000433e:	0020      	movs	r0, r4
10004340:	b022      	add	sp, #136	@ 0x88
10004342:	bd70      	pop	{r4, r5, r6, pc}
10004344:	f7ff ff58 	bl	100041f8 <stdout_serialize_end>
10004348:	e7f9      	b.n	1000433e <__wrap_vprintf+0x2e>
1000434a:	46c0      	nop			@ (mov r8, r8)
1000434c:	100041a9 	.word	0x100041a9

10004350 <__wrap_printf>:
10004350:	b40f      	push	{r0, r1, r2, r3}
10004352:	b500      	push	{lr}
10004354:	b083      	sub	sp, #12
10004356:	a904      	add	r1, sp, #16
10004358:	c901      	ldmia	r1!, {r0}
1000435a:	9101      	str	r1, [sp, #4]
1000435c:	f7ff ffd8 	bl	10004310 <__wrap_vprintf>
10004360:	b003      	add	sp, #12
10004362:	bc08      	pop	{r3}
10004364:	b004      	add	sp, #16
10004366:	4718      	bx	r3

10004368 <uart_putc>:
10004368:	b510      	push	{r4, lr}
1000436a:	b082      	sub	sp, #8
1000436c:	000c      	movs	r4, r1
1000436e:	4b14      	ldr	r3, [pc, #80]	@ (100043c0 <uart_putc+0x58>)
10004370:	18c3      	adds	r3, r0, r3
10004372:	425a      	negs	r2, r3
10004374:	4153      	adcs	r3, r2
10004376:	4a13      	ldr	r2, [pc, #76]	@ (100043c4 <uart_putc+0x5c>)
10004378:	005b      	lsls	r3, r3, #1
1000437a:	5e9b      	ldrsh	r3, [r3, r2]
1000437c:	428b      	cmp	r3, r1
1000437e:	d004      	beq.n	1000438a <uart_putc+0x22>
10004380:	466b      	mov	r3, sp
10004382:	1dda      	adds	r2, r3, #7
10004384:	7014      	strb	r4, [r2, #0]
10004386:	2100      	movs	r1, #0
10004388:	e015      	b.n	100043b6 <uart_putc+0x4e>
1000438a:	466b      	mov	r3, sp
1000438c:	1dda      	adds	r2, r3, #7
1000438e:	230d      	movs	r3, #13
10004390:	7013      	strb	r3, [r2, #0]
10004392:	2100      	movs	r1, #0
10004394:	2900      	cmp	r1, #0
10004396:	d1f3      	bne.n	10004380 <uart_putc+0x18>
10004398:	6983      	ldr	r3, [r0, #24]
1000439a:	069b      	lsls	r3, r3, #26
1000439c:	d4fc      	bmi.n	10004398 <uart_putc+0x30>
1000439e:	7813      	ldrb	r3, [r2, #0]
100043a0:	6003      	str	r3, [r0, #0]
100043a2:	3101      	adds	r1, #1
100043a4:	3201      	adds	r2, #1
100043a6:	e7f5      	b.n	10004394 <uart_putc+0x2c>
100043a8:	6983      	ldr	r3, [r0, #24]
100043aa:	069b      	lsls	r3, r3, #26
100043ac:	d4fc      	bmi.n	100043a8 <uart_putc+0x40>
100043ae:	7813      	ldrb	r3, [r2, #0]
100043b0:	6003      	str	r3, [r0, #0]
100043b2:	3101      	adds	r1, #1
100043b4:	3201      	adds	r2, #1
100043b6:	2900      	cmp	r1, #0
100043b8:	d0f6      	beq.n	100043a8 <uart_putc+0x40>
100043ba:	b002      	add	sp, #8
100043bc:	bd10      	pop	{r4, pc}
100043be:	46c0      	nop			@ (mov r8, r8)
100043c0:	bffc8000 	.word	0xbffc8000
100043c4:	20000dcc 	.word	0x20000dcc

100043c8 <uart_getc>:
100043c8:	b082      	sub	sp, #8
100043ca:	2200      	movs	r2, #0
100043cc:	466b      	mov	r3, sp
100043ce:	1dd9      	adds	r1, r3, #7
100043d0:	e006      	b.n	100043e0 <uart_getc+0x18>
100043d2:	6983      	ldr	r3, [r0, #24]
100043d4:	06db      	lsls	r3, r3, #27
100043d6:	d4fc      	bmi.n	100043d2 <uart_getc+0xa>
100043d8:	6803      	ldr	r3, [r0, #0]
100043da:	700b      	strb	r3, [r1, #0]
100043dc:	3201      	adds	r2, #1
100043de:	3101      	adds	r1, #1
100043e0:	2a00      	cmp	r2, #0
100043e2:	d0f6      	beq.n	100043d2 <uart_getc+0xa>
100043e4:	466b      	mov	r3, sp
100043e6:	79d8      	ldrb	r0, [r3, #7]
100043e8:	b002      	add	sp, #8
100043ea:	4770      	bx	lr

100043ec <stdio_uart_out_chars>:
100043ec:	b570      	push	{r4, r5, r6, lr}
100043ee:	0006      	movs	r6, r0
100043f0:	000d      	movs	r5, r1
100043f2:	2400      	movs	r4, #0
100043f4:	e005      	b.n	10004402 <stdio_uart_out_chars+0x16>
100043f6:	5d31      	ldrb	r1, [r6, r4]
100043f8:	4b03      	ldr	r3, [pc, #12]	@ (10004408 <stdio_uart_out_chars+0x1c>)
100043fa:	6818      	ldr	r0, [r3, #0]
100043fc:	f7ff ffb4 	bl	10004368 <uart_putc>
10004400:	3401      	adds	r4, #1
10004402:	42ac      	cmp	r4, r5
10004404:	dbf7      	blt.n	100043f6 <stdio_uart_out_chars+0xa>
10004406:	bd70      	pop	{r4, r5, r6, pc}
10004408:	20000dd0 	.word	0x20000dd0

1000440c <stdio_uart_in_chars>:
1000440c:	b5f8      	push	{r3, r4, r5, r6, r7, lr}
1000440e:	0006      	movs	r6, r0
10004410:	000d      	movs	r5, r1
10004412:	2700      	movs	r7, #0
10004414:	e005      	b.n	10004422 <stdio_uart_in_chars+0x16>
10004416:	1c7c      	adds	r4, r7, #1
10004418:	19f7      	adds	r7, r6, r7
1000441a:	f7ff ffd5 	bl	100043c8 <uart_getc>
1000441e:	7038      	strb	r0, [r7, #0]
10004420:	0027      	movs	r7, r4
10004422:	42af      	cmp	r7, r5
10004424:	da04      	bge.n	10004430 <stdio_uart_in_chars+0x24>
10004426:	4a0d      	ldr	r2, [pc, #52]	@ (1000445c <stdio_uart_in_chars+0x50>)
10004428:	6810      	ldr	r0, [r2, #0]
1000442a:	6982      	ldr	r2, [r0, #24]
1000442c:	06d2      	lsls	r2, r2, #27
1000442e:	d5f2      	bpl.n	10004416 <stdio_uart_in_chars+0xa>
10004430:	4a0b      	ldr	r2, [pc, #44]	@ (10004460 <stdio_uart_in_chars+0x54>)
10004432:	6812      	ldr	r2, [r2, #0]
10004434:	2a00      	cmp	r2, #0
10004436:	d00a      	beq.n	1000444e <stdio_uart_in_chars+0x42>
10004438:	4a08      	ldr	r2, [pc, #32]	@ (1000445c <stdio_uart_in_chars+0x50>)
1000443a:	6812      	ldr	r2, [r2, #0]
1000443c:	2150      	movs	r1, #80	@ 0x50
1000443e:	6391      	str	r1, [r2, #56]	@ 0x38
10004440:	6b50      	ldr	r0, [r2, #52]	@ 0x34
10004442:	3918      	subs	r1, #24
10004444:	4001      	ands	r1, r0
10004446:	4b07      	ldr	r3, [pc, #28]	@ (10004464 <stdio_uart_in_chars+0x58>)
10004448:	469c      	mov	ip, r3
1000444a:	4462      	add	r2, ip
1000444c:	6011      	str	r1, [r2, #0]
1000444e:	2f00      	cmp	r7, #0
10004450:	d001      	beq.n	10004456 <stdio_uart_in_chars+0x4a>
10004452:	0038      	movs	r0, r7
10004454:	bdf8      	pop	{r3, r4, r5, r6, r7, pc}
10004456:	3f03      	subs	r7, #3
10004458:	e7fb      	b.n	10004452 <stdio_uart_in_chars+0x46>
1000445a:	46c0      	nop			@ (mov r8, r8)
1000445c:	20000dd0 	.word	0x20000dd0
10004460:	20000b40 	.word	0x20000b40
10004464:	00001034 	.word	0x00001034

10004468 <on_uart_rx>:
10004468:	b510      	push	{r4, lr}
1000446a:	4b06      	ldr	r3, [pc, #24]	@ (10004484 <on_uart_rx+0x1c>)
1000446c:	681b      	ldr	r3, [r3, #0]
1000446e:	2b00      	cmp	r3, #0
10004470:	d006      	beq.n	10004480 <on_uart_rx+0x18>
10004472:	4a05      	ldr	r2, [pc, #20]	@ (10004488 <on_uart_rx+0x20>)
10004474:	6812      	ldr	r2, [r2, #0]
10004476:	2100      	movs	r1, #0
10004478:	6391      	str	r1, [r2, #56]	@ 0x38
1000447a:	4a04      	ldr	r2, [pc, #16]	@ (1000448c <on_uart_rx+0x24>)
1000447c:	6810      	ldr	r0, [r2, #0]
1000447e:	4798      	blx	r3
10004480:	bd10      	pop	{r4, pc}
10004482:	46c0      	nop			@ (mov r8, r8)
10004484:	20000b40 	.word	0x20000b40
10004488:	20000dd0 	.word	0x20000dd0
1000448c:	20000b44 	.word	0x20000b44

10004490 <stdio_uart_out_flush>:
10004490:	4b02      	ldr	r3, [pc, #8]	@ (1000449c <stdio_uart_out_flush+0xc>)
10004492:	681a      	ldr	r2, [r3, #0]
10004494:	6993      	ldr	r3, [r2, #24]
10004496:	071b      	lsls	r3, r3, #28
10004498:	d4fc      	bmi.n	10004494 <stdio_uart_out_flush+0x4>
1000449a:	4770      	bx	lr
1000449c:	20000dd0 	.word	0x20000dd0

100044a0 <stdio_uart_set_chars_available_callback>:
100044a0:	b570      	push	{r4, r5, r6, lr}
100044a2:	4b1d      	ldr	r3, [pc, #116]	@ (10004518 <stdio_uart_set_chars_available_callback+0x78>)
100044a4:	681b      	ldr	r3, [r3, #0]
100044a6:	4a1d      	ldr	r2, [pc, #116]	@ (1000451c <stdio_uart_set_chars_available_callback+0x7c>)
100044a8:	4293      	cmp	r3, r2
100044aa:	d007      	beq.n	100044bc <stdio_uart_set_chars_available_callback+0x1c>
100044ac:	2414      	movs	r4, #20
100044ae:	2800      	cmp	r0, #0
100044b0:	d01e      	beq.n	100044f0 <stdio_uart_set_chars_available_callback+0x50>
100044b2:	4b1b      	ldr	r3, [pc, #108]	@ (10004520 <stdio_uart_set_chars_available_callback+0x80>)
100044b4:	681b      	ldr	r3, [r3, #0]
100044b6:	2b00      	cmp	r3, #0
100044b8:	d002      	beq.n	100044c0 <stdio_uart_set_chars_available_callback+0x20>
100044ba:	bd70      	pop	{r4, r5, r6, pc}
100044bc:	2415      	movs	r4, #21
100044be:	e7f6      	b.n	100044ae <stdio_uart_set_chars_available_callback+0xe>
100044c0:	4b17      	ldr	r3, [pc, #92]	@ (10004520 <stdio_uart_set_chars_available_callback+0x80>)
100044c2:	6018      	str	r0, [r3, #0]
100044c4:	4b17      	ldr	r3, [pc, #92]	@ (10004524 <stdio_uart_set_chars_available_callback+0x84>)
100044c6:	6019      	str	r1, [r3, #0]
100044c8:	4917      	ldr	r1, [pc, #92]	@ (10004528 <stdio_uart_set_chars_available_callback+0x88>)
100044ca:	0020      	movs	r0, r4
100044cc:	f7fc fd6e 	bl	10000fac <irq_set_exclusive_handler>
100044d0:	2101      	movs	r1, #1
100044d2:	0020      	movs	r0, r4
100044d4:	f7fc fd48 	bl	10000f68 <irq_set_enabled>
100044d8:	4b0f      	ldr	r3, [pc, #60]	@ (10004518 <stdio_uart_set_chars_available_callback+0x78>)
100044da:	681b      	ldr	r3, [r3, #0]
100044dc:	2250      	movs	r2, #80	@ 0x50
100044de:	639a      	str	r2, [r3, #56]	@ 0x38
100044e0:	6b59      	ldr	r1, [r3, #52]	@ 0x34
100044e2:	3a18      	subs	r2, #24
100044e4:	400a      	ands	r2, r1
100044e6:	4911      	ldr	r1, [pc, #68]	@ (1000452c <stdio_uart_set_chars_available_callback+0x8c>)
100044e8:	468c      	mov	ip, r1
100044ea:	4463      	add	r3, ip
100044ec:	601a      	str	r2, [r3, #0]
100044ee:	e7e4      	b.n	100044ba <stdio_uart_set_chars_available_callback+0x1a>
100044f0:	4a0b      	ldr	r2, [pc, #44]	@ (10004520 <stdio_uart_set_chars_available_callback+0x80>)
100044f2:	6812      	ldr	r2, [r2, #0]
100044f4:	2a00      	cmp	r2, #0
100044f6:	d0e0      	beq.n	100044ba <stdio_uart_set_chars_available_callback+0x1a>
100044f8:	2500      	movs	r5, #0
100044fa:	639d      	str	r5, [r3, #56]	@ 0x38
100044fc:	2100      	movs	r1, #0
100044fe:	0020      	movs	r0, r4
10004500:	f7fc fd32 	bl	10000f68 <irq_set_enabled>
10004504:	4908      	ldr	r1, [pc, #32]	@ (10004528 <stdio_uart_set_chars_available_callback+0x88>)
10004506:	0020      	movs	r0, r4
10004508:	f7fc fe86 	bl	10001218 <irq_remove_handler>
1000450c:	4b04      	ldr	r3, [pc, #16]	@ (10004520 <stdio_uart_set_chars_available_callback+0x80>)
1000450e:	601d      	str	r5, [r3, #0]
10004510:	4b04      	ldr	r3, [pc, #16]	@ (10004524 <stdio_uart_set_chars_available_callback+0x84>)
10004512:	601d      	str	r5, [r3, #0]
10004514:	e7d1      	b.n	100044ba <stdio_uart_set_chars_available_callback+0x1a>
10004516:	46c0      	nop			@ (mov r8, r8)
10004518:	20000dd0 	.word	0x20000dd0
1000451c:	40038000 	.word	0x40038000
10004520:	20000b40 	.word	0x20000b40
10004524:	20000b44 	.word	0x20000b44
10004528:	10004469 	.word	0x10004469
1000452c:	00001034 	.word	0x00001034

10004530 <stdio_uart_init_full>:
10004530:	b570      	push	{r4, r5, r6, lr}
10004532:	000d      	movs	r5, r1
10004534:	001c      	movs	r4, r3
10004536:	4b0d      	ldr	r3, [pc, #52]	@ (1000456c <stdio_uart_init_full+0x3c>)
10004538:	6018      	str	r0, [r3, #0]
1000453a:	2a00      	cmp	r2, #0
1000453c:	da0b      	bge.n	10004556 <stdio_uart_init_full+0x26>
1000453e:	2c00      	cmp	r4, #0
10004540:	da0e      	bge.n	10004560 <stdio_uart_init_full+0x30>
10004542:	4b0a      	ldr	r3, [pc, #40]	@ (1000456c <stdio_uart_init_full+0x3c>)
10004544:	6818      	ldr	r0, [r3, #0]
10004546:	0029      	movs	r1, r5
10004548:	f7fd fd98 	bl	1000207c <uart_init>
1000454c:	4808      	ldr	r0, [pc, #32]	@ (10004570 <stdio_uart_init_full+0x40>)
1000454e:	2101      	movs	r1, #1
10004550:	f7ff fea4 	bl	1000429c <stdio_set_driver_enabled>
10004554:	bd70      	pop	{r4, r5, r6, pc}
10004556:	2102      	movs	r1, #2
10004558:	0010      	movs	r0, r2
1000455a:	f7fc fb61 	bl	10000c20 <gpio_set_function>
1000455e:	e7ee      	b.n	1000453e <stdio_uart_init_full+0xe>
10004560:	2102      	movs	r1, #2
10004562:	0020      	movs	r0, r4
10004564:	f7fc fb5c 	bl	10000c20 <gpio_set_function>
10004568:	e7eb      	b.n	10004542 <stdio_uart_init_full+0x12>
1000456a:	46c0      	nop			@ (mov r8, r8)
1000456c:	20000dd0 	.word	0x20000dd0
10004570:	200002d0 	.word	0x200002d0

10004574 <stdio_uart_init>:
10004574:	b510      	push	{r4, lr}
10004576:	4b07      	ldr	r3, [pc, #28]	@ (10004594 <stdio_uart_init+0x20>)
10004578:	781b      	ldrb	r3, [r3, #0]
1000457a:	4b07      	ldr	r3, [pc, #28]	@ (10004598 <stdio_uart_init+0x24>)
1000457c:	781b      	ldrb	r3, [r3, #0]
1000457e:	4b07      	ldr	r3, [pc, #28]	@ (1000459c <stdio_uart_init+0x28>)
10004580:	781b      	ldrb	r3, [r3, #0]
10004582:	21e1      	movs	r1, #225	@ 0xe1
10004584:	2301      	movs	r3, #1
10004586:	2200      	movs	r2, #0
10004588:	0249      	lsls	r1, r1, #9
1000458a:	4805      	ldr	r0, [pc, #20]	@ (100045a0 <stdio_uart_init+0x2c>)
1000458c:	f7ff ffd0 	bl	10004530 <stdio_uart_init_full>
10004590:	bd10      	pop	{r4, pc}
10004592:	46c0      	nop			@ (mov r8, r8)
10004594:	100062ac 	.word	0x100062ac
10004598:	100062a8 	.word	0x100062a8
1000459c:	100062a4 	.word	0x100062a4
100045a0:	40034000 	.word	0x40034000

100045a4 <calloc>:
100045a4:	0003      	movs	r3, r0
100045a6:	b510      	push	{r4, lr}
100045a8:	000a      	movs	r2, r1
100045aa:	4903      	ldr	r1, [pc, #12]	@ (100045b8 <calloc+0x14>)
100045ac:	6808      	ldr	r0, [r1, #0]
100045ae:	0019      	movs	r1, r3
100045b0:	f000 f804 	bl	100045bc <_calloc_r>
100045b4:	bd10      	pop	{r4, pc}
100045b6:	46c0      	nop			@ (mov r8, r8)
100045b8:	200006f8 	.word	0x200006f8

100045bc <_calloc_r>:
100045bc:	b570      	push	{r4, r5, r6, lr}
100045be:	0c0b      	lsrs	r3, r1, #16
100045c0:	2400      	movs	r4, #0
100045c2:	0c15      	lsrs	r5, r2, #16
100045c4:	2b00      	cmp	r3, #0
100045c6:	d128      	bne.n	1000461a <_calloc_r+0x5e>
100045c8:	2d00      	cmp	r5, #0
100045ca:	d13c      	bne.n	10004646 <_calloc_r+0x8a>
100045cc:	b28b      	uxth	r3, r1
100045ce:	b291      	uxth	r1, r2
100045d0:	4359      	muls	r1, r3
100045d2:	f000 f847 	bl	10004664 <_malloc_r>
100045d6:	1e05      	subs	r5, r0, #0
100045d8:	d033      	beq.n	10004642 <_calloc_r+0x86>
100045da:	0003      	movs	r3, r0
100045dc:	3b08      	subs	r3, #8
100045de:	685a      	ldr	r2, [r3, #4]
100045e0:	2303      	movs	r3, #3
100045e2:	439a      	bics	r2, r3
100045e4:	3a04      	subs	r2, #4
100045e6:	2a24      	cmp	r2, #36	@ 0x24
100045e8:	d812      	bhi.n	10004610 <_calloc_r+0x54>
100045ea:	0003      	movs	r3, r0
100045ec:	2a13      	cmp	r2, #19
100045ee:	d90a      	bls.n	10004606 <_calloc_r+0x4a>
100045f0:	6004      	str	r4, [r0, #0]
100045f2:	6044      	str	r4, [r0, #4]
100045f4:	3308      	adds	r3, #8
100045f6:	2a1b      	cmp	r2, #27
100045f8:	d905      	bls.n	10004606 <_calloc_r+0x4a>
100045fa:	6084      	str	r4, [r0, #8]
100045fc:	60c4      	str	r4, [r0, #12]
100045fe:	2a24      	cmp	r2, #36	@ 0x24
10004600:	d02a      	beq.n	10004658 <_calloc_r+0x9c>
10004602:	0003      	movs	r3, r0
10004604:	3310      	adds	r3, #16
10004606:	2200      	movs	r2, #0
10004608:	601a      	str	r2, [r3, #0]
1000460a:	605a      	str	r2, [r3, #4]
1000460c:	609a      	str	r2, [r3, #8]
1000460e:	e002      	b.n	10004616 <_calloc_r+0x5a>
10004610:	2100      	movs	r1, #0
10004612:	f7fe fc0b 	bl	10002e2c <__wrap_memset>
10004616:	0028      	movs	r0, r5
10004618:	bd70      	pop	{r4, r5, r6, pc}
1000461a:	2d00      	cmp	r5, #0
1000461c:	d116      	bne.n	1000464c <_calloc_r+0x90>
1000461e:	1c15      	adds	r5, r2, #0
10004620:	b289      	uxth	r1, r1
10004622:	b292      	uxth	r2, r2
10004624:	434a      	muls	r2, r1
10004626:	b2ad      	uxth	r5, r5
10004628:	b29b      	uxth	r3, r3
1000462a:	436b      	muls	r3, r5
1000462c:	0c11      	lsrs	r1, r2, #16
1000462e:	185b      	adds	r3, r3, r1
10004630:	0c19      	lsrs	r1, r3, #16
10004632:	d10b      	bne.n	1000464c <_calloc_r+0x90>
10004634:	0419      	lsls	r1, r3, #16
10004636:	b292      	uxth	r2, r2
10004638:	4311      	orrs	r1, r2
1000463a:	f000 f813 	bl	10004664 <_malloc_r>
1000463e:	1e05      	subs	r5, r0, #0
10004640:	d1cb      	bne.n	100045da <_calloc_r+0x1e>
10004642:	2500      	movs	r5, #0
10004644:	e7e7      	b.n	10004616 <_calloc_r+0x5a>
10004646:	1c2b      	adds	r3, r5, #0
10004648:	1c0d      	adds	r5, r1, #0
1000464a:	e7e9      	b.n	10004620 <_calloc_r+0x64>
1000464c:	f000 fd6a 	bl	10005124 <__errno>
10004650:	230c      	movs	r3, #12
10004652:	2500      	movs	r5, #0
10004654:	6003      	str	r3, [r0, #0]
10004656:	e7de      	b.n	10004616 <_calloc_r+0x5a>
10004658:	0003      	movs	r3, r0
1000465a:	6104      	str	r4, [r0, #16]
1000465c:	3318      	adds	r3, #24
1000465e:	6144      	str	r4, [r0, #20]
10004660:	e7d1      	b.n	10004606 <_calloc_r+0x4a>
10004662:	46c0      	nop			@ (mov r8, r8)

10004664 <_malloc_r>:
10004664:	b5f0      	push	{r4, r5, r6, r7, lr}
10004666:	464e      	mov	r6, r9
10004668:	4645      	mov	r5, r8
1000466a:	46de      	mov	lr, fp
1000466c:	4657      	mov	r7, sl
1000466e:	b5e0      	push	{r5, r6, r7, lr}
10004670:	000d      	movs	r5, r1
10004672:	350b      	adds	r5, #11
10004674:	0006      	movs	r6, r0
10004676:	b085      	sub	sp, #20
10004678:	2d16      	cmp	r5, #22
1000467a:	d827      	bhi.n	100046cc <_malloc_r+0x68>
1000467c:	2910      	cmp	r1, #16
1000467e:	d900      	bls.n	10004682 <_malloc_r+0x1e>
10004680:	e0da      	b.n	10004838 <_malloc_r+0x1d4>
10004682:	f000 fad1 	bl	10004c28 <__malloc_lock>
10004686:	2510      	movs	r5, #16
10004688:	2318      	movs	r3, #24
1000468a:	2102      	movs	r1, #2
1000468c:	4fc7      	ldr	r7, [pc, #796]	@ (100049ac <_malloc_r+0x348>)
1000468e:	18fb      	adds	r3, r7, r3
10004690:	001a      	movs	r2, r3
10004692:	685c      	ldr	r4, [r3, #4]
10004694:	3a08      	subs	r2, #8
10004696:	4294      	cmp	r4, r2
10004698:	d100      	bne.n	1000469c <_malloc_r+0x38>
1000469a:	e146      	b.n	1000492a <_malloc_r+0x2c6>
1000469c:	2203      	movs	r2, #3
1000469e:	6863      	ldr	r3, [r4, #4]
100046a0:	68a1      	ldr	r1, [r4, #8]
100046a2:	4393      	bics	r3, r2
100046a4:	68e2      	ldr	r2, [r4, #12]
100046a6:	60ca      	str	r2, [r1, #12]
100046a8:	6091      	str	r1, [r2, #8]
100046aa:	2101      	movs	r1, #1
100046ac:	18e3      	adds	r3, r4, r3
100046ae:	685a      	ldr	r2, [r3, #4]
100046b0:	0030      	movs	r0, r6
100046b2:	430a      	orrs	r2, r1
100046b4:	605a      	str	r2, [r3, #4]
100046b6:	f000 fabf 	bl	10004c38 <__malloc_unlock>
100046ba:	0020      	movs	r0, r4
100046bc:	3008      	adds	r0, #8
100046be:	b005      	add	sp, #20
100046c0:	bcf0      	pop	{r4, r5, r6, r7}
100046c2:	46bb      	mov	fp, r7
100046c4:	46b2      	mov	sl, r6
100046c6:	46a9      	mov	r9, r5
100046c8:	46a0      	mov	r8, r4
100046ca:	bdf0      	pop	{r4, r5, r6, r7, pc}
100046cc:	2307      	movs	r3, #7
100046ce:	439d      	bics	r5, r3
100046d0:	d500      	bpl.n	100046d4 <_malloc_r+0x70>
100046d2:	e0b1      	b.n	10004838 <_malloc_r+0x1d4>
100046d4:	42a9      	cmp	r1, r5
100046d6:	d900      	bls.n	100046da <_malloc_r+0x76>
100046d8:	e0ae      	b.n	10004838 <_malloc_r+0x1d4>
100046da:	f000 faa5 	bl	10004c28 <__malloc_lock>
100046de:	23fc      	movs	r3, #252	@ 0xfc
100046e0:	005b      	lsls	r3, r3, #1
100046e2:	429d      	cmp	r5, r3
100046e4:	d200      	bcs.n	100046e8 <_malloc_r+0x84>
100046e6:	e19a      	b.n	10004a1e <_malloc_r+0x3ba>
100046e8:	0a69      	lsrs	r1, r5, #9
100046ea:	d100      	bne.n	100046ee <_malloc_r+0x8a>
100046ec:	e0a8      	b.n	10004840 <_malloc_r+0x1dc>
100046ee:	2904      	cmp	r1, #4
100046f0:	d900      	bls.n	100046f4 <_malloc_r+0x90>
100046f2:	e14f      	b.n	10004994 <_malloc_r+0x330>
100046f4:	2338      	movs	r3, #56	@ 0x38
100046f6:	4698      	mov	r8, r3
100046f8:	09a9      	lsrs	r1, r5, #6
100046fa:	4488      	add	r8, r1
100046fc:	3139      	adds	r1, #57	@ 0x39
100046fe:	00cb      	lsls	r3, r1, #3
10004700:	2208      	movs	r2, #8
10004702:	4252      	negs	r2, r2
10004704:	4694      	mov	ip, r2
10004706:	4fa9      	ldr	r7, [pc, #676]	@ (100049ac <_malloc_r+0x348>)
10004708:	18fb      	adds	r3, r7, r3
1000470a:	449c      	add	ip, r3
1000470c:	4663      	mov	r3, ip
1000470e:	68dc      	ldr	r4, [r3, #12]
10004710:	45a4      	cmp	ip, r4
10004712:	d014      	beq.n	1000473e <_malloc_r+0xda>
10004714:	2303      	movs	r3, #3
10004716:	4699      	mov	r9, r3
10004718:	000b      	movs	r3, r1
1000471a:	4661      	mov	r1, ip
1000471c:	469c      	mov	ip, r3
1000471e:	e007      	b.n	10004730 <_malloc_r+0xcc>
10004720:	68e0      	ldr	r0, [r4, #12]
10004722:	2a00      	cmp	r2, #0
10004724:	db00      	blt.n	10004728 <_malloc_r+0xc4>
10004726:	e0fa      	b.n	1000491e <_malloc_r+0x2ba>
10004728:	4281      	cmp	r1, r0
1000472a:	d100      	bne.n	1000472e <_malloc_r+0xca>
1000472c:	e0fb      	b.n	10004926 <_malloc_r+0x2c2>
1000472e:	0004      	movs	r4, r0
10004730:	464a      	mov	r2, r9
10004732:	6863      	ldr	r3, [r4, #4]
10004734:	4393      	bics	r3, r2
10004736:	1b5a      	subs	r2, r3, r5
10004738:	2a0f      	cmp	r2, #15
1000473a:	ddf1      	ble.n	10004720 <_malloc_r+0xbc>
1000473c:	4641      	mov	r1, r8
1000473e:	003a      	movs	r2, r7
10004740:	693c      	ldr	r4, [r7, #16]
10004742:	3208      	adds	r2, #8
10004744:	4294      	cmp	r4, r2
10004746:	d100      	bne.n	1000474a <_malloc_r+0xe6>
10004748:	e0d8      	b.n	100048fc <_malloc_r+0x298>
1000474a:	2003      	movs	r0, #3
1000474c:	6863      	ldr	r3, [r4, #4]
1000474e:	4383      	bics	r3, r0
10004750:	1b58      	subs	r0, r3, r5
10004752:	280f      	cmp	r0, #15
10004754:	dd00      	ble.n	10004758 <_malloc_r+0xf4>
10004756:	e166      	b.n	10004a26 <_malloc_r+0x3c2>
10004758:	613a      	str	r2, [r7, #16]
1000475a:	617a      	str	r2, [r7, #20]
1000475c:	2800      	cmp	r0, #0
1000475e:	daa4      	bge.n	100046aa <_malloc_r+0x46>
10004760:	687a      	ldr	r2, [r7, #4]
10004762:	4690      	mov	r8, r2
10004764:	2280      	movs	r2, #128	@ 0x80
10004766:	0092      	lsls	r2, r2, #2
10004768:	4293      	cmp	r3, r2
1000476a:	d300      	bcc.n	1000476e <_malloc_r+0x10a>
1000476c:	e0e3      	b.n	10004936 <_malloc_r+0x2d2>
1000476e:	08da      	lsrs	r2, r3, #3
10004770:	0958      	lsrs	r0, r3, #5
10004772:	2301      	movs	r3, #1
10004774:	4083      	lsls	r3, r0
10004776:	4640      	mov	r0, r8
10004778:	4318      	orrs	r0, r3
1000477a:	4680      	mov	r8, r0
1000477c:	00d3      	lsls	r3, r2, #3
1000477e:	19db      	adds	r3, r3, r7
10004780:	689a      	ldr	r2, [r3, #8]
10004782:	6078      	str	r0, [r7, #4]
10004784:	60e3      	str	r3, [r4, #12]
10004786:	60a2      	str	r2, [r4, #8]
10004788:	609c      	str	r4, [r3, #8]
1000478a:	60d4      	str	r4, [r2, #12]
1000478c:	2001      	movs	r0, #1
1000478e:	108b      	asrs	r3, r1, #2
10004790:	4098      	lsls	r0, r3
10004792:	4540      	cmp	r0, r8
10004794:	d85c      	bhi.n	10004850 <_malloc_r+0x1ec>
10004796:	4643      	mov	r3, r8
10004798:	4203      	tst	r3, r0
1000479a:	d10a      	bne.n	100047b2 <_malloc_r+0x14e>
1000479c:	2303      	movs	r3, #3
1000479e:	4399      	bics	r1, r3
100047a0:	4643      	mov	r3, r8
100047a2:	0040      	lsls	r0, r0, #1
100047a4:	3104      	adds	r1, #4
100047a6:	4203      	tst	r3, r0
100047a8:	d103      	bne.n	100047b2 <_malloc_r+0x14e>
100047aa:	0040      	lsls	r0, r0, #1
100047ac:	3104      	adds	r1, #4
100047ae:	4203      	tst	r3, r0
100047b0:	d0fb      	beq.n	100047aa <_malloc_r+0x146>
100047b2:	2303      	movs	r3, #3
100047b4:	46b3      	mov	fp, r6
100047b6:	469c      	mov	ip, r3
100047b8:	000e      	movs	r6, r1
100047ba:	46b8      	mov	r8, r7
100047bc:	9001      	str	r0, [sp, #4]
100047be:	00f0      	lsls	r0, r6, #3
100047c0:	4440      	add	r0, r8
100047c2:	0001      	movs	r1, r0
100047c4:	46b2      	mov	sl, r6
100047c6:	68cb      	ldr	r3, [r1, #12]
100047c8:	e00b      	b.n	100047e2 <_malloc_r+0x17e>
100047ca:	4664      	mov	r4, ip
100047cc:	685a      	ldr	r2, [r3, #4]
100047ce:	001f      	movs	r7, r3
100047d0:	43a2      	bics	r2, r4
100047d2:	68db      	ldr	r3, [r3, #12]
100047d4:	1b54      	subs	r4, r2, r5
100047d6:	2c0f      	cmp	r4, #15
100047d8:	dd00      	ble.n	100047dc <_malloc_r+0x178>
100047da:	e0f3      	b.n	100049c4 <_malloc_r+0x360>
100047dc:	2c00      	cmp	r4, #0
100047de:	db00      	blt.n	100047e2 <_malloc_r+0x17e>
100047e0:	e10d      	b.n	100049fe <_malloc_r+0x39a>
100047e2:	4299      	cmp	r1, r3
100047e4:	d1f1      	bne.n	100047ca <_malloc_r+0x166>
100047e6:	2301      	movs	r3, #1
100047e8:	4699      	mov	r9, r3
100047ea:	44ca      	add	sl, r9
100047ec:	4653      	mov	r3, sl
100047ee:	3108      	adds	r1, #8
100047f0:	079b      	lsls	r3, r3, #30
100047f2:	d1e8      	bne.n	100047c6 <_malloc_r+0x162>
100047f4:	2203      	movs	r2, #3
100047f6:	e005      	b.n	10004804 <_malloc_r+0x1a0>
100047f8:	6803      	ldr	r3, [r0, #0]
100047fa:	3808      	subs	r0, #8
100047fc:	3e01      	subs	r6, #1
100047fe:	4283      	cmp	r3, r0
10004800:	d000      	beq.n	10004804 <_malloc_r+0x1a0>
10004802:	e20a      	b.n	10004c1a <_malloc_r+0x5b6>
10004804:	4232      	tst	r2, r6
10004806:	d1f7      	bne.n	100047f8 <_malloc_r+0x194>
10004808:	4643      	mov	r3, r8
1000480a:	9a01      	ldr	r2, [sp, #4]
1000480c:	685b      	ldr	r3, [r3, #4]
1000480e:	4393      	bics	r3, r2
10004810:	4642      	mov	r2, r8
10004812:	6053      	str	r3, [r2, #4]
10004814:	9a01      	ldr	r2, [sp, #4]
10004816:	0052      	lsls	r2, r2, #1
10004818:	9201      	str	r2, [sp, #4]
1000481a:	429a      	cmp	r2, r3
1000481c:	d816      	bhi.n	1000484c <_malloc_r+0x1e8>
1000481e:	2a00      	cmp	r2, #0
10004820:	d106      	bne.n	10004830 <_malloc_r+0x1cc>
10004822:	e013      	b.n	1000484c <_malloc_r+0x1e8>
10004824:	2204      	movs	r2, #4
10004826:	4691      	mov	r9, r2
10004828:	9a01      	ldr	r2, [sp, #4]
1000482a:	44ca      	add	sl, r9
1000482c:	0052      	lsls	r2, r2, #1
1000482e:	9201      	str	r2, [sp, #4]
10004830:	4213      	tst	r3, r2
10004832:	d0f7      	beq.n	10004824 <_malloc_r+0x1c0>
10004834:	4656      	mov	r6, sl
10004836:	e7c2      	b.n	100047be <_malloc_r+0x15a>
10004838:	230c      	movs	r3, #12
1000483a:	2000      	movs	r0, #0
1000483c:	6033      	str	r3, [r6, #0]
1000483e:	e73e      	b.n	100046be <_malloc_r+0x5a>
10004840:	2380      	movs	r3, #128	@ 0x80
10004842:	223f      	movs	r2, #63	@ 0x3f
10004844:	2140      	movs	r1, #64	@ 0x40
10004846:	4690      	mov	r8, r2
10004848:	009b      	lsls	r3, r3, #2
1000484a:	e759      	b.n	10004700 <_malloc_r+0x9c>
1000484c:	465e      	mov	r6, fp
1000484e:	4647      	mov	r7, r8
10004850:	2203      	movs	r2, #3
10004852:	68bc      	ldr	r4, [r7, #8]
10004854:	6863      	ldr	r3, [r4, #4]
10004856:	4393      	bics	r3, r2
10004858:	4699      	mov	r9, r3
1000485a:	42ab      	cmp	r3, r5
1000485c:	d302      	bcc.n	10004864 <_malloc_r+0x200>
1000485e:	1b5b      	subs	r3, r3, r5
10004860:	2b0f      	cmp	r3, #15
10004862:	dc4e      	bgt.n	10004902 <_malloc_r+0x29e>
10004864:	0023      	movs	r3, r4
10004866:	444b      	add	r3, r9
10004868:	9302      	str	r3, [sp, #8]
1000486a:	4b51      	ldr	r3, [pc, #324]	@ (100049b0 <_malloc_r+0x34c>)
1000486c:	2008      	movs	r0, #8
1000486e:	681b      	ldr	r3, [r3, #0]
10004870:	3310      	adds	r3, #16
10004872:	195b      	adds	r3, r3, r5
10004874:	9301      	str	r3, [sp, #4]
10004876:	f000 fc5f 	bl	10005138 <sysconf>
1000487a:	494e      	ldr	r1, [pc, #312]	@ (100049b4 <_malloc_r+0x350>)
1000487c:	9003      	str	r0, [sp, #12]
1000487e:	680b      	ldr	r3, [r1, #0]
10004880:	468b      	mov	fp, r1
10004882:	3301      	adds	r3, #1
10004884:	d006      	beq.n	10004894 <_malloc_r+0x230>
10004886:	4684      	mov	ip, r0
10004888:	9b01      	ldr	r3, [sp, #4]
1000488a:	4242      	negs	r2, r0
1000488c:	3b01      	subs	r3, #1
1000488e:	4463      	add	r3, ip
10004890:	4013      	ands	r3, r2
10004892:	9301      	str	r3, [sp, #4]
10004894:	0030      	movs	r0, r6
10004896:	9901      	ldr	r1, [sp, #4]
10004898:	f000 fc32 	bl	10005100 <_sbrk_r>
1000489c:	0003      	movs	r3, r0
1000489e:	4680      	mov	r8, r0
100048a0:	3301      	adds	r3, #1
100048a2:	d100      	bne.n	100048a6 <_malloc_r+0x242>
100048a4:	e0dd      	b.n	10004a62 <_malloc_r+0x3fe>
100048a6:	9b02      	ldr	r3, [sp, #8]
100048a8:	4283      	cmp	r3, r0
100048aa:	d900      	bls.n	100048ae <_malloc_r+0x24a>
100048ac:	e0d7      	b.n	10004a5e <_malloc_r+0x3fa>
100048ae:	9a01      	ldr	r2, [sp, #4]
100048b0:	4b41      	ldr	r3, [pc, #260]	@ (100049b8 <_malloc_r+0x354>)
100048b2:	4694      	mov	ip, r2
100048b4:	6819      	ldr	r1, [r3, #0]
100048b6:	469a      	mov	sl, r3
100048b8:	4461      	add	r1, ip
100048ba:	9a03      	ldr	r2, [sp, #12]
100048bc:	6019      	str	r1, [r3, #0]
100048be:	9b02      	ldr	r3, [sp, #8]
100048c0:	0008      	movs	r0, r1
100048c2:	3a01      	subs	r2, #1
100048c4:	4543      	cmp	r3, r8
100048c6:	d000      	beq.n	100048ca <_malloc_r+0x266>
100048c8:	e0ea      	b.n	10004aa0 <_malloc_r+0x43c>
100048ca:	4643      	mov	r3, r8
100048cc:	4213      	tst	r3, r2
100048ce:	d000      	beq.n	100048d2 <_malloc_r+0x26e>
100048d0:	e0e6      	b.n	10004aa0 <_malloc_r+0x43c>
100048d2:	68bb      	ldr	r3, [r7, #8]
100048d4:	4698      	mov	r8, r3
100048d6:	4663      	mov	r3, ip
100048d8:	444b      	add	r3, r9
100048da:	001a      	movs	r2, r3
100048dc:	2301      	movs	r3, #1
100048de:	431a      	orrs	r2, r3
100048e0:	4643      	mov	r3, r8
100048e2:	605a      	str	r2, [r3, #4]
100048e4:	4b35      	ldr	r3, [pc, #212]	@ (100049bc <_malloc_r+0x358>)
100048e6:	6818      	ldr	r0, [r3, #0]
100048e8:	4288      	cmp	r0, r1
100048ea:	d200      	bcs.n	100048ee <_malloc_r+0x28a>
100048ec:	6019      	str	r1, [r3, #0]
100048ee:	4b34      	ldr	r3, [pc, #208]	@ (100049c0 <_malloc_r+0x35c>)
100048f0:	6818      	ldr	r0, [r3, #0]
100048f2:	4288      	cmp	r0, r1
100048f4:	d200      	bcs.n	100048f8 <_malloc_r+0x294>
100048f6:	6019      	str	r1, [r3, #0]
100048f8:	4644      	mov	r4, r8
100048fa:	e0b4      	b.n	10004a66 <_malloc_r+0x402>
100048fc:	687b      	ldr	r3, [r7, #4]
100048fe:	4698      	mov	r8, r3
10004900:	e744      	b.n	1000478c <_malloc_r+0x128>
10004902:	2201      	movs	r2, #1
10004904:	0029      	movs	r1, r5
10004906:	4313      	orrs	r3, r2
10004908:	4311      	orrs	r1, r2
1000490a:	1965      	adds	r5, r4, r5
1000490c:	6061      	str	r1, [r4, #4]
1000490e:	0030      	movs	r0, r6
10004910:	60bd      	str	r5, [r7, #8]
10004912:	606b      	str	r3, [r5, #4]
10004914:	f000 f990 	bl	10004c38 <__malloc_unlock>
10004918:	0020      	movs	r0, r4
1000491a:	3008      	adds	r0, #8
1000491c:	e6cf      	b.n	100046be <_malloc_r+0x5a>
1000491e:	68a2      	ldr	r2, [r4, #8]
10004920:	60d0      	str	r0, [r2, #12]
10004922:	6082      	str	r2, [r0, #8]
10004924:	e6c1      	b.n	100046aa <_malloc_r+0x46>
10004926:	4661      	mov	r1, ip
10004928:	e709      	b.n	1000473e <_malloc_r+0xda>
1000492a:	68dc      	ldr	r4, [r3, #12]
1000492c:	3102      	adds	r1, #2
1000492e:	42a3      	cmp	r3, r4
10004930:	d100      	bne.n	10004934 <_malloc_r+0x2d0>
10004932:	e704      	b.n	1000473e <_malloc_r+0xda>
10004934:	e6b2      	b.n	1000469c <_malloc_r+0x38>
10004936:	0a5a      	lsrs	r2, r3, #9
10004938:	2a04      	cmp	r2, #4
1000493a:	d800      	bhi.n	1000493e <_malloc_r+0x2da>
1000493c:	e088      	b.n	10004a50 <_malloc_r+0x3ec>
1000493e:	2a14      	cmp	r2, #20
10004940:	d900      	bls.n	10004944 <_malloc_r+0x2e0>
10004942:	e10f      	b.n	10004b64 <_malloc_r+0x500>
10004944:	0010      	movs	r0, r2
10004946:	305b      	adds	r0, #91	@ 0x5b
10004948:	4682      	mov	sl, r0
1000494a:	325c      	adds	r2, #92	@ 0x5c
1000494c:	00d2      	lsls	r2, r2, #3
1000494e:	2008      	movs	r0, #8
10004950:	4240      	negs	r0, r0
10004952:	4684      	mov	ip, r0
10004954:	18ba      	adds	r2, r7, r2
10004956:	4494      	add	ip, r2
10004958:	4662      	mov	r2, ip
1000495a:	6892      	ldr	r2, [r2, #8]
1000495c:	300b      	adds	r0, #11
1000495e:	4681      	mov	r9, r0
10004960:	4594      	cmp	ip, r2
10004962:	d100      	bne.n	10004966 <_malloc_r+0x302>
10004964:	e0e5      	b.n	10004b32 <_malloc_r+0x4ce>
10004966:	0008      	movs	r0, r1
10004968:	46a2      	mov	sl, r4
1000496a:	4661      	mov	r1, ip
1000496c:	4684      	mov	ip, r0
1000496e:	e002      	b.n	10004976 <_malloc_r+0x312>
10004970:	6892      	ldr	r2, [r2, #8]
10004972:	4291      	cmp	r1, r2
10004974:	d004      	beq.n	10004980 <_malloc_r+0x31c>
10004976:	464c      	mov	r4, r9
10004978:	6850      	ldr	r0, [r2, #4]
1000497a:	43a0      	bics	r0, r4
1000497c:	4298      	cmp	r0, r3
1000497e:	d8f7      	bhi.n	10004970 <_malloc_r+0x30c>
10004980:	68d3      	ldr	r3, [r2, #12]
10004982:	4661      	mov	r1, ip
10004984:	4654      	mov	r4, sl
10004986:	469c      	mov	ip, r3
10004988:	4663      	mov	r3, ip
1000498a:	60a2      	str	r2, [r4, #8]
1000498c:	60e3      	str	r3, [r4, #12]
1000498e:	609c      	str	r4, [r3, #8]
10004990:	60d4      	str	r4, [r2, #12]
10004992:	e6fb      	b.n	1000478c <_malloc_r+0x128>
10004994:	2914      	cmp	r1, #20
10004996:	d973      	bls.n	10004a80 <_malloc_r+0x41c>
10004998:	2954      	cmp	r1, #84	@ 0x54
1000499a:	d900      	bls.n	1000499e <_malloc_r+0x33a>
1000499c:	e0eb      	b.n	10004b76 <_malloc_r+0x512>
1000499e:	236e      	movs	r3, #110	@ 0x6e
100049a0:	4698      	mov	r8, r3
100049a2:	0b29      	lsrs	r1, r5, #12
100049a4:	4488      	add	r8, r1
100049a6:	316f      	adds	r1, #111	@ 0x6f
100049a8:	00cb      	lsls	r3, r1, #3
100049aa:	e6a9      	b.n	10004700 <_malloc_r+0x9c>
100049ac:	200002f0 	.word	0x200002f0
100049b0:	200009fc 	.word	0x200009fc
100049b4:	200002e8 	.word	0x200002e8
100049b8:	200009cc 	.word	0x200009cc
100049bc:	200009f4 	.word	0x200009f4
100049c0:	200009f8 	.word	0x200009f8
100049c4:	46ba      	mov	sl, r7
100049c6:	2001      	movs	r0, #1
100049c8:	4651      	mov	r1, sl
100049ca:	4684      	mov	ip, r0
100049cc:	1949      	adds	r1, r1, r5
100049ce:	4305      	orrs	r5, r0
100049d0:	4650      	mov	r0, sl
100049d2:	6045      	str	r5, [r0, #4]
100049d4:	6885      	ldr	r5, [r0, #8]
100049d6:	4647      	mov	r7, r8
100049d8:	4660      	mov	r0, ip
100049da:	60eb      	str	r3, [r5, #12]
100049dc:	465e      	mov	r6, fp
100049de:	609d      	str	r5, [r3, #8]
100049e0:	4653      	mov	r3, sl
100049e2:	6139      	str	r1, [r7, #16]
100049e4:	6179      	str	r1, [r7, #20]
100049e6:	4320      	orrs	r0, r4
100049e8:	3708      	adds	r7, #8
100049ea:	6048      	str	r0, [r1, #4]
100049ec:	60cf      	str	r7, [r1, #12]
100049ee:	0030      	movs	r0, r6
100049f0:	608f      	str	r7, [r1, #8]
100049f2:	509c      	str	r4, [r3, r2]
100049f4:	f000 f920 	bl	10004c38 <__malloc_unlock>
100049f8:	4650      	mov	r0, sl
100049fa:	3008      	adds	r0, #8
100049fc:	e65f      	b.n	100046be <_malloc_r+0x5a>
100049fe:	46ba      	mov	sl, r7
10004a00:	2001      	movs	r0, #1
10004a02:	465e      	mov	r6, fp
10004a04:	4452      	add	r2, sl
10004a06:	6851      	ldr	r1, [r2, #4]
10004a08:	4301      	orrs	r1, r0
10004a0a:	6051      	str	r1, [r2, #4]
10004a0c:	68ba      	ldr	r2, [r7, #8]
10004a0e:	0030      	movs	r0, r6
10004a10:	60d3      	str	r3, [r2, #12]
10004a12:	609a      	str	r2, [r3, #8]
10004a14:	f000 f910 	bl	10004c38 <__malloc_unlock>
10004a18:	0038      	movs	r0, r7
10004a1a:	3008      	adds	r0, #8
10004a1c:	e64f      	b.n	100046be <_malloc_r+0x5a>
10004a1e:	002b      	movs	r3, r5
10004a20:	08e9      	lsrs	r1, r5, #3
10004a22:	3308      	adds	r3, #8
10004a24:	e632      	b.n	1000468c <_malloc_r+0x28>
10004a26:	1961      	adds	r1, r4, r5
10004a28:	4688      	mov	r8, r1
10004a2a:	2101      	movs	r1, #1
10004a2c:	468c      	mov	ip, r1
10004a2e:	430d      	orrs	r5, r1
10004a30:	4641      	mov	r1, r8
10004a32:	6065      	str	r5, [r4, #4]
10004a34:	6139      	str	r1, [r7, #16]
10004a36:	6179      	str	r1, [r7, #20]
10004a38:	60ca      	str	r2, [r1, #12]
10004a3a:	608a      	str	r2, [r1, #8]
10004a3c:	4662      	mov	r2, ip
10004a3e:	4302      	orrs	r2, r0
10004a40:	604a      	str	r2, [r1, #4]
10004a42:	50e0      	str	r0, [r4, r3]
10004a44:	0030      	movs	r0, r6
10004a46:	f000 f8f7 	bl	10004c38 <__malloc_unlock>
10004a4a:	0020      	movs	r0, r4
10004a4c:	3008      	adds	r0, #8
10004a4e:	e636      	b.n	100046be <_malloc_r+0x5a>
10004a50:	099a      	lsrs	r2, r3, #6
10004a52:	0010      	movs	r0, r2
10004a54:	3239      	adds	r2, #57	@ 0x39
10004a56:	3038      	adds	r0, #56	@ 0x38
10004a58:	4682      	mov	sl, r0
10004a5a:	00d2      	lsls	r2, r2, #3
10004a5c:	e777      	b.n	1000494e <_malloc_r+0x2ea>
10004a5e:	42bc      	cmp	r4, r7
10004a60:	d014      	beq.n	10004a8c <_malloc_r+0x428>
10004a62:	68bc      	ldr	r4, [r7, #8]
10004a64:	6862      	ldr	r2, [r4, #4]
10004a66:	2303      	movs	r3, #3
10004a68:	439a      	bics	r2, r3
10004a6a:	1b53      	subs	r3, r2, r5
10004a6c:	42aa      	cmp	r2, r5
10004a6e:	d302      	bcc.n	10004a76 <_malloc_r+0x412>
10004a70:	2b0f      	cmp	r3, #15
10004a72:	dd00      	ble.n	10004a76 <_malloc_r+0x412>
10004a74:	e745      	b.n	10004902 <_malloc_r+0x29e>
10004a76:	0030      	movs	r0, r6
10004a78:	f000 f8de 	bl	10004c38 <__malloc_unlock>
10004a7c:	2000      	movs	r0, #0
10004a7e:	e61e      	b.n	100046be <_malloc_r+0x5a>
10004a80:	235b      	movs	r3, #91	@ 0x5b
10004a82:	4698      	mov	r8, r3
10004a84:	4488      	add	r8, r1
10004a86:	315c      	adds	r1, #92	@ 0x5c
10004a88:	00cb      	lsls	r3, r1, #3
10004a8a:	e639      	b.n	10004700 <_malloc_r+0x9c>
10004a8c:	4b64      	ldr	r3, [pc, #400]	@ (10004c20 <_malloc_r+0x5bc>)
10004a8e:	469a      	mov	sl, r3
10004a90:	6818      	ldr	r0, [r3, #0]
10004a92:	9b01      	ldr	r3, [sp, #4]
10004a94:	469c      	mov	ip, r3
10004a96:	4653      	mov	r3, sl
10004a98:	4460      	add	r0, ip
10004a9a:	6018      	str	r0, [r3, #0]
10004a9c:	9b03      	ldr	r3, [sp, #12]
10004a9e:	1e5a      	subs	r2, r3, #1
10004aa0:	465b      	mov	r3, fp
10004aa2:	681b      	ldr	r3, [r3, #0]
10004aa4:	3301      	adds	r3, #1
10004aa6:	d071      	beq.n	10004b8c <_malloc_r+0x528>
10004aa8:	4643      	mov	r3, r8
10004aaa:	9902      	ldr	r1, [sp, #8]
10004aac:	1a5b      	subs	r3, r3, r1
10004aae:	4651      	mov	r1, sl
10004ab0:	181b      	adds	r3, r3, r0
10004ab2:	600b      	str	r3, [r1, #0]
10004ab4:	2307      	movs	r3, #7
10004ab6:	4641      	mov	r1, r8
10004ab8:	4640      	mov	r0, r8
10004aba:	4019      	ands	r1, r3
10004abc:	9102      	str	r1, [sp, #8]
10004abe:	4218      	tst	r0, r3
10004ac0:	d040      	beq.n	10004b44 <_malloc_r+0x4e0>
10004ac2:	9803      	ldr	r0, [sp, #12]
10004ac4:	3301      	adds	r3, #1
10004ac6:	4684      	mov	ip, r0
10004ac8:	1a5b      	subs	r3, r3, r1
10004aca:	9901      	ldr	r1, [sp, #4]
10004acc:	4498      	add	r8, r3
10004ace:	4441      	add	r1, r8
10004ad0:	9101      	str	r1, [sp, #4]
10004ad2:	4463      	add	r3, ip
10004ad4:	4011      	ands	r1, r2
10004ad6:	1a5b      	subs	r3, r3, r1
10004ad8:	401a      	ands	r2, r3
10004ada:	0011      	movs	r1, r2
10004adc:	0030      	movs	r0, r6
10004ade:	4693      	mov	fp, r2
10004ae0:	f000 fb0e 	bl	10005100 <_sbrk_r>
10004ae4:	1c43      	adds	r3, r0, #1
10004ae6:	d078      	beq.n	10004bda <_malloc_r+0x576>
10004ae8:	4643      	mov	r3, r8
10004aea:	1ac0      	subs	r0, r0, r3
10004aec:	0003      	movs	r3, r0
10004aee:	445b      	add	r3, fp
10004af0:	9301      	str	r3, [sp, #4]
10004af2:	4653      	mov	r3, sl
10004af4:	6819      	ldr	r1, [r3, #0]
10004af6:	2001      	movs	r0, #1
10004af8:	4459      	add	r1, fp
10004afa:	6019      	str	r1, [r3, #0]
10004afc:	4643      	mov	r3, r8
10004afe:	9a01      	ldr	r2, [sp, #4]
10004b00:	60bb      	str	r3, [r7, #8]
10004b02:	4302      	orrs	r2, r0
10004b04:	605a      	str	r2, [r3, #4]
10004b06:	42bc      	cmp	r4, r7
10004b08:	d100      	bne.n	10004b0c <_malloc_r+0x4a8>
10004b0a:	e6eb      	b.n	100048e4 <_malloc_r+0x280>
10004b0c:	464b      	mov	r3, r9
10004b0e:	2b0f      	cmp	r3, #15
10004b10:	d940      	bls.n	10004b94 <_malloc_r+0x530>
10004b12:	2207      	movs	r2, #7
10004b14:	3b0c      	subs	r3, #12
10004b16:	4393      	bics	r3, r2
10004b18:	6862      	ldr	r2, [r4, #4]
10004b1a:	4002      	ands	r2, r0
10004b1c:	2005      	movs	r0, #5
10004b1e:	431a      	orrs	r2, r3
10004b20:	6062      	str	r2, [r4, #4]
10004b22:	18e2      	adds	r2, r4, r3
10004b24:	6050      	str	r0, [r2, #4]
10004b26:	6090      	str	r0, [r2, #8]
10004b28:	2b0f      	cmp	r3, #15
10004b2a:	d84b      	bhi.n	10004bc4 <_malloc_r+0x560>
10004b2c:	4643      	mov	r3, r8
10004b2e:	685a      	ldr	r2, [r3, #4]
10004b30:	e6d8      	b.n	100048e4 <_malloc_r+0x280>
10004b32:	4653      	mov	r3, sl
10004b34:	1098      	asrs	r0, r3, #2
10004b36:	2301      	movs	r3, #1
10004b38:	4083      	lsls	r3, r0
10004b3a:	4640      	mov	r0, r8
10004b3c:	4318      	orrs	r0, r3
10004b3e:	4680      	mov	r8, r0
10004b40:	6078      	str	r0, [r7, #4]
10004b42:	e721      	b.n	10004988 <_malloc_r+0x324>
10004b44:	9b01      	ldr	r3, [sp, #4]
10004b46:	9903      	ldr	r1, [sp, #12]
10004b48:	4443      	add	r3, r8
10004b4a:	4013      	ands	r3, r2
10004b4c:	1acb      	subs	r3, r1, r3
10004b4e:	401a      	ands	r2, r3
10004b50:	0011      	movs	r1, r2
10004b52:	0030      	movs	r0, r6
10004b54:	4693      	mov	fp, r2
10004b56:	f000 fad3 	bl	10005100 <_sbrk_r>
10004b5a:	1c43      	adds	r3, r0, #1
10004b5c:	d1c4      	bne.n	10004ae8 <_malloc_r+0x484>
10004b5e:	2300      	movs	r3, #0
10004b60:	469b      	mov	fp, r3
10004b62:	e7c6      	b.n	10004af2 <_malloc_r+0x48e>
10004b64:	2a54      	cmp	r2, #84	@ 0x54
10004b66:	d818      	bhi.n	10004b9a <_malloc_r+0x536>
10004b68:	0b1a      	lsrs	r2, r3, #12
10004b6a:	0010      	movs	r0, r2
10004b6c:	326f      	adds	r2, #111	@ 0x6f
10004b6e:	306e      	adds	r0, #110	@ 0x6e
10004b70:	4682      	mov	sl, r0
10004b72:	00d2      	lsls	r2, r2, #3
10004b74:	e6eb      	b.n	1000494e <_malloc_r+0x2ea>
10004b76:	23aa      	movs	r3, #170	@ 0xaa
10004b78:	005b      	lsls	r3, r3, #1
10004b7a:	4299      	cmp	r1, r3
10004b7c:	d818      	bhi.n	10004bb0 <_malloc_r+0x54c>
10004b7e:	3bdd      	subs	r3, #221	@ 0xdd
10004b80:	4698      	mov	r8, r3
10004b82:	0be9      	lsrs	r1, r5, #15
10004b84:	4488      	add	r8, r1
10004b86:	3178      	adds	r1, #120	@ 0x78
10004b88:	00cb      	lsls	r3, r1, #3
10004b8a:	e5b9      	b.n	10004700 <_malloc_r+0x9c>
10004b8c:	465b      	mov	r3, fp
10004b8e:	4641      	mov	r1, r8
10004b90:	6019      	str	r1, [r3, #0]
10004b92:	e78f      	b.n	10004ab4 <_malloc_r+0x450>
10004b94:	4643      	mov	r3, r8
10004b96:	6058      	str	r0, [r3, #4]
10004b98:	e76d      	b.n	10004a76 <_malloc_r+0x412>
10004b9a:	20aa      	movs	r0, #170	@ 0xaa
10004b9c:	0040      	lsls	r0, r0, #1
10004b9e:	4282      	cmp	r2, r0
10004ba0:	d826      	bhi.n	10004bf0 <_malloc_r+0x58c>
10004ba2:	0bda      	lsrs	r2, r3, #15
10004ba4:	0010      	movs	r0, r2
10004ba6:	3278      	adds	r2, #120	@ 0x78
10004ba8:	3077      	adds	r0, #119	@ 0x77
10004baa:	4682      	mov	sl, r0
10004bac:	00d2      	lsls	r2, r2, #3
10004bae:	e6ce      	b.n	1000494e <_malloc_r+0x2ea>
10004bb0:	4b1c      	ldr	r3, [pc, #112]	@ (10004c24 <_malloc_r+0x5c0>)
10004bb2:	4299      	cmp	r1, r3
10004bb4:	d826      	bhi.n	10004c04 <_malloc_r+0x5a0>
10004bb6:	237c      	movs	r3, #124	@ 0x7c
10004bb8:	4698      	mov	r8, r3
10004bba:	0ca9      	lsrs	r1, r5, #18
10004bbc:	4488      	add	r8, r1
10004bbe:	317d      	adds	r1, #125	@ 0x7d
10004bc0:	00cb      	lsls	r3, r1, #3
10004bc2:	e59d      	b.n	10004700 <_malloc_r+0x9c>
10004bc4:	0021      	movs	r1, r4
10004bc6:	0030      	movs	r0, r6
10004bc8:	3108      	adds	r1, #8
10004bca:	f000 fb4b 	bl	10005264 <_free_r>
10004bce:	4653      	mov	r3, sl
10004bd0:	6819      	ldr	r1, [r3, #0]
10004bd2:	68bb      	ldr	r3, [r7, #8]
10004bd4:	4698      	mov	r8, r3
10004bd6:	685a      	ldr	r2, [r3, #4]
10004bd8:	e684      	b.n	100048e4 <_malloc_r+0x280>
10004bda:	9a01      	ldr	r2, [sp, #4]
10004bdc:	9b02      	ldr	r3, [sp, #8]
10004bde:	4694      	mov	ip, r2
10004be0:	4642      	mov	r2, r8
10004be2:	3b08      	subs	r3, #8
10004be4:	4463      	add	r3, ip
10004be6:	1a9b      	subs	r3, r3, r2
10004be8:	9301      	str	r3, [sp, #4]
10004bea:	2300      	movs	r3, #0
10004bec:	469b      	mov	fp, r3
10004bee:	e780      	b.n	10004af2 <_malloc_r+0x48e>
10004bf0:	480c      	ldr	r0, [pc, #48]	@ (10004c24 <_malloc_r+0x5c0>)
10004bf2:	4282      	cmp	r2, r0
10004bf4:	d80c      	bhi.n	10004c10 <_malloc_r+0x5ac>
10004bf6:	0c9a      	lsrs	r2, r3, #18
10004bf8:	0010      	movs	r0, r2
10004bfa:	327d      	adds	r2, #125	@ 0x7d
10004bfc:	307c      	adds	r0, #124	@ 0x7c
10004bfe:	4682      	mov	sl, r0
10004c00:	00d2      	lsls	r2, r2, #3
10004c02:	e6a4      	b.n	1000494e <_malloc_r+0x2ea>
10004c04:	23fe      	movs	r3, #254	@ 0xfe
10004c06:	227e      	movs	r2, #126	@ 0x7e
10004c08:	217f      	movs	r1, #127	@ 0x7f
10004c0a:	4690      	mov	r8, r2
10004c0c:	009b      	lsls	r3, r3, #2
10004c0e:	e577      	b.n	10004700 <_malloc_r+0x9c>
10004c10:	22fe      	movs	r2, #254	@ 0xfe
10004c12:	207e      	movs	r0, #126	@ 0x7e
10004c14:	0092      	lsls	r2, r2, #2
10004c16:	4682      	mov	sl, r0
10004c18:	e699      	b.n	1000494e <_malloc_r+0x2ea>
10004c1a:	4643      	mov	r3, r8
10004c1c:	685b      	ldr	r3, [r3, #4]
10004c1e:	e5f9      	b.n	10004814 <_malloc_r+0x1b0>
10004c20:	200009cc 	.word	0x200009cc
10004c24:	00000554 	.word	0x00000554

10004c28 <__malloc_lock>:
10004c28:	b510      	push	{r4, lr}
10004c2a:	4802      	ldr	r0, [pc, #8]	@ (10004c34 <__malloc_lock+0xc>)
10004c2c:	f000 fa80 	bl	10005130 <__retarget_lock_acquire_recursive>
10004c30:	bd10      	pop	{r4, pc}
10004c32:	46c0      	nop			@ (mov r8, r8)
10004c34:	200009c8 	.word	0x200009c8

10004c38 <__malloc_unlock>:
10004c38:	b510      	push	{r4, lr}
10004c3a:	4802      	ldr	r0, [pc, #8]	@ (10004c44 <__malloc_unlock+0xc>)
10004c3c:	f000 fa7a 	bl	10005134 <__retarget_lock_release_recursive>
10004c40:	bd10      	pop	{r4, pc}
10004c42:	46c0      	nop			@ (mov r8, r8)
10004c44:	200009c8 	.word	0x200009c8

10004c48 <memcmp>:
10004c48:	b530      	push	{r4, r5, lr}
10004c4a:	2a03      	cmp	r2, #3
10004c4c:	d91a      	bls.n	10004c84 <memcmp+0x3c>
10004c4e:	000b      	movs	r3, r1
10004c50:	4303      	orrs	r3, r0
10004c52:	079b      	lsls	r3, r3, #30
10004c54:	d011      	beq.n	10004c7a <memcmp+0x32>
10004c56:	1e55      	subs	r5, r2, #1
10004c58:	2300      	movs	r3, #0
10004c5a:	e003      	b.n	10004c64 <memcmp+0x1c>
10004c5c:	1c5a      	adds	r2, r3, #1
10004c5e:	429d      	cmp	r5, r3
10004c60:	d013      	beq.n	10004c8a <memcmp+0x42>
10004c62:	0013      	movs	r3, r2
10004c64:	5cc2      	ldrb	r2, [r0, r3]
10004c66:	5ccc      	ldrb	r4, [r1, r3]
10004c68:	42a2      	cmp	r2, r4
10004c6a:	d0f7      	beq.n	10004c5c <memcmp+0x14>
10004c6c:	1b10      	subs	r0, r2, r4
10004c6e:	e00d      	b.n	10004c8c <memcmp+0x44>
10004c70:	3a04      	subs	r2, #4
10004c72:	3004      	adds	r0, #4
10004c74:	3104      	adds	r1, #4
10004c76:	2a03      	cmp	r2, #3
10004c78:	d904      	bls.n	10004c84 <memcmp+0x3c>
10004c7a:	6804      	ldr	r4, [r0, #0]
10004c7c:	680b      	ldr	r3, [r1, #0]
10004c7e:	429c      	cmp	r4, r3
10004c80:	d0f6      	beq.n	10004c70 <memcmp+0x28>
10004c82:	e7e8      	b.n	10004c56 <memcmp+0xe>
10004c84:	1e55      	subs	r5, r2, #1
10004c86:	2a00      	cmp	r2, #0
10004c88:	d1e6      	bne.n	10004c58 <memcmp+0x10>
10004c8a:	2000      	movs	r0, #0
10004c8c:	bd30      	pop	{r4, r5, pc}
10004c8e:	46c0      	nop			@ (mov r8, r8)

10004c90 <critical_factorization>:
10004c90:	b5f0      	push	{r4, r5, r6, r7, lr}
10004c92:	46ce      	mov	lr, r9
10004c94:	4647      	mov	r7, r8
10004c96:	0003      	movs	r3, r0
10004c98:	4694      	mov	ip, r2
10004c9a:	b580      	push	{r7, lr}
10004c9c:	2901      	cmp	r1, #1
10004c9e:	d959      	bls.n	10004d54 <critical_factorization+0xc4>
10004ca0:	2201      	movs	r2, #1
10004ca2:	2001      	movs	r0, #1
10004ca4:	4690      	mov	r8, r2
10004ca6:	2501      	movs	r5, #1
10004ca8:	2600      	movs	r6, #0
10004caa:	2401      	movs	r4, #1
10004cac:	4240      	negs	r0, r0
10004cae:	e006      	b.n	10004cbe <critical_factorization+0x2e>
10004cb0:	1a22      	subs	r2, r4, r0
10004cb2:	4690      	mov	r8, r2
10004cb4:	0026      	movs	r6, r4
10004cb6:	2501      	movs	r5, #1
10004cb8:	1974      	adds	r4, r6, r5
10004cba:	42a1      	cmp	r1, r4
10004cbc:	d90d      	bls.n	10004cda <critical_factorization+0x4a>
10004cbe:	181f      	adds	r7, r3, r0
10004cc0:	5d1a      	ldrb	r2, [r3, r4]
10004cc2:	5d7f      	ldrb	r7, [r7, r5]
10004cc4:	42ba      	cmp	r2, r7
10004cc6:	d3f3      	bcc.n	10004cb0 <critical_factorization+0x20>
10004cc8:	d036      	beq.n	10004d38 <critical_factorization+0xa8>
10004cca:	2501      	movs	r5, #1
10004ccc:	2201      	movs	r2, #1
10004cce:	0030      	movs	r0, r6
10004cd0:	3601      	adds	r6, #1
10004cd2:	1974      	adds	r4, r6, r5
10004cd4:	4690      	mov	r8, r2
10004cd6:	42a1      	cmp	r1, r4
10004cd8:	d8f1      	bhi.n	10004cbe <critical_factorization+0x2e>
10004cda:	4644      	mov	r4, r8
10004cdc:	4662      	mov	r2, ip
10004cde:	6014      	str	r4, [r2, #0]
10004ce0:	2201      	movs	r2, #1
10004ce2:	4691      	mov	r9, r2
10004ce4:	3a02      	subs	r2, #2
10004ce6:	2501      	movs	r5, #1
10004ce8:	2600      	movs	r6, #0
10004cea:	4690      	mov	r8, r2
10004cec:	2401      	movs	r4, #1
10004cee:	e007      	b.n	10004d00 <critical_factorization+0x70>
10004cf0:	4642      	mov	r2, r8
10004cf2:	1aa2      	subs	r2, r4, r2
10004cf4:	4691      	mov	r9, r2
10004cf6:	0026      	movs	r6, r4
10004cf8:	2501      	movs	r5, #1
10004cfa:	1974      	adds	r4, r6, r5
10004cfc:	42a1      	cmp	r1, r4
10004cfe:	d90e      	bls.n	10004d1e <critical_factorization+0x8e>
10004d00:	4647      	mov	r7, r8
10004d02:	19df      	adds	r7, r3, r7
10004d04:	5d1a      	ldrb	r2, [r3, r4]
10004d06:	5d7f      	ldrb	r7, [r7, r5]
10004d08:	42ba      	cmp	r2, r7
10004d0a:	d8f1      	bhi.n	10004cf0 <critical_factorization+0x60>
10004d0c:	d018      	beq.n	10004d40 <critical_factorization+0xb0>
10004d0e:	2501      	movs	r5, #1
10004d10:	2201      	movs	r2, #1
10004d12:	46b0      	mov	r8, r6
10004d14:	3601      	adds	r6, #1
10004d16:	1974      	adds	r4, r6, r5
10004d18:	4691      	mov	r9, r2
10004d1a:	42a1      	cmp	r1, r4
10004d1c:	d8f0      	bhi.n	10004d00 <critical_factorization+0x70>
10004d1e:	4643      	mov	r3, r8
10004d20:	3001      	adds	r0, #1
10004d22:	3301      	adds	r3, #1
10004d24:	4283      	cmp	r3, r0
10004d26:	d303      	bcc.n	10004d30 <critical_factorization+0xa0>
10004d28:	4662      	mov	r2, ip
10004d2a:	4649      	mov	r1, r9
10004d2c:	0018      	movs	r0, r3
10004d2e:	6011      	str	r1, [r2, #0]
10004d30:	bcc0      	pop	{r6, r7}
10004d32:	46b9      	mov	r9, r7
10004d34:	46b0      	mov	r8, r6
10004d36:	bdf0      	pop	{r4, r5, r6, r7, pc}
10004d38:	4545      	cmp	r5, r8
10004d3a:	d005      	beq.n	10004d48 <critical_factorization+0xb8>
10004d3c:	3501      	adds	r5, #1
10004d3e:	e7bb      	b.n	10004cb8 <critical_factorization+0x28>
10004d40:	454d      	cmp	r5, r9
10004d42:	d004      	beq.n	10004d4e <critical_factorization+0xbe>
10004d44:	3501      	adds	r5, #1
10004d46:	e7d8      	b.n	10004cfa <critical_factorization+0x6a>
10004d48:	1976      	adds	r6, r6, r5
10004d4a:	2501      	movs	r5, #1
10004d4c:	e7b4      	b.n	10004cb8 <critical_factorization+0x28>
10004d4e:	1976      	adds	r6, r6, r5
10004d50:	2501      	movs	r5, #1
10004d52:	e7d2      	b.n	10004cfa <critical_factorization+0x6a>
10004d54:	2301      	movs	r3, #1
10004d56:	4699      	mov	r9, r3
10004d58:	2300      	movs	r3, #0
10004d5a:	e7e5      	b.n	10004d28 <critical_factorization+0x98>

10004d5c <two_way_long_needle>:
10004d5c:	b5f0      	push	{r4, r5, r6, r7, lr}
10004d5e:	46de      	mov	lr, fp
10004d60:	4657      	mov	r7, sl
10004d62:	4645      	mov	r5, r8
10004d64:	464e      	mov	r6, r9
10004d66:	b5e0      	push	{r5, r6, r7, lr}
10004d68:	4c84      	ldr	r4, [pc, #528]	@ (10004f7c <two_way_long_needle+0x220>)
10004d6a:	4683      	mov	fp, r0
10004d6c:	44a5      	add	sp, r4
10004d6e:	0014      	movs	r4, r2
10004d70:	468a      	mov	sl, r1
10004d72:	aa05      	add	r2, sp, #20
10004d74:	0019      	movs	r1, r3
10004d76:	0020      	movs	r0, r4
10004d78:	001d      	movs	r5, r3
10004d7a:	f7ff ff89 	bl	10004c90 <critical_factorization>
10004d7e:	aaff      	add	r2, sp, #1020	@ 0x3fc
10004d80:	9001      	str	r0, [sp, #4]
10004d82:	ab06      	add	r3, sp, #24
10004d84:	321c      	adds	r2, #28
10004d86:	c320      	stmia	r3!, {r5}
10004d88:	4293      	cmp	r3, r2
10004d8a:	d1fc      	bne.n	10004d86 <two_way_long_needle+0x2a>
10004d8c:	2d00      	cmp	r5, #0
10004d8e:	d00f      	beq.n	10004db0 <two_way_long_needle+0x54>
10004d90:	0023      	movs	r3, r4
10004d92:	46a4      	mov	ip, r4
10004d94:	1e68      	subs	r0, r5, #1
10004d96:	1966      	adds	r6, r4, r5
10004d98:	1820      	adds	r0, r4, r0
10004d9a:	2408      	movs	r4, #8
10004d9c:	781a      	ldrb	r2, [r3, #0]
10004d9e:	af04      	add	r7, sp, #16
10004da0:	1ac1      	subs	r1, r0, r3
10004da2:	0092      	lsls	r2, r2, #2
10004da4:	193f      	adds	r7, r7, r4
10004da6:	3301      	adds	r3, #1
10004da8:	50b9      	str	r1, [r7, r2]
10004daa:	429e      	cmp	r6, r3
10004dac:	d1f5      	bne.n	10004d9a <two_way_long_needle+0x3e>
10004dae:	4664      	mov	r4, ip
10004db0:	9b05      	ldr	r3, [sp, #20]
10004db2:	0020      	movs	r0, r4
10004db4:	9a01      	ldr	r2, [sp, #4]
10004db6:	18e1      	adds	r1, r4, r3
10004db8:	4698      	mov	r8, r3
10004dba:	f7ff ff45 	bl	10004c48 <memcmp>
10004dbe:	2800      	cmp	r0, #0
10004dc0:	d000      	beq.n	10004dc4 <two_way_long_needle+0x68>
10004dc2:	e07a      	b.n	10004eba <two_way_long_needle+0x15e>
10004dc4:	2300      	movs	r3, #0
10004dc6:	4699      	mov	r9, r3
10004dc8:	4653      	mov	r3, sl
10004dca:	1b59      	subs	r1, r3, r5
10004dcc:	2380      	movs	r3, #128	@ 0x80
10004dce:	011b      	lsls	r3, r3, #4
10004dd0:	432b      	orrs	r3, r5
10004dd2:	9303      	str	r3, [sp, #12]
10004dd4:	002b      	movs	r3, r5
10004dd6:	1e6f      	subs	r7, r5, #1
10004dd8:	2600      	movs	r6, #0
10004dda:	464d      	mov	r5, r9
10004ddc:	0008      	movs	r0, r1
10004dde:	4699      	mov	r9, r3
10004de0:	9402      	str	r4, [sp, #8]
10004de2:	e008      	b.n	10004df6 <two_way_long_needle+0x9a>
10004de4:	2d00      	cmp	r5, #0
10004de6:	d004      	beq.n	10004df2 <two_way_long_needle+0x96>
10004de8:	4598      	cmp	r8, r3
10004dea:	d902      	bls.n	10004df2 <two_way_long_needle+0x96>
10004dec:	464b      	mov	r3, r9
10004dee:	4642      	mov	r2, r8
10004df0:	1a9b      	subs	r3, r3, r2
10004df2:	2500      	movs	r5, #0
10004df4:	18f6      	adds	r6, r6, r3
10004df6:	42b0      	cmp	r0, r6
10004df8:	d324      	bcc.n	10004e44 <two_way_long_needle+0xe8>
10004dfa:	465b      	mov	r3, fp
10004dfc:	2408      	movs	r4, #8
10004dfe:	1999      	adds	r1, r3, r6
10004e00:	5dcb      	ldrb	r3, [r1, r7]
10004e02:	aa04      	add	r2, sp, #16
10004e04:	009b      	lsls	r3, r3, #2
10004e06:	1912      	adds	r2, r2, r4
10004e08:	58d3      	ldr	r3, [r2, r3]
10004e0a:	2b00      	cmp	r3, #0
10004e0c:	d1ea      	bne.n	10004de4 <two_way_long_needle+0x88>
10004e0e:	9a01      	ldr	r2, [sp, #4]
10004e10:	002b      	movs	r3, r5
10004e12:	4295      	cmp	r5, r2
10004e14:	d200      	bcs.n	10004e18 <two_way_long_needle+0xbc>
10004e16:	0013      	movs	r3, r2
10004e18:	429f      	cmp	r7, r3
10004e1a:	d92a      	bls.n	10004e72 <two_way_long_needle+0x116>
10004e1c:	4684      	mov	ip, r0
10004e1e:	9c02      	ldr	r4, [sp, #8]
10004e20:	0008      	movs	r0, r1
10004e22:	e002      	b.n	10004e2a <two_way_long_needle+0xce>
10004e24:	3301      	adds	r3, #1
10004e26:	429f      	cmp	r7, r3
10004e28:	d020      	beq.n	10004e6c <two_way_long_needle+0x110>
10004e2a:	5ce1      	ldrb	r1, [r4, r3]
10004e2c:	5cc2      	ldrb	r2, [r0, r3]
10004e2e:	4291      	cmp	r1, r2
10004e30:	d0f8      	beq.n	10004e24 <two_way_long_needle+0xc8>
10004e32:	0001      	movs	r1, r0
10004e34:	9402      	str	r4, [sp, #8]
10004e36:	4660      	mov	r0, ip
10004e38:	429f      	cmp	r7, r3
10004e3a:	d91a      	bls.n	10004e72 <two_way_long_needle+0x116>
10004e3c:	9a01      	ldr	r2, [sp, #4]
10004e3e:	1ab6      	subs	r6, r6, r2
10004e40:	3601      	adds	r6, #1
10004e42:	e7d6      	b.n	10004df2 <two_way_long_needle+0x96>
10004e44:	4658      	mov	r0, fp
10004e46:	9903      	ldr	r1, [sp, #12]
10004e48:	4450      	add	r0, sl
10004e4a:	f000 fb57 	bl	100054fc <strnlen>
10004e4e:	4482      	add	sl, r0
10004e50:	4653      	mov	r3, sl
10004e52:	464a      	mov	r2, r9
10004e54:	1a98      	subs	r0, r3, r2
10004e56:	42b0      	cmp	r0, r6
10004e58:	d2cf      	bcs.n	10004dfa <two_way_long_needle+0x9e>
10004e5a:	2000      	movs	r0, #0
10004e5c:	4b48      	ldr	r3, [pc, #288]	@ (10004f80 <two_way_long_needle+0x224>)
10004e5e:	449d      	add	sp, r3
10004e60:	bcf0      	pop	{r4, r5, r6, r7}
10004e62:	46bb      	mov	fp, r7
10004e64:	46b2      	mov	sl, r6
10004e66:	46a9      	mov	r9, r5
10004e68:	46a0      	mov	r8, r4
10004e6a:	bdf0      	pop	{r4, r5, r6, r7, pc}
10004e6c:	0001      	movs	r1, r0
10004e6e:	4660      	mov	r0, ip
10004e70:	9402      	str	r4, [sp, #8]
10004e72:	9a01      	ldr	r2, [sp, #4]
10004e74:	1e53      	subs	r3, r2, #1
10004e76:	4295      	cmp	r5, r2
10004e78:	d27d      	bcs.n	10004f76 <two_way_long_needle+0x21a>
10004e7a:	4684      	mov	ip, r0
10004e7c:	9c02      	ldr	r4, [sp, #8]
10004e7e:	0008      	movs	r0, r1
10004e80:	e003      	b.n	10004e8a <two_way_long_needle+0x12e>
10004e82:	1e5a      	subs	r2, r3, #1
10004e84:	429d      	cmp	r5, r3
10004e86:	d010      	beq.n	10004eaa <two_way_long_needle+0x14e>
10004e88:	0013      	movs	r3, r2
10004e8a:	5ce1      	ldrb	r1, [r4, r3]
10004e8c:	5cc2      	ldrb	r2, [r0, r3]
10004e8e:	4291      	cmp	r1, r2
10004e90:	d0f7      	beq.n	10004e82 <two_way_long_needle+0x126>
10004e92:	0001      	movs	r1, r0
10004e94:	4660      	mov	r0, ip
10004e96:	9402      	str	r4, [sp, #8]
10004e98:	3301      	adds	r3, #1
10004e9a:	3501      	adds	r5, #1
10004e9c:	429d      	cmp	r5, r3
10004e9e:	d80a      	bhi.n	10004eb6 <two_way_long_needle+0x15a>
10004ea0:	464b      	mov	r3, r9
10004ea2:	4642      	mov	r2, r8
10004ea4:	4446      	add	r6, r8
10004ea6:	1a9d      	subs	r5, r3, r2
10004ea8:	e7a5      	b.n	10004df6 <two_way_long_needle+0x9a>
10004eaa:	3501      	adds	r5, #1
10004eac:	0001      	movs	r1, r0
10004eae:	9402      	str	r4, [sp, #8]
10004eb0:	4660      	mov	r0, ip
10004eb2:	429d      	cmp	r5, r3
10004eb4:	d9f4      	bls.n	10004ea0 <two_way_long_needle+0x144>
10004eb6:	0008      	movs	r0, r1
10004eb8:	e7d0      	b.n	10004e5c <two_way_long_needle+0x100>
10004eba:	9a01      	ldr	r2, [sp, #4]
10004ebc:	1aab      	subs	r3, r5, r2
10004ebe:	4293      	cmp	r3, r2
10004ec0:	d357      	bcc.n	10004f72 <two_way_long_needle+0x216>
10004ec2:	3301      	adds	r3, #1
10004ec4:	9303      	str	r3, [sp, #12]
10004ec6:	9305      	str	r3, [sp, #20]
10004ec8:	4653      	mov	r3, sl
10004eca:	1b59      	subs	r1, r3, r5
10004ecc:	2380      	movs	r3, #128	@ 0x80
10004ece:	011b      	lsls	r3, r3, #4
10004ed0:	432b      	orrs	r3, r5
10004ed2:	4699      	mov	r9, r3
10004ed4:	1e6b      	subs	r3, r5, #1
10004ed6:	2600      	movs	r6, #0
10004ed8:	0008      	movs	r0, r1
10004eda:	001f      	movs	r7, r3
10004edc:	9402      	str	r4, [sp, #8]
10004ede:	42b0      	cmp	r0, r6
10004ee0:	d30c      	bcc.n	10004efc <two_way_long_needle+0x1a0>
10004ee2:	465b      	mov	r3, fp
10004ee4:	2408      	movs	r4, #8
10004ee6:	1999      	adds	r1, r3, r6
10004ee8:	5dcb      	ldrb	r3, [r1, r7]
10004eea:	aa04      	add	r2, sp, #16
10004eec:	009b      	lsls	r3, r3, #2
10004eee:	1912      	adds	r2, r2, r4
10004ef0:	58d3      	ldr	r3, [r2, r3]
10004ef2:	2b00      	cmp	r3, #0
10004ef4:	d00d      	beq.n	10004f12 <two_way_long_needle+0x1b6>
10004ef6:	18f6      	adds	r6, r6, r3
10004ef8:	42b0      	cmp	r0, r6
10004efa:	d2f2      	bcs.n	10004ee2 <two_way_long_needle+0x186>
10004efc:	4658      	mov	r0, fp
10004efe:	4649      	mov	r1, r9
10004f00:	4450      	add	r0, sl
10004f02:	f000 fafb 	bl	100054fc <strnlen>
10004f06:	4482      	add	sl, r0
10004f08:	4653      	mov	r3, sl
10004f0a:	1b58      	subs	r0, r3, r5
10004f0c:	42b0      	cmp	r0, r6
10004f0e:	d2e8      	bcs.n	10004ee2 <two_way_long_needle+0x186>
10004f10:	e7a3      	b.n	10004e5a <two_way_long_needle+0xfe>
10004f12:	9a01      	ldr	r2, [sp, #4]
10004f14:	0013      	movs	r3, r2
10004f16:	42ba      	cmp	r2, r7
10004f18:	d217      	bcs.n	10004f4a <two_way_long_needle+0x1ee>
10004f1a:	4684      	mov	ip, r0
10004f1c:	9c02      	ldr	r4, [sp, #8]
10004f1e:	0008      	movs	r0, r1
10004f20:	e002      	b.n	10004f28 <two_way_long_needle+0x1cc>
10004f22:	3301      	adds	r3, #1
10004f24:	42bb      	cmp	r3, r7
10004f26:	d00d      	beq.n	10004f44 <two_way_long_needle+0x1e8>
10004f28:	5ce1      	ldrb	r1, [r4, r3]
10004f2a:	5cc2      	ldrb	r2, [r0, r3]
10004f2c:	4291      	cmp	r1, r2
10004f2e:	d0f8      	beq.n	10004f22 <two_way_long_needle+0x1c6>
10004f30:	0001      	movs	r1, r0
10004f32:	9402      	str	r4, [sp, #8]
10004f34:	4660      	mov	r0, ip
10004f36:	429f      	cmp	r7, r3
10004f38:	d907      	bls.n	10004f4a <two_way_long_needle+0x1ee>
10004f3a:	9a01      	ldr	r2, [sp, #4]
10004f3c:	1ab6      	subs	r6, r6, r2
10004f3e:	3601      	adds	r6, #1
10004f40:	18f6      	adds	r6, r6, r3
10004f42:	e7d9      	b.n	10004ef8 <two_way_long_needle+0x19c>
10004f44:	0001      	movs	r1, r0
10004f46:	4660      	mov	r0, ip
10004f48:	9402      	str	r4, [sp, #8]
10004f4a:	9b01      	ldr	r3, [sp, #4]
10004f4c:	3b01      	subs	r3, #1
10004f4e:	d3b2      	bcc.n	10004eb6 <two_way_long_needle+0x15a>
10004f50:	4684      	mov	ip, r0
10004f52:	9c02      	ldr	r4, [sp, #8]
10004f54:	0008      	movs	r0, r1
10004f56:	e002      	b.n	10004f5e <two_way_long_needle+0x202>
10004f58:	3b01      	subs	r3, #1
10004f5a:	d200      	bcs.n	10004f5e <two_way_long_needle+0x202>
10004f5c:	e77e      	b.n	10004e5c <two_way_long_needle+0x100>
10004f5e:	5ce1      	ldrb	r1, [r4, r3]
10004f60:	5cc2      	ldrb	r2, [r0, r3]
10004f62:	4291      	cmp	r1, r2
10004f64:	d0f8      	beq.n	10004f58 <two_way_long_needle+0x1fc>
10004f66:	9b03      	ldr	r3, [sp, #12]
10004f68:	4660      	mov	r0, ip
10004f6a:	469c      	mov	ip, r3
10004f6c:	9402      	str	r4, [sp, #8]
10004f6e:	4466      	add	r6, ip
10004f70:	e7b5      	b.n	10004ede <two_way_long_needle+0x182>
10004f72:	0013      	movs	r3, r2
10004f74:	e7a5      	b.n	10004ec2 <two_way_long_needle+0x166>
10004f76:	0013      	movs	r3, r2
10004f78:	e78f      	b.n	10004e9a <two_way_long_needle+0x13e>
10004f7a:	46c0      	nop			@ (mov r8, r8)
10004f7c:	fffffbe4 	.word	0xfffffbe4
10004f80:	0000041c 	.word	0x0000041c

10004f84 <strstr>:
10004f84:	b5f0      	push	{r4, r5, r6, r7, lr}
10004f86:	46ce      	mov	lr, r9
10004f88:	4647      	mov	r7, r8
10004f8a:	b580      	push	{r7, lr}
10004f8c:	000e      	movs	r6, r1
10004f8e:	7809      	ldrb	r1, [r1, #0]
10004f90:	0005      	movs	r5, r0
10004f92:	0004      	movs	r4, r0
10004f94:	b091      	sub	sp, #68	@ 0x44
10004f96:	2900      	cmp	r1, #0
10004f98:	d058      	beq.n	1000504c <strstr+0xc8>
10004f9a:	7872      	ldrb	r2, [r6, #1]
10004f9c:	2a00      	cmp	r2, #0
10004f9e:	d100      	bne.n	10004fa2 <strstr+0x1e>
10004fa0:	e078      	b.n	10005094 <strstr+0x110>
10004fa2:	78b0      	ldrb	r0, [r6, #2]
10004fa4:	2800      	cmp	r0, #0
10004fa6:	d057      	beq.n	10005058 <strstr+0xd4>
10004fa8:	0213      	lsls	r3, r2, #8
10004faa:	430b      	orrs	r3, r1
10004fac:	0407      	lsls	r7, r0, #16
10004fae:	431f      	orrs	r7, r3
10004fb0:	78f3      	ldrb	r3, [r6, #3]
10004fb2:	469c      	mov	ip, r3
10004fb4:	061b      	lsls	r3, r3, #24
10004fb6:	433b      	orrs	r3, r7
10004fb8:	4667      	mov	r7, ip
10004fba:	2f00      	cmp	r7, #0
10004fbc:	d100      	bne.n	10004fc0 <strstr+0x3c>
10004fbe:	e080      	b.n	100050c2 <strstr+0x13e>
10004fc0:	7932      	ldrb	r2, [r6, #4]
10004fc2:	2a00      	cmp	r2, #0
10004fc4:	d06a      	beq.n	1000509c <strstr+0x118>
10004fc6:	0030      	movs	r0, r6
10004fc8:	f000 f8c4 	bl	10005154 <strlen>
10004fcc:	2180      	movs	r1, #128	@ 0x80
10004fce:	0089      	lsls	r1, r1, #2
10004fd0:	0007      	movs	r7, r0
10004fd2:	4301      	orrs	r1, r0
10004fd4:	0028      	movs	r0, r5
10004fd6:	f000 fa91 	bl	100054fc <strnlen>
10004fda:	4287      	cmp	r7, r0
10004fdc:	d84a      	bhi.n	10005074 <strstr+0xf0>
10004fde:	2ffe      	cmp	r7, #254	@ 0xfe
10004fe0:	d900      	bls.n	10004fe4 <strstr+0x60>
10004fe2:	e085      	b.n	100050f0 <strstr+0x16c>
10004fe4:	1bc0      	subs	r0, r0, r7
10004fe6:	4680      	mov	r8, r0
10004fe8:	2240      	movs	r2, #64	@ 0x40
10004fea:	4668      	mov	r0, sp
10004fec:	1c79      	adds	r1, r7, #1
10004fee:	44a8      	add	r8, r5
10004ff0:	f7fd ff1c 	bl	10002e2c <__wrap_memset>
10004ff4:	2f00      	cmp	r7, #0
10004ff6:	d00f      	beq.n	10005018 <strstr+0x94>
10004ff8:	19ba      	adds	r2, r7, r6
10004ffa:	4694      	mov	ip, r2
10004ffc:	223f      	movs	r2, #63	@ 0x3f
10004ffe:	0033      	movs	r3, r6
10005000:	4691      	mov	r9, r2
10005002:	b2f8      	uxtb	r0, r7
10005004:	1830      	adds	r0, r6, r0
10005006:	4649      	mov	r1, r9
10005008:	466c      	mov	r4, sp
1000500a:	781a      	ldrb	r2, [r3, #0]
1000500c:	400a      	ands	r2, r1
1000500e:	1ac1      	subs	r1, r0, r3
10005010:	3301      	adds	r3, #1
10005012:	54a1      	strb	r1, [r4, r2]
10005014:	459c      	cmp	ip, r3
10005016:	d1f6      	bne.n	10005006 <strstr+0x82>
10005018:	002c      	movs	r4, r5
1000501a:	253f      	movs	r5, #63	@ 0x3f
1000501c:	466a      	mov	r2, sp
1000501e:	3c01      	subs	r4, #1
10005020:	5de3      	ldrb	r3, [r4, r7]
10005022:	402b      	ands	r3, r5
10005024:	5cd3      	ldrb	r3, [r2, r3]
10005026:	18e4      	adds	r4, r4, r3
10005028:	45a0      	cmp	r8, r4
1000502a:	d203      	bcs.n	10005034 <strstr+0xb0>
1000502c:	e024      	b.n	10005078 <strstr+0xf4>
1000502e:	444c      	add	r4, r9
10005030:	45a0      	cmp	r8, r4
10005032:	d321      	bcc.n	10005078 <strstr+0xf4>
10005034:	466a      	mov	r2, sp
10005036:	5de3      	ldrb	r3, [r4, r7]
10005038:	0031      	movs	r1, r6
1000503a:	402b      	ands	r3, r5
1000503c:	5cd3      	ldrb	r3, [r2, r3]
1000503e:	0020      	movs	r0, r4
10005040:	003a      	movs	r2, r7
10005042:	4699      	mov	r9, r3
10005044:	f7ff fe00 	bl	10004c48 <memcmp>
10005048:	2800      	cmp	r0, #0
1000504a:	d1f0      	bne.n	1000502e <strstr+0xaa>
1000504c:	0020      	movs	r0, r4
1000504e:	b011      	add	sp, #68	@ 0x44
10005050:	bcc0      	pop	{r6, r7}
10005052:	46b9      	mov	r9, r7
10005054:	46b0      	mov	r8, r6
10005056:	bdf0      	pop	{r4, r5, r6, r7, pc}
10005058:	0409      	lsls	r1, r1, #16
1000505a:	4311      	orrs	r1, r2
1000505c:	2300      	movs	r3, #0
1000505e:	782a      	ldrb	r2, [r5, #0]
10005060:	e006      	b.n	10005070 <strstr+0xec>
10005062:	002c      	movs	r4, r5
10005064:	041b      	lsls	r3, r3, #16
10005066:	3501      	adds	r5, #1
10005068:	4313      	orrs	r3, r2
1000506a:	782a      	ldrb	r2, [r5, #0]
1000506c:	4299      	cmp	r1, r3
1000506e:	d03d      	beq.n	100050ec <strstr+0x168>
10005070:	2a00      	cmp	r2, #0
10005072:	d1f6      	bne.n	10005062 <strstr+0xde>
10005074:	2400      	movs	r4, #0
10005076:	e7e9      	b.n	1000504c <strstr+0xc8>
10005078:	4643      	mov	r3, r8
1000507a:	19d8      	adds	r0, r3, r7
1000507c:	5ddb      	ldrb	r3, [r3, r7]
1000507e:	2b00      	cmp	r3, #0
10005080:	d0f8      	beq.n	10005074 <strstr+0xf0>
10005082:	2180      	movs	r1, #128	@ 0x80
10005084:	0109      	lsls	r1, r1, #4
10005086:	f000 fa39 	bl	100054fc <strnlen>
1000508a:	4480      	add	r8, r0
1000508c:	45a0      	cmp	r8, r4
1000508e:	d2c5      	bcs.n	1000501c <strstr+0x98>
10005090:	2400      	movs	r4, #0
10005092:	e7db      	b.n	1000504c <strstr+0xc8>
10005094:	f000 f9d0 	bl	10005438 <strchr>
10005098:	0004      	movs	r4, r0
1000509a:	e7d7      	b.n	1000504c <strstr+0xc8>
1000509c:	782a      	ldrb	r2, [r5, #0]
1000509e:	2a00      	cmp	r2, #0
100050a0:	d0e8      	beq.n	10005074 <strstr+0xf0>
100050a2:	ba19      	rev	r1, r3
100050a4:	2300      	movs	r3, #0
100050a6:	e001      	b.n	100050ac <strstr+0x128>
100050a8:	428b      	cmp	r3, r1
100050aa:	d008      	beq.n	100050be <strstr+0x13a>
100050ac:	002c      	movs	r4, r5
100050ae:	021b      	lsls	r3, r3, #8
100050b0:	3501      	adds	r5, #1
100050b2:	4313      	orrs	r3, r2
100050b4:	782a      	ldrb	r2, [r5, #0]
100050b6:	2a00      	cmp	r2, #0
100050b8:	d1f6      	bne.n	100050a8 <strstr+0x124>
100050ba:	428b      	cmp	r3, r1
100050bc:	d1da      	bne.n	10005074 <strstr+0xf0>
100050be:	3c03      	subs	r4, #3
100050c0:	e7c4      	b.n	1000504c <strstr+0xc8>
100050c2:	0412      	lsls	r2, r2, #16
100050c4:	0609      	lsls	r1, r1, #24
100050c6:	4311      	orrs	r1, r2
100050c8:	782a      	ldrb	r2, [r5, #0]
100050ca:	0200      	lsls	r0, r0, #8
100050cc:	4301      	orrs	r1, r0
100050ce:	2a00      	cmp	r2, #0
100050d0:	d0d0      	beq.n	10005074 <strstr+0xf0>
100050d2:	2300      	movs	r3, #0
100050d4:	e001      	b.n	100050da <strstr+0x156>
100050d6:	2a00      	cmp	r2, #0
100050d8:	d0cc      	beq.n	10005074 <strstr+0xf0>
100050da:	002c      	movs	r4, r5
100050dc:	4313      	orrs	r3, r2
100050de:	3501      	adds	r5, #1
100050e0:	021b      	lsls	r3, r3, #8
100050e2:	782a      	ldrb	r2, [r5, #0]
100050e4:	4299      	cmp	r1, r3
100050e6:	d1f6      	bne.n	100050d6 <strstr+0x152>
100050e8:	3c02      	subs	r4, #2
100050ea:	e7af      	b.n	1000504c <strstr+0xc8>
100050ec:	3c01      	subs	r4, #1
100050ee:	e7ad      	b.n	1000504c <strstr+0xc8>
100050f0:	0001      	movs	r1, r0
100050f2:	003b      	movs	r3, r7
100050f4:	0032      	movs	r2, r6
100050f6:	0028      	movs	r0, r5
100050f8:	f7ff fe30 	bl	10004d5c <two_way_long_needle>
100050fc:	0004      	movs	r4, r0
100050fe:	e7a5      	b.n	1000504c <strstr+0xc8>

10005100 <_sbrk_r>:
10005100:	2300      	movs	r3, #0
10005102:	b570      	push	{r4, r5, r6, lr}
10005104:	4c06      	ldr	r4, [pc, #24]	@ (10005120 <_sbrk_r+0x20>)
10005106:	0005      	movs	r5, r0
10005108:	0008      	movs	r0, r1
1000510a:	6023      	str	r3, [r4, #0]
1000510c:	f7fe ff92 	bl	10004034 <_sbrk>
10005110:	1c43      	adds	r3, r0, #1
10005112:	d000      	beq.n	10005116 <_sbrk_r+0x16>
10005114:	bd70      	pop	{r4, r5, r6, pc}
10005116:	6823      	ldr	r3, [r4, #0]
10005118:	2b00      	cmp	r3, #0
1000511a:	d0fb      	beq.n	10005114 <_sbrk_r+0x14>
1000511c:	602b      	str	r3, [r5, #0]
1000511e:	e7f9      	b.n	10005114 <_sbrk_r+0x14>
10005120:	20000b78 	.word	0x20000b78

10005124 <__errno>:
10005124:	4b01      	ldr	r3, [pc, #4]	@ (1000512c <__errno+0x8>)
10005126:	6818      	ldr	r0, [r3, #0]
10005128:	4770      	bx	lr
1000512a:	46c0      	nop			@ (mov r8, r8)
1000512c:	200006f8 	.word	0x200006f8

10005130 <__retarget_lock_acquire_recursive>:
10005130:	4770      	bx	lr
10005132:	46c0      	nop			@ (mov r8, r8)

10005134 <__retarget_lock_release_recursive>:
10005134:	4770      	bx	lr
10005136:	46c0      	nop			@ (mov r8, r8)

10005138 <sysconf>:
10005138:	2380      	movs	r3, #128	@ 0x80
1000513a:	b510      	push	{r4, lr}
1000513c:	015b      	lsls	r3, r3, #5
1000513e:	2808      	cmp	r0, #8
10005140:	d101      	bne.n	10005146 <sysconf+0xe>
10005142:	0018      	movs	r0, r3
10005144:	bd10      	pop	{r4, pc}
10005146:	f7ff ffed 	bl	10005124 <__errno>
1000514a:	2316      	movs	r3, #22
1000514c:	6003      	str	r3, [r0, #0]
1000514e:	3b17      	subs	r3, #23
10005150:	e7f7      	b.n	10005142 <sysconf+0xa>
10005152:	46c0      	nop			@ (mov r8, r8)

10005154 <strlen>:
10005154:	b510      	push	{r4, lr}
10005156:	0783      	lsls	r3, r0, #30
10005158:	d00a      	beq.n	10005170 <strlen+0x1c>
1000515a:	0003      	movs	r3, r0
1000515c:	2103      	movs	r1, #3
1000515e:	e002      	b.n	10005166 <strlen+0x12>
10005160:	3301      	adds	r3, #1
10005162:	420b      	tst	r3, r1
10005164:	d005      	beq.n	10005172 <strlen+0x1e>
10005166:	781a      	ldrb	r2, [r3, #0]
10005168:	2a00      	cmp	r2, #0
1000516a:	d1f9      	bne.n	10005160 <strlen+0xc>
1000516c:	1a18      	subs	r0, r3, r0
1000516e:	bd10      	pop	{r4, pc}
10005170:	0003      	movs	r3, r0
10005172:	6819      	ldr	r1, [r3, #0]
10005174:	4a0c      	ldr	r2, [pc, #48]	@ (100051a8 <strlen+0x54>)
10005176:	4c0d      	ldr	r4, [pc, #52]	@ (100051ac <strlen+0x58>)
10005178:	188a      	adds	r2, r1, r2
1000517a:	438a      	bics	r2, r1
1000517c:	4222      	tst	r2, r4
1000517e:	d10f      	bne.n	100051a0 <strlen+0x4c>
10005180:	6859      	ldr	r1, [r3, #4]
10005182:	4a09      	ldr	r2, [pc, #36]	@ (100051a8 <strlen+0x54>)
10005184:	3304      	adds	r3, #4
10005186:	188a      	adds	r2, r1, r2
10005188:	438a      	bics	r2, r1
1000518a:	4222      	tst	r2, r4
1000518c:	d108      	bne.n	100051a0 <strlen+0x4c>
1000518e:	6859      	ldr	r1, [r3, #4]
10005190:	4a05      	ldr	r2, [pc, #20]	@ (100051a8 <strlen+0x54>)
10005192:	3304      	adds	r3, #4
10005194:	188a      	adds	r2, r1, r2
10005196:	438a      	bics	r2, r1
10005198:	4222      	tst	r2, r4
1000519a:	d0f1      	beq.n	10005180 <strlen+0x2c>
1000519c:	e000      	b.n	100051a0 <strlen+0x4c>
1000519e:	3301      	adds	r3, #1
100051a0:	781a      	ldrb	r2, [r3, #0]
100051a2:	2a00      	cmp	r2, #0
100051a4:	d1fb      	bne.n	1000519e <strlen+0x4a>
100051a6:	e7e1      	b.n	1000516c <strlen+0x18>
100051a8:	fefefeff 	.word	0xfefefeff
100051ac:	80808080 	.word	0x80808080

100051b0 <_malloc_trim_r>:
100051b0:	b5f0      	push	{r4, r5, r6, r7, lr}
100051b2:	46c6      	mov	lr, r8
100051b4:	0006      	movs	r6, r0
100051b6:	b500      	push	{lr}
100051b8:	2008      	movs	r0, #8
100051ba:	000d      	movs	r5, r1
100051bc:	f7ff ffbc 	bl	10005138 <sysconf>
100051c0:	0004      	movs	r4, r0
100051c2:	0030      	movs	r0, r6
100051c4:	f7ff fd30 	bl	10004c28 <__malloc_lock>
100051c8:	4b23      	ldr	r3, [pc, #140]	@ (10005258 <_malloc_trim_r+0xa8>)
100051ca:	0021      	movs	r1, r4
100051cc:	4698      	mov	r8, r3
100051ce:	689b      	ldr	r3, [r3, #8]
100051d0:	685f      	ldr	r7, [r3, #4]
100051d2:	2303      	movs	r3, #3
100051d4:	439f      	bics	r7, r3
100051d6:	0038      	movs	r0, r7
100051d8:	3811      	subs	r0, #17
100051da:	1b40      	subs	r0, r0, r5
100051dc:	1900      	adds	r0, r0, r4
100051de:	f7fd fa07 	bl	100025f0 <__wrap___aeabi_uidiv>
100051e2:	1e45      	subs	r5, r0, #1
100051e4:	4365      	muls	r5, r4
100051e6:	42ac      	cmp	r4, r5
100051e8:	dc08      	bgt.n	100051fc <_malloc_trim_r+0x4c>
100051ea:	2100      	movs	r1, #0
100051ec:	0030      	movs	r0, r6
100051ee:	f7ff ff87 	bl	10005100 <_sbrk_r>
100051f2:	4643      	mov	r3, r8
100051f4:	689b      	ldr	r3, [r3, #8]
100051f6:	19db      	adds	r3, r3, r7
100051f8:	4298      	cmp	r0, r3
100051fa:	d006      	beq.n	1000520a <_malloc_trim_r+0x5a>
100051fc:	0030      	movs	r0, r6
100051fe:	f7ff fd1b 	bl	10004c38 <__malloc_unlock>
10005202:	2000      	movs	r0, #0
10005204:	bc80      	pop	{r7}
10005206:	46b8      	mov	r8, r7
10005208:	bdf0      	pop	{r4, r5, r6, r7, pc}
1000520a:	0030      	movs	r0, r6
1000520c:	4269      	negs	r1, r5
1000520e:	f7ff ff77 	bl	10005100 <_sbrk_r>
10005212:	3001      	adds	r0, #1
10005214:	d00e      	beq.n	10005234 <_malloc_trim_r+0x84>
10005216:	2201      	movs	r2, #1
10005218:	4643      	mov	r3, r8
1000521a:	1b7f      	subs	r7, r7, r5
1000521c:	689b      	ldr	r3, [r3, #8]
1000521e:	4317      	orrs	r7, r2
10005220:	4a0e      	ldr	r2, [pc, #56]	@ (1000525c <_malloc_trim_r+0xac>)
10005222:	605f      	str	r7, [r3, #4]
10005224:	6813      	ldr	r3, [r2, #0]
10005226:	0030      	movs	r0, r6
10005228:	1b5b      	subs	r3, r3, r5
1000522a:	6013      	str	r3, [r2, #0]
1000522c:	f7ff fd04 	bl	10004c38 <__malloc_unlock>
10005230:	2001      	movs	r0, #1
10005232:	e7e7      	b.n	10005204 <_malloc_trim_r+0x54>
10005234:	2100      	movs	r1, #0
10005236:	0030      	movs	r0, r6
10005238:	f7ff ff62 	bl	10005100 <_sbrk_r>
1000523c:	4643      	mov	r3, r8
1000523e:	689a      	ldr	r2, [r3, #8]
10005240:	1a83      	subs	r3, r0, r2
10005242:	2b0f      	cmp	r3, #15
10005244:	ddda      	ble.n	100051fc <_malloc_trim_r+0x4c>
10005246:	4c06      	ldr	r4, [pc, #24]	@ (10005260 <_malloc_trim_r+0xb0>)
10005248:	4904      	ldr	r1, [pc, #16]	@ (1000525c <_malloc_trim_r+0xac>)
1000524a:	6824      	ldr	r4, [r4, #0]
1000524c:	1b00      	subs	r0, r0, r4
1000524e:	6008      	str	r0, [r1, #0]
10005250:	2101      	movs	r1, #1
10005252:	430b      	orrs	r3, r1
10005254:	6053      	str	r3, [r2, #4]
10005256:	e7d1      	b.n	100051fc <_malloc_trim_r+0x4c>
10005258:	200002f0 	.word	0x200002f0
1000525c:	200009cc 	.word	0x200009cc
10005260:	200002e8 	.word	0x200002e8

10005264 <_free_r>:
10005264:	b5f8      	push	{r3, r4, r5, r6, r7, lr}
10005266:	46ce      	mov	lr, r9
10005268:	4647      	mov	r7, r8
1000526a:	0005      	movs	r5, r0
1000526c:	000c      	movs	r4, r1
1000526e:	b580      	push	{r7, lr}
10005270:	2900      	cmp	r1, #0
10005272:	d057      	beq.n	10005324 <_free_r+0xc0>
10005274:	f7ff fcd8 	bl	10004c28 <__malloc_lock>
10005278:	2301      	movs	r3, #1
1000527a:	0021      	movs	r1, r4
1000527c:	469c      	mov	ip, r3
1000527e:	3908      	subs	r1, #8
10005280:	6848      	ldr	r0, [r1, #4]
10005282:	4662      	mov	r2, ip
10005284:	0003      	movs	r3, r0
10005286:	2403      	movs	r4, #3
10005288:	4393      	bics	r3, r2
1000528a:	18cf      	adds	r7, r1, r3
1000528c:	687a      	ldr	r2, [r7, #4]
1000528e:	4e65      	ldr	r6, [pc, #404]	@ (10005424 <_free_r+0x1c0>)
10005290:	43a2      	bics	r2, r4
10005292:	68b4      	ldr	r4, [r6, #8]
10005294:	42bc      	cmp	r4, r7
10005296:	d100      	bne.n	1000529a <_free_r+0x36>
10005298:	e070      	b.n	1000537c <_free_r+0x118>
1000529a:	18bc      	adds	r4, r7, r2
1000529c:	46a1      	mov	r9, r4
1000529e:	4664      	mov	r4, ip
100052a0:	607a      	str	r2, [r7, #4]
100052a2:	4204      	tst	r4, r0
100052a4:	d121      	bne.n	100052ea <_free_r+0x86>
100052a6:	6808      	ldr	r0, [r1, #0]
100052a8:	1a09      	subs	r1, r1, r0
100052aa:	181b      	adds	r3, r3, r0
100052ac:	6888      	ldr	r0, [r1, #8]
100052ae:	4680      	mov	r8, r0
100052b0:	4648      	mov	r0, r9
100052b2:	6840      	ldr	r0, [r0, #4]
100052b4:	4020      	ands	r0, r4
100052b6:	0034      	movs	r4, r6
100052b8:	3408      	adds	r4, #8
100052ba:	4681      	mov	r9, r0
100052bc:	45a0      	cmp	r8, r4
100052be:	d051      	beq.n	10005364 <_free_r+0x100>
100052c0:	4640      	mov	r0, r8
100052c2:	68cc      	ldr	r4, [r1, #12]
100052c4:	60c4      	str	r4, [r0, #12]
100052c6:	60a0      	str	r0, [r4, #8]
100052c8:	4648      	mov	r0, r9
100052ca:	2800      	cmp	r0, #0
100052cc:	d111      	bne.n	100052f2 <_free_r+0x8e>
100052ce:	189b      	adds	r3, r3, r2
100052d0:	4855      	ldr	r0, [pc, #340]	@ (10005428 <_free_r+0x1c4>)
100052d2:	68ba      	ldr	r2, [r7, #8]
100052d4:	4282      	cmp	r2, r0
100052d6:	d100      	bne.n	100052da <_free_r+0x76>
100052d8:	e07f      	b.n	100053da <_free_r+0x176>
100052da:	68f8      	ldr	r0, [r7, #12]
100052dc:	60d0      	str	r0, [r2, #12]
100052de:	6082      	str	r2, [r0, #8]
100052e0:	2201      	movs	r2, #1
100052e2:	431a      	orrs	r2, r3
100052e4:	604a      	str	r2, [r1, #4]
100052e6:	50cb      	str	r3, [r1, r3]
100052e8:	e007      	b.n	100052fa <_free_r+0x96>
100052ea:	4648      	mov	r0, r9
100052ec:	6840      	ldr	r0, [r0, #4]
100052ee:	4220      	tst	r0, r4
100052f0:	d0ed      	beq.n	100052ce <_free_r+0x6a>
100052f2:	4662      	mov	r2, ip
100052f4:	431a      	orrs	r2, r3
100052f6:	604a      	str	r2, [r1, #4]
100052f8:	603b      	str	r3, [r7, #0]
100052fa:	2280      	movs	r2, #128	@ 0x80
100052fc:	0092      	lsls	r2, r2, #2
100052fe:	4293      	cmp	r3, r2
10005300:	d214      	bcs.n	1000532c <_free_r+0xc8>
10005302:	08da      	lsrs	r2, r3, #3
10005304:	0958      	lsrs	r0, r3, #5
10005306:	2301      	movs	r3, #1
10005308:	4083      	lsls	r3, r0
1000530a:	6870      	ldr	r0, [r6, #4]
1000530c:	4303      	orrs	r3, r0
1000530e:	6073      	str	r3, [r6, #4]
10005310:	00d3      	lsls	r3, r2, #3
10005312:	199b      	adds	r3, r3, r6
10005314:	689a      	ldr	r2, [r3, #8]
10005316:	60cb      	str	r3, [r1, #12]
10005318:	608a      	str	r2, [r1, #8]
1000531a:	6099      	str	r1, [r3, #8]
1000531c:	60d1      	str	r1, [r2, #12]
1000531e:	0028      	movs	r0, r5
10005320:	f7ff fc8a 	bl	10004c38 <__malloc_unlock>
10005324:	bcc0      	pop	{r6, r7}
10005326:	46b9      	mov	r9, r7
10005328:	46b0      	mov	r8, r6
1000532a:	bdf8      	pop	{r3, r4, r5, r6, r7, pc}
1000532c:	0a5c      	lsrs	r4, r3, #9
1000532e:	2c04      	cmp	r4, #4
10005330:	d83d      	bhi.n	100053ae <_free_r+0x14a>
10005332:	099c      	lsrs	r4, r3, #6
10005334:	0020      	movs	r0, r4
10005336:	3439      	adds	r4, #57	@ 0x39
10005338:	3038      	adds	r0, #56	@ 0x38
1000533a:	00e4      	lsls	r4, r4, #3
1000533c:	1934      	adds	r4, r6, r4
1000533e:	6822      	ldr	r2, [r4, #0]
10005340:	3c08      	subs	r4, #8
10005342:	2703      	movs	r7, #3
10005344:	4294      	cmp	r4, r2
10005346:	d103      	bne.n	10005350 <_free_r+0xec>
10005348:	e040      	b.n	100053cc <_free_r+0x168>
1000534a:	6892      	ldr	r2, [r2, #8]
1000534c:	4294      	cmp	r4, r2
1000534e:	d003      	beq.n	10005358 <_free_r+0xf4>
10005350:	6850      	ldr	r0, [r2, #4]
10005352:	43b8      	bics	r0, r7
10005354:	4298      	cmp	r0, r3
10005356:	d8f8      	bhi.n	1000534a <_free_r+0xe6>
10005358:	68d4      	ldr	r4, [r2, #12]
1000535a:	60cc      	str	r4, [r1, #12]
1000535c:	608a      	str	r2, [r1, #8]
1000535e:	60a1      	str	r1, [r4, #8]
10005360:	60d1      	str	r1, [r2, #12]
10005362:	e7dc      	b.n	1000531e <_free_r+0xba>
10005364:	2800      	cmp	r0, #0
10005366:	d158      	bne.n	1000541a <_free_r+0x1b6>
10005368:	68b8      	ldr	r0, [r7, #8]
1000536a:	18d2      	adds	r2, r2, r3
1000536c:	68fb      	ldr	r3, [r7, #12]
1000536e:	60c3      	str	r3, [r0, #12]
10005370:	6098      	str	r0, [r3, #8]
10005372:	4663      	mov	r3, ip
10005374:	4313      	orrs	r3, r2
10005376:	604b      	str	r3, [r1, #4]
10005378:	508a      	str	r2, [r1, r2]
1000537a:	e7d0      	b.n	1000531e <_free_r+0xba>
1000537c:	189a      	adds	r2, r3, r2
1000537e:	4663      	mov	r3, ip
10005380:	4203      	tst	r3, r0
10005382:	d106      	bne.n	10005392 <_free_r+0x12e>
10005384:	680b      	ldr	r3, [r1, #0]
10005386:	1ac9      	subs	r1, r1, r3
10005388:	6888      	ldr	r0, [r1, #8]
1000538a:	18d2      	adds	r2, r2, r3
1000538c:	68cb      	ldr	r3, [r1, #12]
1000538e:	60c3      	str	r3, [r0, #12]
10005390:	6098      	str	r0, [r3, #8]
10005392:	2301      	movs	r3, #1
10005394:	4313      	orrs	r3, r2
10005396:	604b      	str	r3, [r1, #4]
10005398:	4b24      	ldr	r3, [pc, #144]	@ (1000542c <_free_r+0x1c8>)
1000539a:	60b1      	str	r1, [r6, #8]
1000539c:	681b      	ldr	r3, [r3, #0]
1000539e:	4293      	cmp	r3, r2
100053a0:	d8bd      	bhi.n	1000531e <_free_r+0xba>
100053a2:	4b23      	ldr	r3, [pc, #140]	@ (10005430 <_free_r+0x1cc>)
100053a4:	0028      	movs	r0, r5
100053a6:	6819      	ldr	r1, [r3, #0]
100053a8:	f7ff ff02 	bl	100051b0 <_malloc_trim_r>
100053ac:	e7b7      	b.n	1000531e <_free_r+0xba>
100053ae:	2c14      	cmp	r4, #20
100053b0:	d907      	bls.n	100053c2 <_free_r+0x15e>
100053b2:	2c54      	cmp	r4, #84	@ 0x54
100053b4:	d81a      	bhi.n	100053ec <_free_r+0x188>
100053b6:	0b1c      	lsrs	r4, r3, #12
100053b8:	0020      	movs	r0, r4
100053ba:	346f      	adds	r4, #111	@ 0x6f
100053bc:	306e      	adds	r0, #110	@ 0x6e
100053be:	00e4      	lsls	r4, r4, #3
100053c0:	e7bc      	b.n	1000533c <_free_r+0xd8>
100053c2:	0020      	movs	r0, r4
100053c4:	345c      	adds	r4, #92	@ 0x5c
100053c6:	305b      	adds	r0, #91	@ 0x5b
100053c8:	00e4      	lsls	r4, r4, #3
100053ca:	e7b7      	b.n	1000533c <_free_r+0xd8>
100053cc:	2301      	movs	r3, #1
100053ce:	1080      	asrs	r0, r0, #2
100053d0:	4083      	lsls	r3, r0
100053d2:	6870      	ldr	r0, [r6, #4]
100053d4:	4303      	orrs	r3, r0
100053d6:	6073      	str	r3, [r6, #4]
100053d8:	e7bf      	b.n	1000535a <_free_r+0xf6>
100053da:	60d1      	str	r1, [r2, #12]
100053dc:	6091      	str	r1, [r2, #8]
100053de:	60ca      	str	r2, [r1, #12]
100053e0:	608a      	str	r2, [r1, #8]
100053e2:	2201      	movs	r2, #1
100053e4:	431a      	orrs	r2, r3
100053e6:	604a      	str	r2, [r1, #4]
100053e8:	50cb      	str	r3, [r1, r3]
100053ea:	e798      	b.n	1000531e <_free_r+0xba>
100053ec:	22aa      	movs	r2, #170	@ 0xaa
100053ee:	0052      	lsls	r2, r2, #1
100053f0:	4294      	cmp	r4, r2
100053f2:	d805      	bhi.n	10005400 <_free_r+0x19c>
100053f4:	0bdc      	lsrs	r4, r3, #15
100053f6:	0020      	movs	r0, r4
100053f8:	3478      	adds	r4, #120	@ 0x78
100053fa:	3077      	adds	r0, #119	@ 0x77
100053fc:	00e4      	lsls	r4, r4, #3
100053fe:	e79d      	b.n	1000533c <_free_r+0xd8>
10005400:	4a0c      	ldr	r2, [pc, #48]	@ (10005434 <_free_r+0x1d0>)
10005402:	4294      	cmp	r4, r2
10005404:	d805      	bhi.n	10005412 <_free_r+0x1ae>
10005406:	0c9c      	lsrs	r4, r3, #18
10005408:	0020      	movs	r0, r4
1000540a:	347d      	adds	r4, #125	@ 0x7d
1000540c:	307c      	adds	r0, #124	@ 0x7c
1000540e:	00e4      	lsls	r4, r4, #3
10005410:	e794      	b.n	1000533c <_free_r+0xd8>
10005412:	24fe      	movs	r4, #254	@ 0xfe
10005414:	207e      	movs	r0, #126	@ 0x7e
10005416:	00a4      	lsls	r4, r4, #2
10005418:	e790      	b.n	1000533c <_free_r+0xd8>
1000541a:	4662      	mov	r2, ip
1000541c:	431a      	orrs	r2, r3
1000541e:	604a      	str	r2, [r1, #4]
10005420:	603b      	str	r3, [r7, #0]
10005422:	e77c      	b.n	1000531e <_free_r+0xba>
10005424:	200002f0 	.word	0x200002f0
10005428:	200002f8 	.word	0x200002f8
1000542c:	200002ec 	.word	0x200002ec
10005430:	200009fc 	.word	0x200009fc
10005434:	00000554 	.word	0x00000554

10005438 <strchr>:
10005438:	2303      	movs	r3, #3
1000543a:	b2ca      	uxtb	r2, r1
1000543c:	b5f0      	push	{r4, r5, r6, r7, lr}
1000543e:	4003      	ands	r3, r0
10005440:	2a00      	cmp	r2, #0
10005442:	d035      	beq.n	100054b0 <strchr+0x78>
10005444:	2403      	movs	r4, #3
10005446:	2b00      	cmp	r3, #0
10005448:	d12d      	bne.n	100054a6 <strchr+0x6e>
1000544a:	23ff      	movs	r3, #255	@ 0xff
1000544c:	400b      	ands	r3, r1
1000544e:	021d      	lsls	r5, r3, #8
10005450:	18ed      	adds	r5, r5, r3
10005452:	042b      	lsls	r3, r5, #16
10005454:	18ed      	adds	r5, r5, r3
10005456:	002c      	movs	r4, r5
10005458:	6801      	ldr	r1, [r0, #0]
1000545a:	4e26      	ldr	r6, [pc, #152]	@ (100054f4 <strchr+0xbc>)
1000545c:	404c      	eors	r4, r1
1000545e:	198b      	adds	r3, r1, r6
10005460:	438b      	bics	r3, r1
10005462:	19a1      	adds	r1, r4, r6
10005464:	43a1      	bics	r1, r4
10005466:	4e24      	ldr	r6, [pc, #144]	@ (100054f8 <strchr+0xc0>)
10005468:	430b      	orrs	r3, r1
1000546a:	4233      	tst	r3, r6
1000546c:	d111      	bne.n	10005492 <strchr+0x5a>
1000546e:	6841      	ldr	r1, [r0, #4]
10005470:	4f20      	ldr	r7, [pc, #128]	@ (100054f4 <strchr+0xbc>)
10005472:	000c      	movs	r4, r1
10005474:	19cb      	adds	r3, r1, r7
10005476:	406c      	eors	r4, r5
10005478:	438b      	bics	r3, r1
1000547a:	19e1      	adds	r1, r4, r7
1000547c:	43a1      	bics	r1, r4
1000547e:	430b      	orrs	r3, r1
10005480:	3004      	adds	r0, #4
10005482:	4233      	tst	r3, r6
10005484:	d0f3      	beq.n	1000546e <strchr+0x36>
10005486:	7803      	ldrb	r3, [r0, #0]
10005488:	2b00      	cmp	r3, #0
1000548a:	d005      	beq.n	10005498 <strchr+0x60>
1000548c:	429a      	cmp	r2, r3
1000548e:	d004      	beq.n	1000549a <strchr+0x62>
10005490:	3001      	adds	r0, #1
10005492:	7803      	ldrb	r3, [r0, #0]
10005494:	2b00      	cmp	r3, #0
10005496:	d1f9      	bne.n	1000548c <strchr+0x54>
10005498:	2000      	movs	r0, #0
1000549a:	bdf0      	pop	{r4, r5, r6, r7, pc}
1000549c:	4293      	cmp	r3, r2
1000549e:	d0fc      	beq.n	1000549a <strchr+0x62>
100054a0:	3001      	adds	r0, #1
100054a2:	4220      	tst	r0, r4
100054a4:	d0d1      	beq.n	1000544a <strchr+0x12>
100054a6:	7803      	ldrb	r3, [r0, #0]
100054a8:	2b00      	cmp	r3, #0
100054aa:	d1f7      	bne.n	1000549c <strchr+0x64>
100054ac:	2000      	movs	r0, #0
100054ae:	e7f4      	b.n	1000549a <strchr+0x62>
100054b0:	2b00      	cmp	r3, #0
100054b2:	d008      	beq.n	100054c6 <strchr+0x8e>
100054b4:	2203      	movs	r2, #3
100054b6:	e002      	b.n	100054be <strchr+0x86>
100054b8:	3001      	adds	r0, #1
100054ba:	4210      	tst	r0, r2
100054bc:	d003      	beq.n	100054c6 <strchr+0x8e>
100054be:	7803      	ldrb	r3, [r0, #0]
100054c0:	2b00      	cmp	r3, #0
100054c2:	d1f9      	bne.n	100054b8 <strchr+0x80>
100054c4:	e7e9      	b.n	1000549a <strchr+0x62>
100054c6:	6802      	ldr	r2, [r0, #0]
100054c8:	4b0a      	ldr	r3, [pc, #40]	@ (100054f4 <strchr+0xbc>)
100054ca:	490b      	ldr	r1, [pc, #44]	@ (100054f8 <strchr+0xc0>)
100054cc:	18d3      	adds	r3, r2, r3
100054ce:	4393      	bics	r3, r2
100054d0:	420b      	tst	r3, r1
100054d2:	d106      	bne.n	100054e2 <strchr+0xaa>
100054d4:	6842      	ldr	r2, [r0, #4]
100054d6:	4b07      	ldr	r3, [pc, #28]	@ (100054f4 <strchr+0xbc>)
100054d8:	3004      	adds	r0, #4
100054da:	18d3      	adds	r3, r2, r3
100054dc:	4393      	bics	r3, r2
100054de:	420b      	tst	r3, r1
100054e0:	d0f8      	beq.n	100054d4 <strchr+0x9c>
100054e2:	7803      	ldrb	r3, [r0, #0]
100054e4:	2b00      	cmp	r3, #0
100054e6:	d0d8      	beq.n	1000549a <strchr+0x62>
100054e8:	7843      	ldrb	r3, [r0, #1]
100054ea:	3001      	adds	r0, #1
100054ec:	2b00      	cmp	r3, #0
100054ee:	d1fb      	bne.n	100054e8 <strchr+0xb0>
100054f0:	e7d3      	b.n	1000549a <strchr+0x62>
100054f2:	46c0      	nop			@ (mov r8, r8)
100054f4:	fefefeff 	.word	0xfefefeff
100054f8:	80808080 	.word	0x80808080

100054fc <strnlen>:
100054fc:	b510      	push	{r4, lr}
100054fe:	0003      	movs	r3, r0
10005500:	1844      	adds	r4, r0, r1
10005502:	2900      	cmp	r1, #0
10005504:	d103      	bne.n	1000550e <strnlen+0x12>
10005506:	e009      	b.n	1000551c <strnlen+0x20>
10005508:	3301      	adds	r3, #1
1000550a:	429c      	cmp	r4, r3
1000550c:	d004      	beq.n	10005518 <strnlen+0x1c>
1000550e:	781a      	ldrb	r2, [r3, #0]
10005510:	2a00      	cmp	r2, #0
10005512:	d1f9      	bne.n	10005508 <strnlen+0xc>
10005514:	1a18      	subs	r0, r3, r0
10005516:	bd10      	pop	{r4, pc}
10005518:	1a20      	subs	r0, r4, r0
1000551a:	e7fc      	b.n	10005516 <strnlen+0x1a>
1000551c:	2000      	movs	r0, #0
1000551e:	e7fa      	b.n	10005516 <strnlen+0x1a>

10005520 <_fini>:
10005520:	b5f8      	push	{r3, r4, r5, r6, r7, lr}
10005522:	46c0      	nop			@ (mov r8, r8)
10005524:	0000      	movs	r0, r0
	...

10005528 <__mutex_exit_veneer>:
10005528:	b401      	push	{r0}
1000552a:	4802      	ldr	r0, [pc, #8]	@ (10005534 <__mutex_exit_veneer+0xc>)
1000552c:	4684      	mov	ip, r0
1000552e:	bc01      	pop	{r0}
10005530:	4760      	bx	ip
10005532:	bf00      	nop
10005534:	200001cd 	.word	0x200001cd

10005538 <____aeabi_ldiv0_veneer>:
10005538:	b401      	push	{r0}
1000553a:	4802      	ldr	r0, [pc, #8]	@ (10005544 <____aeabi_ldiv0_veneer+0xc>)
1000553c:	4684      	mov	ip, r0
1000553e:	bc01      	pop	{r0}
10005540:	4760      	bx	ip
10005542:	bf00      	nop
10005544:	20000219 	.word	0x20000219

10005548 <____aeabi_idiv0_veneer>:
10005548:	b401      	push	{r0}
1000554a:	4802      	ldr	r0, [pc, #8]	@ (10005554 <____aeabi_idiv0_veneer+0xc>)
1000554c:	4684      	mov	ip, r0
1000554e:	bc01      	pop	{r0}
10005550:	4760      	bx	ip
10005552:	bf00      	nop
10005554:	20000219 	.word	0x20000219

10005558 <__mutex_try_enter_block_until_veneer>:
10005558:	b401      	push	{r0}
1000555a:	4802      	ldr	r0, [pc, #8]	@ (10005564 <__mutex_try_enter_block_until_veneer+0xc>)
1000555c:	4684      	mov	ip, r0
1000555e:	bc01      	pop	{r0}
10005560:	4760      	bx	ip
10005562:	bf00      	nop
10005564:	20000199 	.word	0x20000199

10005568 <__pre_init_runtime_init_early_resets>:
10005568:	100023d1                                .#..

1000556c <__pre_init_runtime_init_usb_power_down>:
1000556c:	100023fd 10002591 10002e1d 10002c19     .#...%.......,..
1000557c:	10002d5d                                ]-..

10005580 <__pre_init_runtime_init_clocks>:
10005580:	100024c5                                .$..

10005584 <__pre_init_runtime_init_post_clock_resets>:
10005584:	10002419                                .$..

10005588 <__pre_init_runtime_init_rp2040_gpio_ie_disable>:
10005588:	10002439                                9$..

1000558c <__pre_init_runtime_init_spin_locks_reset>:
1000558c:	1000244d                                M$..

10005590 <__pre_init_runtime_init_mutex>:
10005590:	100014e1                                ....

10005594 <__pre_init_runtime_init_install_ram_vector_table>:
10005594:	10002455                                U$..

10005598 <__pre_init_runtime_init_default_alarm_pool>:
10005598:	10001d05                                ....

1000559c <__pre_init_first_per_core_initializer>:
1000559c:	100023bd                                .#..

100055a0 <__pre_init_runtime_init_per_core_irq_priorities>:
100055a0:	10000e61                                a...

100055a4 <__frame_dummy_init_array_entry>:
100055a4:	100002b1                                ....

Disassembly of section .data:

200000c0 <mutex_try_enter>:
200000c0:	b510      	push	{r4, lr}
200000c2:	0003      	movs	r3, r0
200000c4:	6804      	ldr	r4, [r0, #0]
200000c6:	f3ef 8210 	mrs	r2, PRIMASK
200000ca:	b672      	cpsid	i
200000cc:	6820      	ldr	r0, [r4, #0]
200000ce:	2800      	cmp	r0, #0
200000d0:	d0fc      	beq.n	200000cc <mutex_try_enter+0xc>
200000d2:	f3bf 8f5f 	dmb	sy
200000d6:	2004      	movs	r0, #4
200000d8:	5618      	ldrsb	r0, [r3, r0]
200000da:	2800      	cmp	r0, #0
200000dc:	db0b      	blt.n	200000f6 <mutex_try_enter+0x36>
200000de:	2900      	cmp	r1, #0
200000e0:	d010      	beq.n	20000104 <mutex_try_enter+0x44>
200000e2:	6008      	str	r0, [r1, #0]
200000e4:	2000      	movs	r0, #0
200000e6:	681b      	ldr	r3, [r3, #0]
200000e8:	f3bf 8f5f 	dmb	sy
200000ec:	2100      	movs	r1, #0
200000ee:	6019      	str	r1, [r3, #0]
200000f0:	f382 8810 	msr	PRIMASK, r2
200000f4:	bd10      	pop	{r4, pc}
200000f6:	21d0      	movs	r1, #208	@ 0xd0
200000f8:	0609      	lsls	r1, r1, #24
200000fa:	7809      	ldrb	r1, [r1, #0]
200000fc:	b249      	sxtb	r1, r1
200000fe:	7119      	strb	r1, [r3, #4]
20000100:	2001      	movs	r0, #1
20000102:	e7f0      	b.n	200000e6 <mutex_try_enter+0x26>
20000104:	2000      	movs	r0, #0
20000106:	e7ee      	b.n	200000e6 <mutex_try_enter+0x26>

20000108 <mutex_enter_block_until>:
20000108:	b5f0      	push	{r4, r5, r6, r7, lr}
2000010a:	46d6      	mov	lr, sl
2000010c:	464f      	mov	r7, r9
2000010e:	4646      	mov	r6, r8
20000110:	b5c0      	push	{r6, r7, lr}
20000112:	0005      	movs	r5, r0
20000114:	4690      	mov	r8, r2
20000116:	4699      	mov	r9, r3
20000118:	6803      	ldr	r3, [r0, #0]
2000011a:	2b00      	cmp	r3, #0
2000011c:	d020      	beq.n	20000160 <mutex_enter_block_until+0x58>
2000011e:	23d0      	movs	r3, #208	@ 0xd0
20000120:	061b      	lsls	r3, r3, #24
20000122:	781b      	ldrb	r3, [r3, #0]
20000124:	b25b      	sxtb	r3, r3
20000126:	469a      	mov	sl, r3
20000128:	682f      	ldr	r7, [r5, #0]
2000012a:	f3ef 8410 	mrs	r4, PRIMASK
2000012e:	b672      	cpsid	i
20000130:	683e      	ldr	r6, [r7, #0]
20000132:	2e00      	cmp	r6, #0
20000134:	d0fc      	beq.n	20000130 <mutex_enter_block_until+0x28>
20000136:	f3bf 8f5f 	dmb	sy
2000013a:	2304      	movs	r3, #4
2000013c:	56eb      	ldrsb	r3, [r5, r3]
2000013e:	2b00      	cmp	r3, #0
20000140:	db14      	blt.n	2000016c <mutex_enter_block_until+0x64>
20000142:	682b      	ldr	r3, [r5, #0]
20000144:	f3bf 8f5f 	dmb	sy
20000148:	2200      	movs	r2, #0
2000014a:	601a      	str	r2, [r3, #0]
2000014c:	f384 8810 	msr	PRIMASK, r4
20000150:	4640      	mov	r0, r8
20000152:	4649      	mov	r1, r9
20000154:	f000 f86c 	bl	20000230 <__best_effort_wfe_or_timeout_veneer>
20000158:	2800      	cmp	r0, #0
2000015a:	d0e5      	beq.n	20000128 <mutex_enter_block_until+0x20>
2000015c:	2000      	movs	r0, #0
2000015e:	e00f      	b.n	20000180 <mutex_enter_block_until+0x78>
20000160:	4b0a      	ldr	r3, [pc, #40]	@ (2000018c <mutex_enter_block_until+0x84>)
20000162:	4a0b      	ldr	r2, [pc, #44]	@ (20000190 <mutex_enter_block_until+0x88>)
20000164:	480b      	ldr	r0, [pc, #44]	@ (20000194 <mutex_enter_block_until+0x8c>)
20000166:	21a6      	movs	r1, #166	@ 0xa6
20000168:	f000 f85a 	bl	20000220 <____assert_func_veneer>
2000016c:	4653      	mov	r3, sl
2000016e:	712b      	strb	r3, [r5, #4]
20000170:	682b      	ldr	r3, [r5, #0]
20000172:	f3bf 8f5f 	dmb	sy
20000176:	2200      	movs	r2, #0
20000178:	601a      	str	r2, [r3, #0]
2000017a:	f384 8810 	msr	PRIMASK, r4
2000017e:	2001      	movs	r0, #1
20000180:	bce0      	pop	{r5, r6, r7}
20000182:	46ba      	mov	sl, r7
20000184:	46b1      	mov	r9, r6
20000186:	46a8      	mov	r8, r5
20000188:	bdf0      	pop	{r4, r5, r6, r7, pc}
2000018a:	46c0      	nop			@ (mov r8, r8)
2000018c:	100059b4 	.word	0x100059b4
20000190:	10005f88 	.word	0x10005f88
20000194:	1000597c 	.word	0x1000597c

20000198 <mutex_try_enter_block_until>:
20000198:	b570      	push	{r4, r5, r6, lr}
2000019a:	b082      	sub	sp, #8
2000019c:	0006      	movs	r6, r0
2000019e:	0015      	movs	r5, r2
200001a0:	001c      	movs	r4, r3
200001a2:	a901      	add	r1, sp, #4
200001a4:	f7ff ff8c 	bl	200000c0 <mutex_try_enter>
200001a8:	2800      	cmp	r0, #0
200001aa:	d107      	bne.n	200001bc <mutex_try_enter_block_until+0x24>
200001ac:	9b01      	ldr	r3, [sp, #4]
200001ae:	b25b      	sxtb	r3, r3
200001b0:	22d0      	movs	r2, #208	@ 0xd0
200001b2:	0612      	lsls	r2, r2, #24
200001b4:	7812      	ldrb	r2, [r2, #0]
200001b6:	b252      	sxtb	r2, r2
200001b8:	4293      	cmp	r3, r2
200001ba:	d101      	bne.n	200001c0 <mutex_try_enter_block_until+0x28>
200001bc:	b002      	add	sp, #8
200001be:	bd70      	pop	{r4, r5, r6, pc}
200001c0:	002a      	movs	r2, r5
200001c2:	0023      	movs	r3, r4
200001c4:	0030      	movs	r0, r6
200001c6:	f7ff ff9f 	bl	20000108 <mutex_enter_block_until>
200001ca:	e7f7      	b.n	200001bc <mutex_try_enter_block_until+0x24>

200001cc <mutex_exit>:
200001cc:	b510      	push	{r4, lr}
200001ce:	6801      	ldr	r1, [r0, #0]
200001d0:	f3ef 8310 	mrs	r3, PRIMASK
200001d4:	b672      	cpsid	i
200001d6:	680a      	ldr	r2, [r1, #0]
200001d8:	2a00      	cmp	r2, #0
200001da:	d0fc      	beq.n	200001d6 <mutex_exit+0xa>
200001dc:	f3bf 8f5f 	dmb	sy
200001e0:	2204      	movs	r2, #4
200001e2:	5682      	ldrsb	r2, [r0, r2]
200001e4:	2a00      	cmp	r2, #0
200001e6:	db0a      	blt.n	200001fe <mutex_exit+0x32>
200001e8:	22ff      	movs	r2, #255	@ 0xff
200001ea:	7102      	strb	r2, [r0, #4]
200001ec:	6802      	ldr	r2, [r0, #0]
200001ee:	f3bf 8f5f 	dmb	sy
200001f2:	2100      	movs	r1, #0
200001f4:	6011      	str	r1, [r2, #0]
200001f6:	f383 8810 	msr	PRIMASK, r3
200001fa:	bf40      	sev
200001fc:	bd10      	pop	{r4, pc}
200001fe:	4b03      	ldr	r3, [pc, #12]	@ (2000020c <mutex_exit+0x40>)
20000200:	4a03      	ldr	r2, [pc, #12]	@ (20000210 <mutex_exit+0x44>)
20000202:	4804      	ldr	r0, [pc, #16]	@ (20000214 <mutex_exit+0x48>)
20000204:	21d5      	movs	r1, #213	@ 0xd5
20000206:	f000 f80b 	bl	20000220 <____assert_func_veneer>
2000020a:	46c0      	nop			@ (mov r8, r8)
2000020c:	100059c8 	.word	0x100059c8
20000210:	10005f7c 	.word	0x10005f7c
20000214:	1000597c 	.word	0x1000597c

20000218 <__aeabi_idiv0>:
20000218:	4770      	bx	lr
2000021a:	46c0      	nop			@ (mov r8, r8)
2000021c:	0000      	movs	r0, r0
	...

20000220 <____assert_func_veneer>:
20000220:	b401      	push	{r0}
20000222:	4802      	ldr	r0, [pc, #8]	@ (2000022c <____assert_func_veneer+0xc>)
20000224:	4684      	mov	ip, r0
20000226:	bc01      	pop	{r0}
20000228:	4760      	bx	ip
2000022a:	bf00      	nop
2000022c:	10004075 	.word	0x10004075

20000230 <__best_effort_wfe_or_timeout_veneer>:
20000230:	b401      	push	{r0}
20000232:	4802      	ldr	r0, [pc, #8]	@ (2000023c <__best_effort_wfe_or_timeout_veneer+0xc>)
20000234:	4684      	mov	ip, r0
20000236:	bc01      	pop	{r0}
20000238:	4760      	bx	ip
2000023a:	bf00      	nop
2000023c:	10001bd1 	.word	0x10001bd1

20000240 <striped_spin_lock_num>:
20000240:	00000010                                ....

20000244 <irq_handler_chain_slots>:
20000244:	00000000 	.word	0x00000000
20000248:	00010000 	.word	0x00010000
	...
20000254:	00020000 	.word	0x00020000
	...
20000260:	00030000 	.word	0x00030000
	...
2000026c:	00ff0000 	.word	0x00ff0000
20000270:	00000000 	.word	0x00000000

20000274 <irq_handler_chain_first_slot>:
20000274:	b501      	push	{r0, lr}
20000276:	6848      	ldr	r0, [r1, #4]
20000278:	3101      	adds	r1, #1
2000027a:	468e      	mov	lr, r1
2000027c:	4700      	bx	r0

2000027e <irq_handler_chain_remove_tail>:
2000027e:	4670      	mov	r0, lr
20000280:	3809      	subs	r0, #9
20000282:	4901      	ldr	r1, [pc, #4]	@ (20000288 <irq_handler_chain_remove_tail+0xa>)
20000284:	4788      	blx	r1
20000286:	bd01      	pop	{r0, pc}
20000288:	100013a5 	.word	0x100013a5

2000028c <default_alarm_pool>:
	...
200002a0:	20000848 00000000 00000000 00000000     H.. ............

200002b0 <aeabi_bits_funcs>:
200002b0:	00003350 	.word	0x00003350
200002b4:	0000334c 	.word	0x0000334c
200002b8:	00003354 	.word	0x00003354
200002bc:	00003352 	.word	0x00003352

200002c0 <aeabi_bits_funcs_end>:
200002c0:	0000534d 	.word	0x0000534d
200002c4:	0000434d 	.word	0x0000434d
200002c8:	00003453 	.word	0x00003453
200002cc:	00003443 	.word	0x00003443

200002d0 <stdio_uart>:
200002d0:	100043ed 10004491 1000440d 100044a1     .C...D...D...D..
200002e0:	00000000 00000100                       ........

200002e8 <__malloc_sbrk_base>:
200002e8:	ffffffff                                ....

200002ec <__malloc_trim_threshold>:
200002ec:	00020000                                ....

200002f0 <__malloc_av_>:
	...
200002f8:	200002f0 200002f0 200002f8 200002f8     ... ... ... ... 
20000308:	20000300 20000300 20000308 20000308     ... ... ... ... 
20000318:	20000310 20000310 20000318 20000318     ... ... ... ... 
20000328:	20000320 20000320 20000328 20000328      ..  .. (.. (.. 
20000338:	20000330 20000330 20000338 20000338     0.. 0.. 8.. 8.. 
20000348:	20000340 20000340 20000348 20000348     @.. @.. H.. H.. 
20000358:	20000350 20000350 20000358 20000358     P.. P.. X.. X.. 
20000368:	20000360 20000360 20000368 20000368     `.. `.. h.. h.. 
20000378:	20000370 20000370 20000378 20000378     p.. p.. x.. x.. 
20000388:	20000380 20000380 20000388 20000388     ... ... ... ... 
20000398:	20000390 20000390 20000398 20000398     ... ... ... ... 
200003a8:	200003a0 200003a0 200003a8 200003a8     ... ... ... ... 
200003b8:	200003b0 200003b0 200003b8 200003b8     ... ... ... ... 
200003c8:	200003c0 200003c0 200003c8 200003c8     ... ... ... ... 
200003d8:	200003d0 200003d0 200003d8 200003d8     ... ... ... ... 
200003e8:	200003e0 200003e0 200003e8 200003e8     ... ... ... ... 
200003f8:	200003f0 200003f0 200003f8 200003f8     ... ... ... ... 
20000408:	20000400 20000400 20000408 20000408     ... ... ... ... 
20000418:	20000410 20000410 20000418 20000418     ... ... ... ... 
20000428:	20000420 20000420 20000428 20000428      ..  .. (.. (.. 
20000438:	20000430 20000430 20000438 20000438     0.. 0.. 8.. 8.. 
20000448:	20000440 20000440 20000448 20000448     @.. @.. H.. H.. 
20000458:	20000450 20000450 20000458 20000458     P.. P.. X.. X.. 
20000468:	20000460 20000460 20000468 20000468     `.. `.. h.. h.. 
20000478:	20000470 20000470 20000478 20000478     p.. p.. x.. x.. 
20000488:	20000480 20000480 20000488 20000488     ... ... ... ... 
20000498:	20000490 20000490 20000498 20000498     ... ... ... ... 
200004a8:	200004a0 200004a0 200004a8 200004a8     ... ... ... ... 
200004b8:	200004b0 200004b0 200004b8 200004b8     ... ... ... ... 
200004c8:	200004c0 200004c0 200004c8 200004c8     ... ... ... ... 
200004d8:	200004d0 200004d0 200004d8 200004d8     ... ... ... ... 
200004e8:	200004e0 200004e0 200004e8 200004e8     ... ... ... ... 
200004f8:	200004f0 200004f0 200004f8 200004f8     ... ... ... ... 
20000508:	20000500 20000500 20000508 20000508     ... ... ... ... 
20000518:	20000510 20000510 20000518 20000518     ... ... ... ... 
20000528:	20000520 20000520 20000528 20000528      ..  .. (.. (.. 
20000538:	20000530 20000530 20000538 20000538     0.. 0.. 8.. 8.. 
20000548:	20000540 20000540 20000548 20000548     @.. @.. H.. H.. 
20000558:	20000550 20000550 20000558 20000558     P.. P.. X.. X.. 
20000568:	20000560 20000560 20000568 20000568     `.. `.. h.. h.. 
20000578:	20000570 20000570 20000578 20000578     p.. p.. x.. x.. 
20000588:	20000580 20000580 20000588 20000588     ... ... ... ... 
20000598:	20000590 20000590 20000598 20000598     ... ... ... ... 
200005a8:	200005a0 200005a0 200005a8 200005a8     ... ... ... ... 
200005b8:	200005b0 200005b0 200005b8 200005b8     ... ... ... ... 
200005c8:	200005c0 200005c0 200005c8 200005c8     ... ... ... ... 
200005d8:	200005d0 200005d0 200005d8 200005d8     ... ... ... ... 
200005e8:	200005e0 200005e0 200005e8 200005e8     ... ... ... ... 
200005f8:	200005f0 200005f0 200005f8 200005f8     ... ... ... ... 
20000608:	20000600 20000600 20000608 20000608     ... ... ... ... 
20000618:	20000610 20000610 20000618 20000618     ... ... ... ... 
20000628:	20000620 20000620 20000628 20000628      ..  .. (.. (.. 
20000638:	20000630 20000630 20000638 20000638     0.. 0.. 8.. 8.. 
20000648:	20000640 20000640 20000648 20000648     @.. @.. H.. H.. 
20000658:	20000650 20000650 20000658 20000658     P.. P.. X.. X.. 
20000668:	20000660 20000660 20000668 20000668     `.. `.. h.. h.. 
20000678:	20000670 20000670 20000678 20000678     p.. p.. x.. x.. 
20000688:	20000680 20000680 20000688 20000688     ... ... ... ... 
20000698:	20000690 20000690 20000698 20000698     ... ... ... ... 
200006a8:	200006a0 200006a0 200006a8 200006a8     ... ... ... ... 
200006b8:	200006b0 200006b0 200006b8 200006b8     ... ... ... ... 
200006c8:	200006c0 200006c0 200006c8 200006c8     ... ... ... ... 
200006d8:	200006d0 200006d0 200006d8 200006d8     ... ... ... ... 
200006e8:	200006e0 200006e0 200006e8 200006e8     ... ... ... ... 

200006f8 <_impure_ptr>:
200006f8:	20000700 00000000                       ... ....

20000700 <_impure_data>:
20000700:	00000000 20000a00 20000a68 20000ad0     ....... h.. ... 
	...
20000798:	00000001 00000000 abcd330e e66d1234     .........3..4.m.
200007a8:	0005deec 0000000b 00000000 00000000     ................
	...

20000840 <print_mutex>:
	...
